InstanceName,glucose_2.0,glueminisat-2.2.5,lingeling-587f-4882048-110513,minisathackcir_minisat_2011.05.13_simp_,minisathackcontrasat_2011.03.02,minisathackEBMiniSAT_2011.03.02,minisathackLR_GL_SHR_2011.03.02,minisathackMiniSAT_2.2.0.agile.26,minisathackminisat_psm_2011.04.01,minisathackreferenceminisat_2.2.0,MPhaseSAT64,rcl_2011.04.01,RestartSAT_B95,SAT09referencesolverprecosat_236
11pipe_11_ooo.cnf,5000,3239.94,2113.66,5000,5000,5000,5000,5000,5000,5000,5000,5000,5000,2854.15
11pipe_k.cnf,5000,698.07,552.46,915.99,796.92,5000,304.38,5000,5000,5000,2163.19,5000,545.35,1630.40
12pipe_bug4_q0used-assat04-723.cnf,234.34,42.08,36.80,163.44,36.70,30.76,31.14,42.81,10.79,6.42,11.12,57.32,28.53,36.83
12pipe_bug6_q0used-assat04-725.cnf,58.99,37.55,14.04,1.67,31.11,34.68,29.07,32.11,13.22,1.37,12.57,14.11,1.42,27.84
1dlx_c_iq57_a.cnf,1117.59,616.25,988.82,975.67,627.86,1020.16,710.06,1349.61,5000,2210.58,1399.69,5000,3134.19,2078.04
1dlx_c_iq60_a.cnf,1656.12,914.39,1470.95,1385.63,796.42,1462.88,936.47,1257.00,5000,2926.66,1954.60,5000,3992.16,2753.46
2dlx_ca_bp_f_liveness.cnf,5000,5000,5000,5000,5000,5000,5000,5000,5000,5000,5000,5000,5000,5000
6pipe_6_oooshuffled-assat03-413.cnf,79.46,18.19,30.58,21.43,18.62,55.77,17.46,43.44,52.82,59.60,84.50,273.78,22.39,36.00
9dlx_vliw_at_b_iq6used-assat04-347.cnf,1193.12,977.87,668.04,2783.47,2911.98,5000,350.54,5000,5000,5000,5000,5000,5000,5000
9dlx_vliw_at_b_iq7.cnf,1868.48,1097.09,1042.70,2281.37,2600.01,5000,474.25,5000,5000,5000,5000,5000,5000,5000
9dlx_vliw_at_b_iq8used-assat04-718.cnf,1764.09,1911.36,1719.82,5000,5000,5000,1050.92,5000,5000,5000,2587.05,5000,5000,5000
9dlx_vliw_at_b_iq9used-assat04-719.cnf,2891.69,2350.40,2491.30,5000,5000,5000,1274.08,5000,5000,5000,2958.64,5000,5000,5000
9vliw_m_9stages_iq3_C1_bug5.cnf,5.30,42.90,44.77,46.84,52.10,44.13,234.44,46.66,10.60,20.43,114.32,21.79,42.36,209.70
9vliw_m_9stages_iq3_C1_bug6.cnf,5.69,52.31,73.21,6.89,77.56,50.51,159.83,41.15,13.76,16.12,151.48,23.55,85.03,122.52
aaai10-planning-ipc5-pathways-13-step17.cnf,773.16,670.83,271.47,2187.01,1062.89,2342.38,3202.20,1892.45,1506.25,2296.43,977.48,1205.47,974.80,177.49
aaai10-planning-ipc5-pathways-17-step20.cnf,297.51,402.32,170.77,820.82,1504.08,503.82,1848.51,750.77,352.38,693.17,151.18,881.28,714.62,132.06
aaai10-planning-ipc5-pathways-17-step21.cnf,201.13,2329.05,574.00,5000,1821.02,5000,2558.60,3282.91,1497.03,679.75,57.46,5000,5000,106.63
aaai10-planning-ipc5-pipesworld-12-step15.cnf,128.48,163.46,163.12,475.95,408.73,317.40,302.79,511.70,355.16,365.00,51.17,312.77,215.26,70.38
aaai10-planning-ipc5-pipesworld-12-step16.cnf,4.52,52.32,48.08,127.37,32.98,47.07,22.48,5.67,126.62,383.77,19.56,102.34,15.59,42.68
aaai10-planning-ipc5-pipesworld-18-step15.cnf,4.69,7.84,20.71,13.52,15.16,11.00,10.84,12.78,10.96,12.43,15.10,24.10,9.72,38.21
aaai10-planning-ipc5-pipesworld-18-step16.cnf,43.08,36.89,59.92,663.43,164.85,40.42,69.99,71.64,326.65,514.60,79.77,614.14,66.25,85.27
aaai10-planning-ipc5-pipesworld-27-step13.cnf,26.74,37.81,69.18,102.37,120.26,53.87,48.31,83.10,82.58,95.22,42.63,55.72,50.21,109.59
aaai10-planning-ipc5-pipesworld-27-step14.cnf,9.08,23.11,144.51,116.07,22.00,61.50,29.96,97.28,18.98,29.42,52.36,106.44,57.98,144.01
aaai10-planning-ipc5-rovers-18-step11.cnf,4.30,4.93,5000,6.65,3.00,6.02,4.12,6.77,7.57,7.83,5000,6.06,12.40,235.07
aaai10-planning-ipc5-rovers-18-step12.cnf,0.21,0.33,25.43,0.31,0.37,0.33,0.30,0.37,0.69,0.21,3.91,0.81,0.27,1.81
aaai10-planning-ipc5-TPP-21-step11.cnf,870.13,1259.17,950.90,5000,5000,5000,5000,5000,2036.91,5000,302.23,2177.79,5000,248.39
aaai10-planning-ipc5-TPP-30-step11.cnf,11.64,34.60,146.01,40.71,35.29,21.83,117.62,20.35,59.69,46.06,25.17,20.22,50.22,101.18
abb313GPIA-9-cused-assat04-317.cnf,5000,5000,1279.30,5000,5000,5000,5000,5000,5000,5000,5000,5000,5000,14.94
abb313GPIA-9-trused-assat04-321.cnf,0.25,2.10,3.06,0.16,1.23,1.13,1.31,1.14,1.33,0.06,9.70,112.62,0.30,1.16
ACG-10-10p0.cnf,48.67,47.72,34.73,92.62,57.08,60.44,45.88,41.35,56.33,74.39,58.95,43.12,70.20,64.39
ACG-15-5p1.cnf,153.58,75.74,55.78,79.33,134.73,57.34,102.89,94.86,81.77,128.39,60.35,107.20,140.92,70.02
aes_128_1_keyfind_1.cnf,5000,5000,5000,5000,5000,5000,5000,5000,5000,5000,5000,5000,5000,5000
aes_128_10_keyfind_1.cnf,5000,5000,5000,5000,5000,5000,5000,5000,5000,5000,5000,5000,5000,5000
aes_128_2_keyfind_1.cnf,5000,5000,5000,5000,5000,5000,5000,5000,5000,5000,5000,5000,5000,5000
aes_128_3_keyfind_1.cnf,5000,5000,5000,5000,5000,5000,5000,5000,5000,5000,5000,5000,5000,5000
aes_32_1_keyfind_1.cnf,0.04,0.01,0.06,0.01,0.01,0.01,0.00,0.01,0.01,0.00,0.04,0.02,0.00,0.03
aes_32_2_keyfind_1.cnf,47.17,9.26,0.44,0.78,5.94,0.12,5.59,1.00,11.24,1.23,584.46,9.96,1.15,1.00
aes_32_3_keyfind_1.cnf,5000,3066.61,1412.21,911.23,1119.94,885.83,4335.42,175.70,5000,597.50,5000,5000,1389.12,2476.61
aes_32_4_keyfind_1.cnf,5000,5000,5000,5000,5000,5000,5000,5000,5000,5000,5000,5000,5000,5000
aes_32_5_keyfind_1.cnf,5000,5000,5000,5000,5000,5000,5000,5000,5000,5000,5000,5000,5000,5000
aes_64_1_keyfind_1.cnf,2561.75,5000,5000,220.76,1247.46,5000,5000,430.03,5000,1224.83,210.35,5000,5000,271.30
aes_64_2_keyfind_1.cnf,5000,5000,5000,5000,5000,5000,5000,5000,5000,5000,5000,5000,5000,5000
aes_64_3_keyfind_1.cnf,5000,5000,5000,5000,5000,5000,5000,5000,5000,5000,5000,5000,5000,5000
aes_64_4_keyfind_1.cnf,5000,5000,5000,5000,5000,5000,5000,5000,5000,5000,5000,5000,5000,5000
allused-assat04-986.cnf,58.35,13.79,11.19,70.40,32.54,40.09,55.02,26.20,20.19,75.24,25.14,37.14,52.59,31.07
am_7_7shuffled-assat03-363.cnf,5000,5000,5000,5000,5000,5000,5000,5000,5000,5000,5000,5000,5000,5000
AProVE07-01.cnf,5000,4862.06,5000,5000,5000,5000,5000,5000,4733.95,5000,1917.45,5000,5000,5000
AProVE07-03.cnf,674.25,120.85,478.88,2162.89,1223.35,5000,1348.47,807.96,648.74,2696.98,660.91,1018.20,2356.40,1961.98
AProVE07-21.cnf,84.30,29.30,137.23,305.61,243.46,331.54,87.08,204.53,36.91,337.83,167.87,84.92,349.43,315.25
AProVE11-02.cnf,1.29,1.93,14.97,1.15,1.84,1.58,2.12,2.13,2.67,1.07,11.29,3.40,2.36,5.10
AProVE11-06.cnf,5000,2956.68,3330.44,5000,3152.61,1993.14,3168.09,1699.61,4580.66,3651.49,3936.99,4115.89,2779.45,2843.61
AProVE11-07.cnf,6.32,4.75,28.77,3.82,3.72,5.99,4.20,5.30,5.24,1.65,13.55,5.60,4.93,15.45
AProVE11-09.cnf,0.10,0.49,5.76,0.20,0.45,0.53,0.45,0.44,0.84,0.22,4.59,0.87,0.49,1.25
AProVE11-10.cnf,73.15,4.85,20.97,1.49,11.93,3.81,3.08,9.54,33.13,3.98,28.93,4.57,14.22,6.09
AProVE11-11.cnf,20.23,11.92,32.00,24.80,14.46,12.14,15.56,12.39,17.81,21.43,35.16,13.14,21.97,30.35
AProVE11-12.cnf,0.20,0.33,3.07,0.19,0.32,0.31,0.32,0.33,0.49,0.26,2.42,0.53,0.31,0.94
AProVE11-13.cnf,9.78,4.11,30.50,2.92,5.33,3.94,4.08,4.22,5.68,4.04,15.36,6.93,1.59,19.03
AProVE11-15.cnf,1.78,14.81,14.15,11.22,9.25,5.51,9.35,4.24,2.31,2.18,5.03,2.04,6.58,4.63
AProVE11-16.cnf,0.97,0.86,7.87,0.98,0.79,0.75,0.67,0.68,1.13,1.09,6.48,1.21,1.05,1.90
bart17shuffled.cnf,0.00,0.00,0.00,0.00,0.00,0.00,0.00,0.00,0.00,0.00,0.01,0.01,0.00,0.00
bc57-sensors-1-k303-unsatshuffled-assat03-406.cnf,5000,1224.62,846.12,5000,1601.15,1168.51,1423.91,1052.18,1486.60,4560.28,1275.17,1145.53,3824.81,1367.65
blocks-4-ipc5-h21-unknown.cnf,65.56,12.64,26.64,63.62,17.95,11.95,15.96,13.66,9.50,88.89,13.36,10.69,53.75,36.32
blocks-blocks-36-0120-NOTKNOWN.cnf,1047.10,1139.86,1202.21,2409.77,2616.06,2812.82,2240.47,2474.89,1672.10,2077.58,763.78,1909.79,1621.45,569.80
blocks-blocks-36-0160-NOTKNOWN.cnf,71.03,31.14,37.52,22.48,38.56,40.25,46.29,26.02,14.27,24.26,71.69,103.82,43.65,208.12
blocks-blocks-36-0170-NOTKNOWN.cnf,62.78,78.00,46.39,32.97,22.20,24.09,33.80,127.18,105.56,179.23,74.16,41.37,31.41,238.72
blocks-blocks-36-0180-SAT.cnf,23.29,29.96,51.82,74.89,156.39,61.30,20.41,42.91,185.37,11.26,162.13,51.49,40.00,233.19
blocks-blocks-37-1120-NOTKNOWN.cnf,51.76,56.11,59.50,92.67,119.86,87.84,67.67,76.87,79.02,66.61,157.46,73.70,62.62,171.69
blocks-blocks-37-1130-NOTKNOWN.cnf,714.49,700.19,533.91,1064.31,1568.78,993.06,1075.38,1559.15,1334.42,1354.30,669.35,728.32,749.57,378.25
blocks-blocks-37-1150-SAT.cnf,20.21,17.17,53.31,17.70,20.19,19.96,14.78,16.90,53.12,11.98,109.23,70.99,37.27,161.90
c10idw_i.cnf,100.00,27.56,40.92,255.91,47.00,35.17,32.37,47.95,25.42,166.62,45.10,35.73,144.07,70.25
c6288mulmitershuffled-assat03-346.cnf,3014.10,297.57,5000,5000,5000,5000,2575.97,5000,5000,5000,5000,5000,5000,5000
clauses-8renamed-assat05-1964.cnf,631.11,4043.94,513.46,1132.48,284.59,60.55,5000,240.76,1073.32,2095.43,116.76,1101.67,3378.49,1452.68
comb1shuffled.cnf,5000,93.80,5000,2968.69,406.70,358.18,79.53,5000,2762.84,5000,5000,5000,3565.53,5000
countbitsarray04_32.cnf,5000,5000,5000,5000,5000,5000,5000,5000,5000,5000,5000,5000,5000,5000
countbitsrotate032.cnf,5000,5000,5000,5000,5000,5000,5000,5000,5000,5000,5000,5000,5000,5000
countbitssrl064.cnf,5000,5000,5000,5000,5000,5000,5000,5000,5000,5000,5000,5000,5000,5000
countbitswegner128.cnf,5000,3928.29,5000,5000,5000,5000,5000,5000,5000,5000,5000,5000,5000,5000
cube-11-h14-sat.cnf,1794.90,387.39,5000,889.36,1734.43,1051.41,1114.91,1470.73,925.81,2401.69,5000,1389.79,749.21,5000
dated-10-17-u.cnf,3441.02,3410.36,2595.64,5000,5000,5000,5000,5000,3786.66,5000,5000,5000,5000,3359.20
dated-5-11-u.cnf,40.54,30.69,13.75,40.49,71.23,58.96,66.82,42.86,35.98,40.29,23.65,30.66,47.10,25.55
dated-5-13-u.cnf,4416.71,5000,5000,5000,5000,5000,5000,5000,4647.16,5000,5000,5000,5000,5000
dekkerused-assat04-989.cnf,5.27,3.37,3.16,17.55,8.97,10.67,15.26,24.52,8.49,17.88,27.95,7.97,15.01,12.14
dme-03-1-k247-unsatshuffled-assat03-407.cnf,5000,5000,5000,5000,5000,5000,5000,5000,5000,5000,5000,5000,5000,5000
dp04s04shuffled.cnf,0.00,0.00,0.12,0.00,0.00,0.00,0.00,0.00,0.01,0.00,0.04,0.01,0.00,0.04
dp04u03shuffled.cnf,0.00,0.00,0.04,0.00,0.00,0.00,0.00,0.00,0.01,0.00,0.02,0.01,0.00,0.01
dp10s10shuffled.cnf,0.31,0.10,0.64,0.11,0.05,0.08,0.14,0.07,0.09,0.09,0.41,0.14,0.24,0.17
driverlog1_ks99irenamed-assat05-3951.cnf,0.00,0.00,0.00,0.00,0.00,0.00,0.00,0.00,0.00,0.00,0.00,0.01,0.00,0.00
driverlog3_v01arenamed-assat05-3963.cnf,0.00,0.00,0.00,0.00,0.00,0.00,0.00,0.00,0.00,0.00,0.00,0.00,0.00,0.00
dspam_dump_vc949.cnf,32.20,0.31,1.75,206.45,0.32,0.33,0.35,0.33,0.73,333.78,3.96,0.75,147.26,0.82
E00N23.cnf,4346.48,3362.76,5000,5000,5000,5000,5000,5000,5000,5000,5000,5000,5000,5000
E00X23.cnf,2721.68,5000,4932.65,5000,5000,5000,5000,5000,5000,5000,5000,5000,5000,5000
E02F17.cnf,21.98,16.85,35.99,44.06,66.93,84.54,27.16,62.11,26.30,41.56,55.42,59.86,34.94,42.12
E02F20.cnf,111.38,255.71,46.46,251.70,233.09,410.14,604.27,102.69,128.83,316.83,71.83,57.42,653.34,482.36
E02F22.cnf,212.57,671.99,511.90,281.41,543.31,376.12,3238.61,366.49,33.81,227.04,499.25,243.96,616.52,438.18
E03N17.cnf,0.69,1.13,2.34,1.39,1.47,1.05,1.17,0.89,0.93,0.86,1.98,1.88,0.65,2.75
E04F19.cnf,9.70,157.04,91.30,91.51,82.63,48.10,1971.57,81.83,35.54,21.20,312.43,19.05,117.24,38.11
E04F20.cnf,9.57,190.00,55.70,85.11,56.43,132.77,310.36,71.20,32.85,107.53,125.35,15.42,172.34,48.60
E04N18.cnf,0.08,0.78,2.05,0.09,0.81,0.73,0.79,0.74,0.41,0.06,2.42,0.51,0.08,3.39
E05F18.cnf,2.53,29.57,34.17,16.40,6.69,16.79,57.99,18.56,5.87,9.82,19.19,8.56,36.19,13.31
E05F20.cnf,1.11,84.91,125.95,44.48,47.26,61.05,478.65,75.80,11.94,33.35,101.34,25.20,56.29,147.10
E05X15.cnf,5.65,5.25,8.64,6.35,5.92,5.16,8.63,5.00,6.16,4.70,22.71,7.92,3.92,49.31
E07N15.cnf,0.00,0.00,0.01,0.00,0.00,0.00,0.00,0.00,0.02,0.00,0.02,0.02,0.00,0.01
E15N15.cnf,0.00,0.00,0.01,0.00,0.00,0.00,0.00,0.00,0.05,0.00,0.03,0.06,0.00,0.01
eqatreebraun11unsat.cnf,1514.98,1917.61,1333.49,3236.22,5000,5000,5000,1471.73,1724.54,5000,520.08,5000,4829.30,1659.87
eqatreebraun12unsat.cnf,5000,5000,5000,5000,5000,5000,5000,5000,5000,5000,2152.51,5000,5000,5000
ferry5_ks99irenamed-assat05-3994.cnf,0.01,0.01,0.08,0.00,0.01,0.01,0.01,0.01,0.02,0.00,0.07,0.02,0.01,0.03
grid-strips-grid-y-3035-NOTKNOWN.cnf,243.16,144.56,399.82,654.57,353.72,287.61,279.46,439.08,592.31,539.96,283.56,321.79,345.20,199.78
grid-strips-grid-y-4025-NOTKNOWN.cnf,18.97,10.73,19.06,19.31,17.87,12.67,13.69,15.85,13.77,13.02,27.80,15.35,6.72,20.72
gripper13ushuffled-assat03-395.cnf,5000,4896.06,1589.75,3878.82,4198.83,5000,5000,5000,5000,5000,5000,5000,5000,5000
gss-14-s100.cnf,16.70,15.39,14.84,28.96,3.41,14.38,16.68,12.71,11.70,29.74,13.54,14.94,5.47,31.50
gss-16-s100.cnf,174.31,37.61,43.01,22.16,11.71,82.04,49.32,6.33,36.03,126.39,347.75,39.15,160.37,31.26
gss-19-s100.cnf,1717.97,379.26,519.76,251.74,519.25,217.09,1656.46,297.98,401.28,500.75,41.97,267.78,1388.47,938.52
gss-21-s100.cnf,4065.89,3749.53,4387.63,2852.13,34.63,5000,5000,5000,1026.11,3655.38,35.10,5000,5000,165.90
gss-22-s100.cnf,5000,2941.88,1246.37,5000,5000,5000,4426.02,5000,5000,5000,47.62,195.48,5000,5000
gss-27-s100.cnf,5000,5000,5000,5000,5000,5000,5000,5000,5000,5000,5000,5000,5000,5000
gus-md5-11.cnf,5000,5000,5000,3088.35,1710.88,1772.35,5000,1364.18,1506.38,2583.83,5000,1780.76,3420.87,2142.06
gus-md5-12.cnf,5000,5000,5000,5000,5000,5000,5000,5000,5000,5000,5000,4784.42,5000,5000
hard-18-U-10652.cnf,4.14,17.44,65.50,7.50,16.29,17.60,16.34,16.51,8.52,7.80,26.65,9.38,4.92,109.74
hard-25-U-7061.cnf,0.54,2.45,1.32,0.38,2.38,2.40,2.47,2.39,8.04,0.39,3.70,8.06,0.56,5.68
hard-6-U-7061.cnf,5.11,3.55,13.42,3.69,3.70,3.78,3.90,3.61,8.19,3.46,10.23,8.48,3.94,17.48
homer14shuffled.cnf,297.72,2501.60,650.25,697.04,749.20,955.08,1954.48,2123.97,479.42,2074.19,297.83,633.14,2561.26,1055.99
homer16shuffled.cnf,473.85,2646.50,5000,1932.20,2565.65,3815.69,5000,3378.52,4843.23,1695.34,3432.26,5000,5000,5000
homer17shuffled.cnf,3536.43,5000,5000,3336.85,5000,5000,5000,5000,4781.09,5000,5000,5000,5000,5000
hsat_vc12062.cnf,0.81,0.37,0.89,0.61,0.36,0.37,0.39,0.36,2.03,1.06,1.32,2.00,1.56,0.87
hwmcc10-timeframe-expansion-k45-bc57sensorsp1-tseitin.cnf,0.29,0.51,3.44,0.29,0.49,0.48,0.46,0.48,0.90,0.35,3.09,0.92,0.44,1.11
hwmcc10-timeframe-expansion-k45-bobsm5378d2-tseitin.cnf,140.04,46.95,89.96,409.57,92.36,87.65,62.93,90.90,68.66,330.47,76.38,88.11,232.77,151.79
hwmcc10-timeframe-expansion-k45-bobsmhdlc2-tseitin.cnf,3600.51,594.32,2838.14,5000,5000,5000,5000,5000,5000,5000,5000,5000,5000,5000
hwmcc10-timeframe-expansion-k45-pdtpmsgoodbakery-tseitin.cnf,550.42,155.54,145.50,5000,5000,550.04,1127.66,564.50,572.42,3179.80,664.27,528.16,1046.68,381.08
hwmcc10-timeframe-expansion-k45-pdtpmspalu-tseitin.cnf,5000,5000,5000,5000,5000,5000,5000,5000,5000,5000,5000,5000,5000,5000
hwmcc10-timeframe-expansion-k45-pdtswvqis8x8p2-tseitin.cnf,3.83,2.27,8.72,4.54,2.13,1.64,1.75,2.48,2.32,3.47,5.64,2.21,5.14,3.76
hwmcc10-timeframe-expansion-k45-pdtswvrod6x8p1-tseitin.cnf,10.70,6.20,13.79,18.28,5.08,4.88,4.94,5.50,6.16,15.59,7.45,6.33,13.16,10.06
hwmcc10-timeframe-expansion-k45-pdtswvtms14x8p1-tseitin.cnf,14.87,3.66,9.75,15.58,4.41,3.98,4.54,3.49,3.74,16.50,6.87,4.28,22.43,7.07
hwmcc10-timeframe-expansion-k45-pdtviseisenberg1-tseitin.cnf,39.33,30.19,39.57,216.79,174.77,36.60,92.56,61.88,50.35,89.65,5000,39.08,204.76,114.03
hwmcc10-timeframe-expansion-k45-pdtvisns3p02-tseitin.cnf,5000,5000,2324.12,5000,5000,5000,5000,5000,5000,5000,5000,5000,5000,5000
hwmcc10-timeframe-expansion-k45-pdtvissoap1-tseitin.cnf,648.03,203.68,147.09,5000,4783.29,5000,741.98,2977.25,1800.09,5000,614.45,4600.50,4633.41,630.69
hwmcc10-timeframe-expansion-k50-bc57sensorsp2-tseitin.cnf,0.81,0.68,3.93,0.76,0.71,0.76,0.68,0.72,1.38,0.96,3.41,1.50,1.01,1.63
hwmcc10-timeframe-expansion-k50-bc57sensorsp3-tseitin.cnf,0.53,0.69,4.12,0.46,0.65,0.69,0.70,0.70,1.05,0.51,3.67,1.10,0.83,1.47
hwmcc10-timeframe-expansion-k50-bjrb07amba2andenv-tseitin.cnf,7.25,5.10,14.69,14.56,5.10,3.90,6.16,3.90,5.10,12.60,9.58,4.64,26.00,14.29
hwmcc10-timeframe-expansion-k50-eijkbs6669-tseitin.cnf,5000,1916.63,5000,5000,5000,5000,2116.08,5000,5000,5000,5000,5000,5000,5000
hwmcc10-timeframe-expansion-k50-nusmvreactorp4-tseitin.cnf,0.05,0.50,0.67,0.06,0.49,0.49,0.49,0.50,0.77,0.06,0.17,0.79,0.08,0.11
hwmcc10-timeframe-expansion-k50-pdtpmsns2-tseitin.cnf,2034.38,386.52,315.47,5000,3210.29,2885.83,3529.31,2843.72,1269.10,5000,2377.17,2139.05,5000,1131.62
hwmcc10-timeframe-expansion-k50-pdtswvsam6x8p3-tseitin.cnf,4.04,2.57,11.98,7.47,2.59,2.76,2.53,2.41,2.84,4.06,6.68,3.06,8.72,5.16
hwmcc10-timeframe-expansion-k50-pdtviseisenberg2-tseitin.cnf,48.67,29.22,50.56,187.17,39.01,32.70,118.92,45.40,26.06,146.06,5000,138.28,153.96,93.23
hwmcc10-timeframe-expansion-k50-pdtvisns2p3-tseitin.cnf,21.12,5.61,19.91,31.91,7.24,5.32,4.35,3.76,6.43,26.59,15.37,3.23,47.70,9.08
hwmcc10-timeframe-expansion-k50-pdtvisns3p00-tseitin.cnf,5000,2259.45,893.84,5000,5000,5000,5000,5000,5000,5000,5000,5000,5000,5000
IBM_FV_2004_rule_batch_30_SAT_datk55.cnf,68.72,2348.89,1267.05,153.66,746.13,516.12,424.10,247.64,120.83,1414.99,944.49,296.60,2335.67,520.95
IBM_FV_2004_rule_batch_30_SAT_datk80.cnf,454.20,5000,2208.82,1411.67,70.04,316.29,3708.84,48.45,176.51,1533.31,585.67,757.30,1172.60,754.15
ibm-2002-21r-k95.cnf,31.42,26.86,51.21,31.25,10.26,11.55,17.49,9.93,14.17,17.16,32.53,15.57,32.95,9.85
ibm-2002-30r-k85.cnf,726.58,5000,432.26,410.10,1456.91,70.30,5000,39.35,332.98,415.24,862.19,872.72,545.59,216.22
ibm-2004-01-k90.cnf,2.18,30.28,41.26,9.92,13.36,25.07,42.83,18.33,8.75,2.10,17.65,20.11,46.17,12.31
ibm-2004-23-k100.cnf,582.06,445.05,328.94,663.53,79.41,38.99,457.97,83.48,140.69,508.21,281.55,212.52,946.15,159.01
k2fix_gr_rcs_w8shuffled.cnf,1525.67,5000,15.21,5000,5000,5000,5000,5000,5000,5000,3.59,5000,5000,5000
k2fix_gr_rcs_w9shuffled.cnf,14.19,37.79,257.45,108.57,91.50,83.62,71.90,108.61,41.53,183.45,71.19,53.24,281.02,144.41
k2mulmitershuffled-assat03-355.cnf,1762.47,1162.77,1765.09,5000,5000,5000,4827.57,5000,2497.28,5000,5000,5000,5000,5000
korf-15.cnf,19.55,26.52,40.98,31.83,35.40,17.92,258.84,22.25,29.19,21.88,13.98,24.80,6.17,12.73
korf-17.cnf,428.66,502.81,975.89,1285.94,792.79,528.26,5000,452.31,610.89,691.87,949.62,4834.87,429.69,842.59
korf-18.cnf,5000,5000,2718.38,5000,5000,5000,5000,5000,5000,5000,5000,5000,5000,3830.12
li-exam-61shuffled-assat03-366.cnf,5000,5000,5000,5000,5000,5000,5000,5000,5000,5000,5000,5000,5000,5000
li-test4-100shuffled-assat03-370.cnf,5000,5000,5000,5000,5000,5000,5000,5000,5000,5000,5000,5000,5000,5000
manol-pipe-c10nidw.cnf,2069.38,237.20,342.17,5000,662.25,264.05,471.69,320.02,146.89,5000,224.15,226.82,5000,426.65
manol-pipe-c6bidw_i.cnf,106.04,20.83,31.86,177.72,26.96,18.38,30.18,20.77,13.89,116.55,43.33,13.37,150.52,30.60
manol-pipe-f7idw.cnf,54.53,18.97,31.53,103.19,83.33,78.76,19.53,755.07,258.71,107.59,85.71,1297.74,94.02,25.39
manol-pipe-f7nidw.cnf,80.17,27.48,37.39,91.61,66.67,72.84,25.30,5000,239.15,113.58,51.12,134.68,126.20,29.96
maxor128.cnf,5000,5000,1945.97,5000,5000,5000,4740.36,5000,5000,5000,3317.51,5000,5000,2313.73
maxxor032.cnf,1064.36,51.58,143.81,468.22,319.12,1726.27,247.69,1756.95,1448.87,5000,4299.83,3739.76,803.36,86.04
maxxor064.cnf,5000,879.61,1780.42,5000,5000,5000,5000,5000,5000,5000,5000,5000,5000,1966.52
maxxor128.cnf,5000,5000,5000,5000,5000,5000,5000,5000,5000,5000,5000,5000,5000,5000
maxxororand064.cnf,5000,5000,5000,5000,5000,5000,5000,5000,5000,5000,5000,5000,5000,5000
md5_48_3.cnf,5000,5000,110.54,21.31,387.47,58.16,5000,50.60,104.51,114.12,211.66,197.69,103.47,242.93
minandmaxor016.cnf,0.28,0.18,0.90,0.27,0.19,0.14,0.27,0.14,0.22,0.27,0.81,0.25,0.29,0.27
minandmaxor128.cnf,5000,3547.48,5000,5000,5000,5000,2512.94,5000,5000,5000,5000,5000,5000,2600.42
minxorminand128.cnf,5000,2571.92,5000,5000,5000,2023.92,1102.17,2007.13,5000,1719.92,5000,5000,3580.97,2360.69
mizh-sha0-36-2.cnf,5000,2560.22,447.68,241.58,4003.61,62.37,5000,1308.47,1060.91,16.44,324.61,1193.63,17.20,5000
mizh-sha0-36-4.cnf,72.41,5000,82.89,62.65,42.30,72.68,5000,628.51,409.08,122.73,362.99,242.50,3726.21,5000
mulhs016.cnf,5000,5000,5000,5000,5000,5000,5000,5000,5000,5000,5000,5000,5000,5000
myciel6-trused-assat04-320.cnf,5000,5000,5000,5000,5000,5000,5000,4880.48,5000,5000,862.42,5000,5000,5000
ndhf_xits_19_UNKNOWN.cnf,1198.62,455.09,37.56,17.94,146.86,1566.76,39.66,1938.00,5000,242.48,16.74,5000,181.07,1654.57
openstacks-sequencedstrips-nonadl-nonnegated-os-sequencedstrips-p30_1025-NOTKNOWN.cnf,5000,5000,5000,5000,5000,5000,5000,5000,5000,5000,5000,5000,5000,5000
openstacks-sequencedstrips-nonadl-nonnegated-os-sequencedstrips-p30_1035-NOTKNOWN.cnf,5000,5000,5000,5000,5000,5000,5000,5000,5000,5000,5000,5000,5000,5000
openstacks-sequencedstrips-nonadl-nonnegated-os-sequencedstrips-p30_1045-NOTKNOWN.cnf,5000,5000,5000,5000,5000,5000,5000,5000,5000,5000,5000,5000,5000,5000
openstacks-sequencedstrips-nonadl-nonnegated-os-sequencedstrips-p30_3025-NOTKNOWN.cnf,5000,5000,5000,5000,5000,5000,5000,5000,5000,5000,5000,5000,5000,5000
openstacks-sequencedstrips-nonadl-nonnegated-os-sequencedstrips-p30_3035-NOTKNOWN.cnf,5000,5000,5000,5000,5000,5000,5000,5000,5000,5000,5000,5000,5000,5000
openstacks-sequencedstrips-nonadl-nonnegated-os-sequencedstrips-p30_3045-NOTKNOWN.cnf,5000,5000,5000,5000,5000,5000,5000,5000,5000,5000,5000,5000,5000,5000
openstacks-sequencedstrips-nonadl-nonnegated-os-sequencedstrips-p30_3085-SAT.cnf,11.20,32.33,9.55,14.18,3.59,23.07,18.52,8.12,9.74,37.94,26.39,73.79,60.48,261.80
partial-10-13-s.cnf,1494.36,966.20,5000,5000,631.06,467.65,2402.44,5000,5000,5000,5000,3137.26,5000,2093.52
partial-10-15-s.cnf,2715.36,160.62,258.66,136.80,938.64,2629.82,1301.22,581.75,2706.87,904.22,284.29,1089.58,5000,519.47
partial-10-17-s.cnf,5000,5000,5000,5000,5000,5000,5000,5000,3350.22,5000,4334.53,5000,5000,5000
partial-5-11-u.cnf,5000,5000,5000,5000,5000,5000,5000,5000,5000,5000,5000,5000,5000,5000
post-c32s-gcdm16-23.cnf,515.53,27.06,49.99,871.69,111.38,80.47,213.79,89.21,73.66,489.53,125.32,111.88,334.20,37.18
post-cbmc-zfcp-28-u2-noholes.cnf,21.35,11.77,108.25,18.75,11.91,11.99,13.67,12.11,20.95,18.49,119.56,33.61,15.36,5000
q_query_3_L150_colisat.cnf,177.98,42.73,213.27,138.85,80.13,106.31,82.84,39.36,82.08,322.66,503.21,150.86,191.58,400.56
q_query_3_l46_lambda.cnf,100.93,121.13,124.23,159.63,116.11,73.46,1169.60,78.20,100.63,117.04,240.38,100.87,162.67,139.54
q_query_3_L70_colisat.cnf,61.25,34.30,55.29,55.59,40.97,41.35,53.35,31.24,37.31,92.22,134.88,30.24,96.02,97.30
rand_net60-25-10shuffled.cnf,33.47,0.93,0.65,3.78,2.63,1.90,1.39,4.96,8.04,4.68,1.79,9.28,0.75,0.77
rand_net60-30-1shuffled.cnf,0.14,0.09,0.57,0.13,0.11,0.12,0.08,0.10,0.10,0.18,0.48,0.12,0.15,0.15
rand_net60-40-10shuffled.cnf,2305.68,58.65,4.75,151.56,87.91,241.29,15.34,1201.03,372.02,829.23,242.34,396.19,47.69,20.03
rand_net70-60-10shuffled.cnf,5000,5000,56.22,772.42,315.82,591.37,90.12,4805.53,2073.44,2318.26,884.46,5000,252.73,357.81
rbcl_xits_08_UNSAT.cnf,1836.14,4757.66,5000,5000,5000,1340.32,4040.59,1181.11,2609.78,1235.39,5000,5000,1795.02,1542.60
rbcl_xits_09_UNKNOWN.cnf,5000,5000,5000,5000,5000,5000,5000,5000,5000,5000,5000,5000,5000,5000
rbcl_xits_15_SAT.cnf,136.69,0.62,0.88,0.07,0.59,0.63,0.77,0.64,0.54,0.03,1.13,444.53,0.02,1.03
rbcl_xits_18_SAT.cnf,56.29,0.88,1.02,0.02,0.89,0.90,0.93,0.94,0.73,0.02,1.58,0.90,0.03,0.79
rovers1_ks99irenamed-assat05-3971.cnf,0.00,0.00,0.02,0.00,0.00,0.00,0.00,0.00,0.01,0.00,0.01,0.02,0.00,0.00
rpoc_xits_09_UNSAT.cnf,5000,5000,5000,5000,5000,5000,5000,5000,5000,5000,5000,5000,5000,5000
SAT_datk100.cnf,333.68,160.03,5000,2826.91,3405.43,2254.60,169.19,5000,2751.12,2241.53,5000,2665.10,637.99,5000
SAT_datk20.cnf,257.89,153.12,5000,2340.32,3285.63,2205.53,311.41,5000,2469.30,1485.69,5000,3220.14,577.08,5000
SAT_datk45.cnf,248.66,166.05,5000,2441.03,3505.05,2175.16,183.83,5000,3734.66,2108.29,5000,3019.24,715.59,5000
SAT_datk80.cnf,263.07,194.96,5000,3002.73,4730.36,3588.83,313.56,5000,4402.05,2653.80,5000,2859.03,685.64,5000
SAT_datk80_04.cnf,44.88,15.28,20.70,35.41,15.98,29.88,19.84,11.22,24.39,14.91,20.34,10.82,26.99,22.80
SAT_datk85.cnf,730.23,5000,5000,434.21,1463.45,476.14,5000,38.60,323.09,5000,230.57,893.27,552.92,1569.27
sha0_36_5.cnf,888.01,5000,118.91,55.92,18.98,3285.07,5000,214.88,136.36,528.70,283.81,60.57,1392.40,5000
slp-synthesis-aes-bottom12.cnf,11.96,1335.18,121.52,728.69,275.19,316.81,112.47,205.09,64.69,108.52,113.60,5000,976.32,251.19
slp-synthesis-aes-bottom13.cnf,162.79,2057.85,743.31,5000,331.95,994.98,424.50,2648.30,1750.63,5000,546.28,5000,5000,136.01
slp-synthesis-aes-bottom14.cnf,5000,3174.23,5000,5000,5000,5000,5000,5000,5000,5000,5000,5000,5000,5000
slp-synthesis-aes-bottom15.cnf,5000,5000,5000,5000,5000,5000,5000,5000,5000,5000,5000,5000,5000,5000
slp-synthesis-aes-bottom16.cnf,5000,5000,5000,5000,5000,5000,5000,5000,5000,5000,5000,5000,5000,5000
slp-synthesis-aes-bottom17.cnf,5000,5000,5000,5000,5000,5000,5000,5000,5000,5000,5000,5000,5000,5000
slp-synthesis-aes-bottom18.cnf,5000,5000,5000,5000,5000,5000,5000,5000,5000,5000,5000,5000,5000,5000
slp-synthesis-aes-bottom19.cnf,5000,5000,5000,5000,5000,5000,5000,5000,5000,5000,5000,5000,5000,5000
slp-synthesis-aes-bottom20.cnf,5000,5000,5000,5000,5000,5000,5000,5000,5000,5000,5000,5000,5000,5000
slp-synthesis-aes-bottom21.cnf,5000,5000,5000,5000,5000,5000,5000,5000,5000,5000,5000,5000,5000,5000
slp-synthesis-aes-bottom22.cnf,5000,5000,5000,5000,5000,5000,5000,5000,5000,5000,5000,5000,5000,5000
slp-synthesis-aes-bottom23.cnf,5000,5000,5000,5000,5000,5000,5000,5000,5000,5000,5000,5000,5000,5000
slp-synthesis-aes-bottom24.cnf,5000,5000,5000,5000,5000,5000,5000,5000,5000,5000,5000,5000,5000,5000
slp-synthesis-aes-bottom25.cnf,5000,5000,5000,5000,5000,5000,5000,5000,5000,5000,5000,5000,5000,5000
slp-synthesis-aes-bottom26.cnf,5000,5000,5000,5000,5000,5000,5000,5000,5000,5000,5000,5000,5000,5000
slp-synthesis-aes-top21.cnf,5000,5000,5000,5000,5000,5000,5000,5000,5000,5000,5000,5000,5000,5000
slp-synthesis-aes-top22.cnf,5000,5000,5000,5000,5000,5000,5000,5000,5000,5000,5000,5000,5000,5000
slp-synthesis-aes-top23.cnf,5000,5000,5000,5000,5000,5000,5000,5000,3880.54,5000,5000,5000,5000,5000
slp-synthesis-aes-top24.cnf,4034.82,5000,5000,5000,5000,5000,5000,5000,5000,5000,5000,5000,5000,5000
slp-synthesis-aes-top25.cnf,5000,5000,5000,5000,4881.79,5000,5000,5000,2117.44,5000,5000,5000,5000,5000
slp-synthesis-aes-top26.cnf,5000,5000,5000,5000,2872.84,5000,5000,3103.02,1067.42,3558.15,3246.47,2471.00,5000,5000
slp-synthesis-aes-top28.cnf,5000,5000,635.76,2308.32,3216.83,1542.26,5000,717.60,756.72,4258.01,1939.45,426.22,5000,4789.96
slp-synthesis-aes-top29.cnf,4376.14,5000,5000,1290.05,637.38,3488.35,5000,287.68,146.34,610.84,2435.38,44.03,2436.05,1100.37
slp-synthesis-aes-top30.cnf,5000,5000,329.90,892.39,2333.75,3273.67,5000,1099.43,131.63,1476.78,1307.32,85.98,2605.42,2802.77
smtlib-qfbv-aigs-bin_libmsrpc_vc1225336-tseitin.cnf,1.54,1.35,9.94,1.15,1.32,1.32,1.34,1.30,2.72,1.01,7.18,3.10,1.37,2.87
smtlib-qfbv-aigs-bin_libsmbclient_vc1228502-tseitin.cnf,1.31,1.77,12.49,1.85,1.75,1.73,1.73,1.69,3.40,2.13,8.68,3.46,7.89,3.94
smtlib-qfbv-aigs-bin_libsmbsharemodes_vc5759-tseitin.cnf,0.28,1.34,6.47,0.53,1.26,1.25,1.17,1.25,2.08,0.90,9.73,2.13,1.02,2.57
smtlib-qfbv-aigs-countbits128-tseitin.cnf,5000,3555.29,4415.44,5000,5000,5000,5000,5000,5000,5000,5000,5000,5000,5000
smtlib-qfbv-aigs-ext_con_032_008_0256-tseitin.cnf,5000,5000,2.35,5000,4.76,5000,2.58,5000,0.24,5000,1.01,0.25,5000,0.27
smtlib-qfbv-aigs-lfsr_004_127_112-tseitin.cnf,507.93,4.26,46.19,391.26,2.98,3.05,3.54,3.17,919.71,454.04,15.92,919.15,366.34,62.00
smtlib-qfbv-aigs-lfsr_008_063_080-tseitin.cnf,835.31,9.75,29.70,1378.20,11.56,8.97,4.92,10.48,133.34,1677.86,18.41,146.32,333.03,80.26
smtlib-qfbv-aigs-lfsr_008_079_112-tseitin.cnf,5000,17.39,65.32,1963.50,16.52,15.34,11.58,17.60,297.06,5000,31.04,319.62,627.27,34.28
smtlib-qfbv-aigs-nlzbe256-tseitin.cnf,28.04,7.58,26.24,36.96,8.00,9.70,11.41,10.88,14.63,37.77,16.72,17.07,82.77,18.30
smtlib-qfbv-aigs-rfunit_flat-64-tseitin.cnf,0.52,0.67,3.36,0.48,0.63,0.64,0.65,0.64,16.12,0.42,2.40,16.27,2.64,2.28
smtlib-qfbv-aigs-servers_slapd_a_vc149789-tseitin.cnf,510.21,0.95,1108.03,342.16,0.90,0.91,0.94,0.88,5000,1024.16,1660.08,2073.92,2909.09,3.93
smtlib-qfbv-aigs-src_wget_vc18517-tseitin.cnf,0.75,1.03,10.07,0.81,0.95,0.95,1.30,0.99,2.06,1.26,11.36,2.20,1.60,3.63
smtlib-qfbv-aigs-VS3-benchmark-S2-tseitin.cnf,5000,5000,5000,5000,5000,5000,5000,5000,5000,5000,5000,5000,5000,5000
smulo064.cnf,5000,5000,5000,5000,5000,5000,5000,5000,5000,5000,5000,5000,5000,5000
sokoban-sequential-p145-microban-sequential030-NOTKNOWN.cnf,99.28,72.23,115.78,189.29,233.04,152.80,140.76,196.47,148.82,209.72,23.80,121.65,68.25,30.81
sokoban-sequential-p145-microban-sequential040-NOTKNOWN.cnf,2389.07,1948.55,1844.67,5000,5000,5000,5000,5000,5000,5000,543.12,4954.01,2843.64,465.33
sokoban-sequential-p145-microban-sequential050-NOTKNOWN.cnf,5000,5000,5000,5000,5000,5000,5000,5000,5000,5000,2386.19,5000,5000,1008.02
sokoban-sequential-p145-microban-sequential060-NOTKNOWN.cnf,5000,5000,5000,5000,5000,5000,2211.39,5000,5000,5000,5000,5000,5000,5000
sokoban-sequential-p145-microban-sequential070-NOTKNOWN.cnf,5000,5000,5000,942.21,5000,5000,5000,5000,5000,5000,5000,5000,5000,5000
sokoban-sequential-p145-microban-sequential080-SAT.cnf,5000,5000,5000,5000,5000,5000,5000,5000,5000,5000,3233.46,5000,5000,5000
sortnet-7-ipc5-h15-unsat.cnf,5000,5000,5000,5000,5000,5000,5000,5000,5000,5000,5000,5000,5000,5000
sortnet-8-ipc5-h19-sat.cnf,5000,5000,4006.04,5000,5000,5000,5000,5000,1095.99,5000,5000,5000,5000,4340.03
total-10-17-u.cnf,3752.99,5000,5000,5000,5000,5000,5000,5000,5000,5000,5000,5000,5000,5000
traffic_3_uc_sat.cnf,23.34,649.50,225.05,75.72,156.41,625.73,2958.80,120.70,345.66,231.75,22.19,256.50,385.06,214.31
traffic_3b_unknown.cnf,111.85,231.73,313.95,464.67,562.25,300.39,900.07,281.80,204.94,367.50,470.80,532.00,525.76,457.06
traffic_b_unsat.cnf,81.70,205.00,273.09,498.70,434.35,252.78,764.42,271.49,199.56,285.13,465.19,413.52,424.38,333.04
traffic_f_unknown.cnf,90.67,195.71,298.62,434.92,439.96,261.96,625.31,273.78,186.19,293.47,445.88,400.87,437.77,391.82
traffic_fb_unknown.cnf,84.23,208.70,292.44,423.88,427.98,259.40,630.81,255.46,174.63,292.59,509.79,415.13,475.75,348.42
traffic_kkb_unknown.cnf,90.04,213.27,283.30,452.41,460.42,260.21,672.67,292.36,190.56,243.78,548.94,385.77,476.56,380.95
traffic_pcb_unknown.cnf,98.74,224.16,257.45,496.51,476.47,257.38,699.03,295.18,168.64,289.68,498.81,451.69,483.38,375.92
traffic_r_sat.cnf,2.52,10.18,29.63,1.36,8.14,9.22,1608.97,8.88,5.26,2.41,11.33,10.58,5.02,50.18
traffic_r_uc_sat.cnf,282.04,3118.69,781.27,81.96,69.09,508.80,5000,201.64,59.16,118.65,559.07,120.25,58.56,5000
transport-transport-city-sequential-25nodes-1000size-3degree-100mindistance-3trucks-10packages-2008seed060-SAT.cnf,228.01,5000,1241.35,669.20,103.91,325.97,5000,664.56,641.16,277.54,5000,93.02,272.26,111.87
transport-transport-city-sequential-35nodes-1000size-4degree-100mindistance-4trucks-14packages-2008seed030-NOTKNOWN.cnf,365.70,3582.02,5000,5000,895.98,870.75,5000,842.10,1748.90,5000,5000,1962.40,1428.06,1549.11
transport-transport-city-sequential-35nodes-1000size-4degree-100mindistance-4trucks-14packages-2008seed040-NOTKNOWN.cnf,436.14,1876.28,5000,881.35,781.70,850.38,1044.45,905.02,5000,5000,5000,255.83,5000,1547.03
transport-transport-city-sequential-35nodes-1000size-4degree-100mindistance-4trucks-14packages-2008seed050-SAT.cnf,5000,5000,5000,5000,5000,890.47,5000,885.85,5000,5000,495.65,1101.16,1552.85,1565.00
transport-transport-three-cities-sequential-14nodes-1000size-4degree-100mindistance-4trucks-14packages-2008seed020-NOTKNOWN.cnf,2837.38,5000,5000,5000,907.16,5000,5000,5000,4677.60,5000,5000,4213.19,5000,2829.81
transport-transport-three-cities-sequential-14nodes-1000size-4degree-100mindistance-4trucks-14packages-2008seed030-NOTKNOWN.cnf,5000,5000,5000,5000,877.04,863.42,5000,5000,5000,5000,5000,5000,5000,5000
transport-transport-three-cities-sequential-14nodes-1000size-4degree-100mindistance-4trucks-14packages-2008seed040-NOTKNOWN.cnf,5000,5000,5000,5000,717.61,772.99,5000,775.07,5000,5000,5000,5000,5000,5000
transport-transport-two-cities-sequential-15nodes-1000size-3degree-100mindistance-3trucks-10packages-2008seed040-SAT.cnf,621.78,288.76,3083.16,751.24,652.60,447.81,854.82,5000,5000,5000,84.04,89.86,938.30,472.28
UCG-15-10p0.cnf,934.88,392.58,163.78,687.07,539.82,379.45,619.09,504.49,313.06,657.03,360.93,435.05,755.11,275.86
UCG-15-10p1.cnf,1741.87,638.48,238.43,1231.67,805.40,494.41,612.81,483.41,521.05,1076.92,325.23,707.84,1120.61,364.82
UCG-15-5p0.cnf,129.97,111.31,34.94,111.95,51.48,52.30,70.04,52.73,44.59,91.09,56.84,64.71,64.38,42.70
UCG-20-5p1.cnf,486.45,763.10,199.87,523.70,504.00,281.79,566.76,430.76,394.03,722.79,213.68,222.87,424.06,165.12
UR-10-10p1.cnf,65.12,62.70,46.13,151.47,98.67,85.16,90.40,97.87,60.37,167.01,118.10,34.41,115.18,90.11
UR-20-10p0.cnf,5000,2696.77,1785.54,5000,5000,5000,5000,5000,5000,5000,4611.33,5000,5000,3038.92
UR-20-10p1.cnf,5000,5000,2474.31,5000,2953.15,3121.53,5000,5000,2776.25,3711.24,2372.69,4202.41,5000,3843.13
UTI-10-5t1.cnf,0.49,1.19,2.95,0.62,1.42,1.00,1.00,0.88,1.75,0.38,4.17,1.52,0.51,5.85
UTI-20-10p0.cnf,1063.15,519.46,572.99,5000,3625.95,1553.85,1680.58,2410.61,852.94,2813.76,1008.57,2374.43,2682.69,2113.39
UTI-20-10p1.cnf,3049.45,1572.18,1293.29,5000,681.40,5000,5000,3154.25,924.94,5000,1977.29,5000,5000,5000
UTI-20-10t0.cnf,6.59,4.75,6.72,8.65,5.76,5.59,6.13,5.69,3.52,11.09,7.94,8.18,7.90,18.11
UTI-20-10t1.cnf,1.60,2.96,6.18,2.42,2.76,3.98,2.96,4.89,5.15,10.89,6.93,5.55,7.04,18.61
valves-gates-1-k617-unsatshuffled-assat03-412.cnf,5000,2093.41,3590.23,5000,2538.34,2153.43,2013.94,2661.59,2157.62,5000,2328.43,3251.95,5000,2744.67
vda_gr_rcs_w9shuffled.cnf,0.03,0.30,1.31,0.02,0.31,0.31,0.31,0.31,0.33,0.02,0.83,0.41,0.03,0.54
velev-npe-10-9dlx-b71.cnf,446.76,36.15,50.12,134.83,67.12,505.31,63.88,48.41,17.69,73.91,173.22,342.97,183.78,867.72
velev-pipe-o-uns-10-7.cnf,308.16,83.96,77.86,205.11,200.17,173.71,114.24,549.69,171.41,361.00,192.61,923.33,171.95,97.50
velev-pipe-o-uns-11-6.cnf,691.02,23.81,14.58,23.50,18.39,683.36,10.58,979.36,274.50,698.17,46.76,269.02,111.15,28.85
velev-pipe-sat-10-b9.cnf,1.81,61.38,18.20,2.69,67.90,516.33,66.71,61.14,1.83,1.69,50.25,107.99,1.85,38.34
velev-vliw-uns-40-9-i1.cnf,983.12,975.33,995.83,2977.04,2208.16,5000,400.61,5000,5000,5000,5000,5000,5000,5000
vmpc_25renamed-assat05-1913.cnf,3.76,35.90,46.02,51.66,42.50,1.32,43.79,3.96,5.43,19.59,83.45,25.42,17.98,50.73
vmpc_29renamed-assat05-1916.cnf,948.74,144.15,330.39,322.94,550.25,1098.35,325.73,226.65,250.10,74.69,252.08,4362.27,363.69,1342.19
vmpc_32renamed-assat05-1919.cnf,1340.46,2319.76,5000,5000,2503.78,919.96,865.56,5000,5000,2066.91,1505.55,153.36,4920.98,5000
vmpc_34renamed-assat05-1926.cnf,3065.02,5000,5000,5000,5000,5000,3898.68,5000,5000,5000,5000,5000,5000,5000
vmpc_35renamed-assat05-1921.cnf,4142.82,5000,5000,5000,5000,5000,5000,5000,5000,5000,3592.50,5000,5000,5000
vmpc_36renamed-assat05-1922.cnf,5000,5000,5000,5000,3779.39,5000,5000,5000,5000,5000,2722.64,5000,5000,5000
x1mulmitershuffled-assat03-359.cnf,1044.56,621.53,1402.73,3011.18,3437.00,5000,1922.02,5000,2841.36,5000,5000,5000,3361.52,5000
