InstanceName,abcdsat_r18,CaDiCaL,Candy,cms55-main-all4fixed,COMiniSatPS_Pulsar_drup,expGlucose,expMC_LRB_VSIDS_Switch,expMC_LRB_VSIDS_Switch_2500,expMC_VSIDS_LRB_Switch_2500,GHackCOMSPS_drup,glu_mix,glucose4.2.1,Glucose_Hack_Kiel_fastBVE,glucose-3.0_PADC_10,glucose-3.0_PADC_3,glucose3.0,gluHack,inIDGlucose,Lingeling,Maple_CM,Maple_CM_Dist,Maple_CM_ordUIP,Maple_CM_ordUIP+,Maple_LCM_M1,Maple_LCM_Scavel_200_fix2,Maple_LCM_Scavel_fix2,Maple_LCM+BCrestart,Maple_LCM+BCrestart_M1,MapleCOMSPS_CHB_VSIDS_drup,MapleCOMSPS_LRB_VSIDS_drup,MapleCOMSPS_LRB_VSIDS_2_fix,MapleLCMDistChronoBT,Minisat-v2.2.0-106-ge2dd095,Riss7.1-fix,smallsat,Sparrow2Riss-2018-fixfix,YalSAT
sat/10-3-13.cnf,5000,5000,5000,5000,5000,5000,5000,5000,5000,5000,5000,5000,5000,5000,5000,5000,5000,5000,5000,5000,5000,5000,5000,5000,5000,5000,5000,5000,5000,5000,5000,5000,5000,5000,5000,5000,5000
sat/10-4-10.cnf,5000,5000,5000,5000,5000,5000,5000,5000,5000,5000,5000,5000,5000,5000,5000,5000,5000,5000,5000,5000,5000,5000,5000,5000,5000,5000,5000,5000,5000,5000,5000,5000,5000,5000,5000,5000,5000
sat/1mod8.rules.7-7.cnf,5000,5000,5000,5000,5000,5000,5000,5000,5000,5000,5000,5000,5000,5000,5000,5000,5000,5000,5000,5000,5000,5000,5000,5000,5000,5000,5000,5000,5000,5000,5000,5000,5000,5000,5000,5000,5000
sat/20180321_110704973_p_cnf_320_1120.cnf,5000,5000,5000,5000,5000,5000,5000,5000,5000,5000,5000,5000,5000,5000,5000,5000,5000,5000,5000,5000,5000,5000,5000,5000,5000,5000,5000,5000,5000,5000,5000,5000,5000,5000,5000,22.07,1.99
sat/20180321_110706599_p_cnf_320_1120.cnf,5000,5000,5000,5000,5000,5000,5000,5000,49.5,5000,5000,5000,5000,5000,5000,5000,5000,5000,5000,5000,5000,5000,5000,5000,5000,5000,5000,5000,5000,5000,5000,5000,5000,5000,5000,1.11,0.01
sat/20180321_110707239_p_cnf_320_1120.cnf,5000,5000,5000,5000,5000,5000,5000,5000,5000,5000,5000,5000,5000,5000,5000,5000,5000,5000,5000,5000,5000,5000,5000,5000,5000,5000,5000,5000,5000,5000,5000,5000,5000,5000,5000,5.58,43.54
sat/20180321_140823961_p_cnf_320_1120.cnf,5000,5000,5000,5000,92.8,5000,5000,5000,5000,5000,5000,5000,5000,5000,5000,5000,5000,5000,5000,5000,5000,5000,5000,5000,5000,5000,84.65,5000,5000,5000,5000,5000,5000,5000,5000,0.12,0.05
sat/20180321_140824282_p_cnf_320_1120.cnf,5000,5000,5000,5000,5000,5000,5000,5000,5000,5000,5000,5000,5000,5000,5000,5000,5000,5000,5000,83.57,5000,80.5,82.02,5000,5000,5000,5000,5000,5000,5000,5000,5000,5000,5000,5000,1.1,0.16
sat/20180321_140826713_p_cnf_320_1120.cnf,5000,5000,5000,5000,5000,5000,5000,5000,5000,5000,5000,5000,5000,5000,5000,5000,5000,5000,5000,5000,5000,5000,5000,5000,5000,5000,5000,5000,5000,5000,5000,5000,5000,5000,5000,0.42,0.03
sat/20180321_140827428_p_cnf_320_1120.cnf,5000,5000,5000,5000,5000,5000,5000,5000,5000,5000,5000,5000,5000,5000,5000,5000,5000,5000,5000,5000,5000,5000,5000,5000,5000,5000,105.79,5000,5000,5000,5000,5000,5000,5000,5000,0.43,0.01
sat/20180321_140833987_p_cnf_320_1120.cnf,5000,95.74,5000,5000,5000,5000,5000,5000,5000,5000,5000,5000,5000,5000,5000,5000,5000,5000,5000,5000,5000,5000,5000,5000,5000,5000,5000,5000,5000,5000,5000,5000,5000,5000,5000,144.44,5000
sat/20180322_164223076_p_cnf_320_1120.cnf,5000,5000,5000,5000,5000,5000,5000,5000,5000,5000,5000,5000,5000,5000,5000,5000,5000,5000,5000,5000,5000,5000,5000,5000,5000,5000,5000,5000,5000,5000,5000,5000,5000,5000,5000,4.03,1.04
sat/20180322_164224543_p_cnf_320_1120.cnf,5000,5000,5000,5000,5000,5000,5000,5000,5000,5000,5000,5000,5000,5000,5000,5000,5000,5000,5000,5000,5000,5000,5000,5000,5000,5000,5000,5000,5000,5000,5000,5000,5000,5000,5000,0.47,1.33
sat/20180322_164226378_p_cnf_320_1120.cnf,5000,5000,5000,5000,5000,5000,5000,5000,5000,5000,5000,5000,5000,5000,5000,5000,5000,5000,5000,5000,5000,5000,5000,5000,5000,5000,5000,5000,5000,5000,5000,5000,5000,5000,5000,0.42,0.04
sat/20180322_164226661_p_cnf_320_1120.cnf,5000,5000,5000,5000,5000,5000,5000,5000,5000,5000,5000,5000,5000,5000,5000,5000,5000,5000,5000,5000,5000,5000,5000,5000,5000,5000,5000,5000,5000,5000,5000,32.82,5000,5000,5000,0.65,0.08
sat/20180322_164238439_p_cnf_320_1120.cnf,5000,5000,5000,5000,5000,5000,5000,5000,5000,5000,5000,5000,5000,5000,5000,5000,5000,5000,5000,5000,5000,5000,5000,5000,5000,5000,5000,5000,5000,5000,5000,5000,5000,5000,5000,0.6,0
sat/20180322_164241329_p_cnf_320_1120.cnf,5000,5000,5000,5000,5000,124.87,5000,5000,5000,5000,5000,5000,5000,5000,5000,5000,5000,5000,5000,5000,5000,5000,5000,5000,5000,5000,5000,5000,5000,5000,5000,5000,5000,5000,5000,0.18,0.36
sat/20180322_164241842_p_cnf_320_1120.cnf,5000,5000,5000,5000,5000,5000,5000,5000,35.74,5000,5000,5000,5000,5000,5000,5000,5000,5000,5000,5000,5000,5000,5000,5000,5000,5000,5000,5000,5000,5000,5000,5000,5000,5000,5000,0.93,0.3
sat/20180322_164245263_p_cnf_320_1120.cnf,5000,5000,5000,5000,5000,5000,5000,5000,5000,5000,5000,5000,5000,5000,5000,5000,5000,5000,5000,5000,5000,5000,5000,5000,5000,5000,5000,5000,5000,5000,5000,5000,15.43,5000,5000,0.66,0.29
sat/20180326_095801070_p_cnf_320_1120.cnf,5000,5000,5000,5000,5000,5000,5000,5000,5000,5000,5000,5000,5000,5000,5000,5000,5000,5000,5000,5000,5000,5000,5000,5000,5000,5000,5000,5000,5000,194.1,5000,5000,5000,5000,5000,0.5,0.48
sat/20180326_095804286_p_cnf_320_1120.cnf,5000,5000,5000,5000,5000,5000,5000,5000,5000,5000,5000,239.32,5000,5000,5000,5000,5000,5000,5000,5000,5000,5000,5000,5000,5000,5000,5000,5000,5000,5000,5000,5000,99.89,5000,230.51,0.41,0.33
sat/20180326_095804936_p_cnf_320_1120.cnf,5000,5000,5000,5000,5000,5000,5000,5000,5000,5000,5000,5000,5000,5000,5000,5000,5000,5000,5000,5000,5000,5000,5000,5000,5000,5000,5000,5000,5000,5000,5000,5000,5000,5000,5000,0.97,0.75
sat/20180326_095805836_p_cnf_320_1120.cnf,5000,5000,5000,5000,5000,5000,5000,5000,5000,5000,5000,5000,5000,5000,5000,5000,5000,5000,5000,5000,5000,5000,5000,5000,5000,5000,5000,5000,5000,5000,5000,3.22,5000,5000,5000,12.93,4.33
sat/5or7mod8.rules.7-7.cnf,5000,5000,5000,5000,5000,5000,5000,5000,5000,5000,5000,5000,5000,5000,5000,5000,5000,5000,5000,5000,5000,5000,5000,5000,5000,5000,5000,5000,5000,5000,5000,5000,5000,5000,5000,5000,5000
sat/6-3-8.cnf,5000,5000,5000,5000,5000,5000,5000,5000,982.54,87.09,5000,3.48,5000,5000,5000,5000,5000,5000,210.08,196.63,5000,5000,241.7,5000,5000,5000,5000,5000,5000,5000,5000,5000,5000,5000,209.96,5000,5000
sat/6-4-6.cnf,5000,5000,5000,5000,5000,5000,5000,5000,5000,5000,5000,5000,5000,5000,5000,5000,5000,5000,5000,5000,5000,5000,5000,5000,5000,5000,5000,5000,5000,5000,5000,5000,5000,5000,5000,5000,5000
sat/6-4-7.cnf,5000,5000,5000,5000,5000,5000,5000,5000,5000,5000,5000,5000,5000,5000,5000,5000,5000,5000,5000,5000,5000,5000,5000,5000,5000,5000,5000,5000,5000,5000,5000,5000,5000,5000,5000,5000,5000
sat/6-5-6.cnf,5000,5000,5000,5000,5000,5000,5000,5000,5000,5000,5000,5000,5000,5000,5000,5000,5000,5000,5000,5000,5000,5000,5000,5000,5000,5000,5000,5000,5000,5000,5000,5000,5000,5000,5000,5000,5000
sat/7-4-7.cnf,5000,5000,5000,5000,5000,5000,5000,5000,5000,5000,5000,5000,5000,5000,5000,5000,5000,5000,5000,5000,5000,5000,5000,5000,5000,5000,5000,5000,5000,5000,5000,5000,5000,5000,5000,5000,5000
sat/7-5-6.cnf,5000,5000,5000,5000,5000,5000,5000,5000,5000,5000,5000,5000,5000,5000,5000,5000,5000,5000,5000,5000,5000,5000,5000,5000,5000,5000,5000,5000,5000,5000,5000,5000,5000,5000,5000,5000,5000
sat/8-4-10.cnf,5000,5000,5000,5000,5000,5000,5000,5000,5000,5000,5000,5000,5000,5000,5000,5000,5000,5000,5000,5000,5000,5000,5000,5000,5000,5000,5000,5000,5000,5000,5000,5000,5000,5000,5000,5000,5000
sat/8-4-8.cnf,5000,5000,5000,5000,5000,5000,5000,5000,5000,5000,5000,5000,5000,5000,5000,5000,5000,5000,5000,5000,5000,5000,5000,5000,5000,5000,5000,5000,5000,5000,5000,5000,5000,5000,5000,5000,5000
sat/8-4-9.cnf,5000,5000,5000,5000,5000,5000,5000,5000,5000,5000,5000,5000,5000,5000,5000,5000,5000,5000,5000,5000,5000,5000,5000,5000,5000,5000,5000,5000,5000,5000,5000,5000,5000,5000,5000,5000,5000
sat/8-5-6.cnf,5000,5000,5000,5000,5000,5000,5000,5000,5000,5000,5000,5000,5000,5000,5000,5000,5000,5000,5000,5000,5000,5000,5000,5000,5000,5000,5000,5000,5000,5000,5000,5000,5000,5000,5000,5000,5000
sat/9-4-10.cnf,5000,5000,5000,5000,5000,5000,5000,5000,5000,5000,5000,5000,5000,5000,5000,5000,5000,5000,5000,5000,5000,5000,5000,5000,5000,5000,5000,5000,5000,5000,5000,5000,5000,5000,5000,5000,5000
sat/9-4-9.cnf,5000,5000,5000,5000,5000,5000,5000,5000,5000,5000,5000,5000,5000,5000,5000,5000,5000,5000,5000,5000,5000,5000,5000,5000,5000,5000,5000,5000,5000,5000,5000,5000,5000,5000,5000,5000,5000
sat/a_rphp035_05.cnf,5000,5000,5000,5000,5000,5000,5000,5000,5000,5000,5000,5000,5000,5000,5000,5000,5000,5000,5000,5000,5000,5000,5000,5000,5000,5000,5000,5000,5000,5000,5000,5000,5000,5000,5000,5000,5000
sat/a_rphp045_05.cnf,5000,5000,5000,5000,5000,5000,5000,5000,5000,5000,5000,5000,5000,5000,5000,5000,5000,5000,5000,5000,5000,5000,5000,5000,5000,5000,5000,5000,5000,5000,5000,5000,5000,5000,5000,5000,5000
sat/a_rphp055_04.cnf,5000,149.85,5000,5000,5000,5000,5000,5000,5000,221.85,5000,212.71,5000,5000,5000,5000,5000,5000,5000,5000,5000,5000,5000,5000,5000,247.28,5000,5000,5000,5000,5000,5000,5000,5000,226.13,5000,5000
sat/a_rphp056_05.cnf,5000,5000,5000,5000,5000,5000,5000,5000,5000,5000,5000,5000,5000,5000,5000,5000,5000,5000,5000,5000,5000,5000,5000,5000,5000,5000,5000,5000,5000,5000,5000,5000,5000,5000,5000,5000,5000
sat/a_rphp065_04.cnf,5000,5000,5000,5000,5000,5000,5000,5000,5000,5000,5000,5000,5000,5000,5000,5000,5000,5000,5000,5000,5000,5000,5000,5000,5000,5000,5000,5000,5000,5000,5000,5000,5000,5000,5000,5000,5000
sat/a_rphp085_04.cnf,5000,5000,5000,5000,5000,5000,5000,5000,5000,5000,5000,5000,5000,5000,5000,5000,5000,5000,5000,5000,5000,5000,5000,5000,5000,5000,5000,5000,5000,5000,5000,5000,5000,5000,5000,5000,5000
sat/a_rphp098_04.cnf,5000,5000,5000,5000,5000,5000,5000,5000,5000,5000,5000,5000,5000,5000,5000,5000,5000,5000,5000,5000,5000,5000,5000,5000,5000,5000,5000,5000,5000,5000,5000,5000,5000,5000,5000,5000,5000
sat/ad-A-3-7-17.cnf,5000,5000,5000,5000,5000,5000,5000,5000,5000,5000,5000,5000,5000,5000,5000,5000,5000,5000,5000,5000,5000,5000,5000,5000,5000,5000,5000,5000,5000,5000,5000,5000,5000,5000,5000,5000,5000
sat/ae_rphp035_05.cnf,5000,5000,5000,5000,5000,5000,5000,5000,5000,5000,5000,5000,5000,5000,5000,5000,5000,5000,5000,5000,5000,5000,5000,5000,5000,5000,5000,5000,5000,5000,5000,5000,5000,5000,5000,5000,5000
sat/ae_rphp045_05.cnf,5000,5000,5000,5000,5000,5000,5000,5000,5000,5000,5000,5000,5000,5000,5000,5000,5000,5000,5000,5000,5000,5000,5000,5000,5000,5000,5000,5000,5000,5000,5000,5000,5000,5000,5000,5000,5000
sat/ae_rphp055_04.cnf,5000,149.58,5000,5000,211.08,5000,5000,135.16,5000,173.69,124.89,141.13,5000,5000,5000,5000,5000,5000,5000,5000,5000,5000,5000,5000,201,244.81,5000,5000,5000,5000,5000,5000,5000,5000,211.88,5000,5000
sat/ae_rphp056_05.cnf,5000,5000,5000,5000,5000,5000,5000,5000,5000,5000,5000,5000,5000,5000,5000,5000,5000,5000,5000,5000,5000,5000,5000,5000,5000,5000,5000,5000,5000,5000,5000,5000,5000,5000,5000,5000,5000
sat/ae_rphp062_05.cnf,5000,5000,5000,5000,5000,5000,5000,5000,5000,5000,5000,5000,5000,5000,5000,5000,5000,5000,5000,5000,5000,5000,5000,5000,5000,5000,5000,5000,5000,5000,5000,5000,5000,5000,5000,5000,5000
sat/ae_rphp075_04.cnf,5000,5000,5000,5000,5000,5000,5000,5000,5000,5000,5000,5000,5000,5000,5000,5000,5000,5000,5000,5000,5000,5000,5000,5000,5000,5000,5000,5000,5000,5000,5000,5000,5000,5000,5000,5000,5000
sat/ae_rphp095_04.cnf,5000,5000,5000,5000,5000,5000,5000,5000,5000,5000,5000,5000,5000,5000,5000,5000,142.48,5000,5000,5000,5000,5000,5000,5000,5000,5000,5000,5000,5000,5000,5000,5000,5000,5000,5000,5000,5000
sat/apn-sbox5-cut3-symmbreak.cnf,5000,5000,5000,5000,5000,5000,5000,5000,5000,5000,5000,5000,5000,5000,5000,5000,5000,5000,5000,5000,5000,5000,5000,5000,5000,5000,5000,5000,5000,5000,5000,5000,5000,5000,5000,5000,5000
sat/apn-sbox5-cut4-symmbreak.cnf,5000,5000,5000,5000,5000,5000,5000,5000,5000,5000,5000,5000,5000,5000,5000,5000,5000,5000,5000,5000,5000,5000,5000,5000,5000,5000,5000,5000,5000,5000,5000,5000,5000,5000,5000,5000,5000
sat/apn-sbox5-cut5-symmbreak.cnf,5000,5000,5000,5000,5000,5000,5000,5000,5000,5000,5000,5000,5000,5000,5000,5000,5000,5000,5000,5000,5000,5000,5000,5000,5000,5000,5000,5000,5000,5000,5000,5000,5000,5000,5000,5000,5000
sat/apn-sbox6-cut3-helpbox23.cnf,5000,5000,5000,5000,5000,5000,5000,5000,5000,5000,5000,5000,5000,5000,5000,5000,5000,5000,5000,5000,5000,5000,5000,5000,5000,5000,5000,5000,5000,5000,5000,5000,5000,5000,5000,5000,5000
sat/apn-sbox6-cut3-helpbox26.cnf,5000,5000,5000,5000,5000,5000,5000,5000,5000,5000,5000,5000,5000,5000,5000,5000,5000,5000,5000,5000,5000,5000,5000,125.66,5000,5000,5000,127.45,5000,5000,5000,5000,5000,5000,5000,5000,5000
sat/apn-sbox6-cut3-helpbox28.cnf,5000,5000,5000,5000,5000,5000,5000,5000,5000,5000,5000,5000,5000,5000,5000,185.56,5000,5000,5000,5000,5000,5000,5000,5000,5000,5000,135.19,5000,5000,5000,5000,5000,5000,5000,5000,5000,5000
sat/apn-sbox6-cut3-helpbox29.cnf,5000,5000,5000,5000,5000,5000,5000,5000,5000,5000,5000,5000,5000,5000,5000,5000,5000,5000,5000,5000,5000,5000,5000,134.22,193.28,5000,5000,5000,5000,5000,5000,5000,5000,5000,5000,5000,5000
sat/apn-sbox6-cut3-helpbox30.cnf,5000,5000,5000,204.34,5000,5000,5000,5000,5000,5000,5000,5000,5000,57.74,58.28,5000,5000,5000,5000,243.8,5000,243.63,242.3,5000,5000,5000,5000,222.59,195.24,5000,5000,5000,5000,5000,233.71,5000,5000
sat/apn-sbox6-cut3-helpbox31.cnf,5000,5000,5000,5000,193.62,5000,5000,5000,5000,5000,5000,220.61,93,5000,5000,107.38,1144.01,5000,105,182.21,5000,182.08,181.08,5000,5000,5000,5000,5000,5000,5000,5000,5000,5000,147.01,5000,5000,5000
sat/apn-sbox6-cut4-helpbox23.cnf,5000,5000,5000,5000,5000,5000,5000,5000,5000,5000,5000,5000,5000,5000,5000,5000,5000,5000,5000,5000,5000,5000,5000,5000,5000,5000,5000,5000,5000,5000,5000,5000,5000,5000,5000,5000,5000
sat/apn-sbox6-cut4-helpbox26.cnf,5000,5000,5000,5000,5000,5000,5000,5000,5000,5000,5000,5000,5000,5000,5000,5000,248.4,5000,5000,5000,5000,5000,5000,5000,5000,5000,5000,5000,5000,5000,5000,5000,5000,5000,5000,5000,5000
sat/apn-sbox6-cut4-helpbox28.cnf,5000,5000,5000,5000,5000,5000,5000,5000,5000,5000,5000,5000,5000,5000,5000,5000,5000,5000,5000,5000,5000,5000,5000,5000,5000,5000,5000,5000,5000,5000,5000,5000,5000,5000,5000,5000,5000
sat/apn-sbox6-cut4-helpbox29.cnf,5000,5000,5000,5000,5000,5000,5000,5000,218.35,5000,5000,5000,5000,5000,5000,5000,5000,5000,5000,5000,5000,5000,5000,5000,5000,5000,5000,5000,5000,5000,5000,5000,5000,5000,5000,5000,5000
sat/apn-sbox6-cut4-helpbox30.cnf,90.41,5000,5000,5000,121.22,5000,5000,5000,5000,5000,5000,5000,5000,5000,5000,5000,11.9,5000,5000,209.2,5000,208.78,207.35,5000,205.68,160.19,102.34,196.89,5000,5000,175.13,199.05,5000,5000,5000,5000,5000
sat/apn-sbox6-cut4-helpbox31.cnf,5000,5000,5000,5000,30.95,5000,5000,5000,1853.26,93.27,5000,218.73,5000,5000,5000,5000,210.94,37.23,5000,5000,5000,5000,5000,80.84,5000,168.25,5000,5000,152.13,248.59,5000,5000,5000,5000,5000,5000,5000
sat/apn-sbox6-cut5-helpbox23.cnf,5000,5000,5000,5000,5000,5000,5000,5000,5000,5000,5000,5000,5000,5000,5000,5000,5000,5000,5000,5000,5000,5000,5000,5000,5000,5000,5000,5000,5000,5000,5000,5000,5000,5000,5000,5000,5000
sat/apn-sbox6-cut5-helpbox26.cnf,5000,5000,5000,5000,5000,5000,5000,5000,5000,5000,5000,5000,5000,5000,5000,5000,5000,5000,5000,5000,5000,5000,5000,5000,5000,5000,5000,5000,5000,5000,5000,5000,5000,5000,5000,5000,5000
sat/apn-sbox6-cut5-helpbox28.cnf,5000,5000,5000,5000,5000,5000,5000,5000,5000,5000,5000,5000,5000,5000,5000,5000,5000,5000,5000,5000,5000,5000,5000,5000,5000,5000,5000,5000,5000,5000,5000,5000,5000,5000,5000,5000,5000
sat/apn-sbox6-cut5-helpbox29.cnf,5000,5000,5000,5000,5000,5000,5000,5000,5000,5000,5000,5000,5000,5000,5000,5000,5000,5000,5000,5000,5000,5000,5000,5000,5000,5000,5000,5000,5000,5000,5000,5000,5000,5000,5000,5000,5000
sat/apn-sbox6-cut5-helpbox30.cnf,5000,5000,5000,5000,5000,5000,5000,5000,217.45,173.52,5000,5000,5000,5000,5000,5000,5000,5000,5000,5000,5000,5000,5000,5000,5000,181.5,5000,5000,5000,5000,5000,5000,5000,5000,174.68,5000,5000
sat/assoc_mult_err_3.c.cnf,56.87,33.14,85.67,55.84,59.68,100.01,108.93,86.6,77.49,102.07,5000,89.23,108.3,5000,5000,5000,159.65,5000,65.71,88.86,87.43,90.94,90.12,86.74,91.2,90.02,96.04,85.85,77.8,95.17,107.12,88.18,144.62,5000,39.84,5000,5000
sat/assoc2.c.cnf,5000,5000,5000,5000,5000,5000,5000,5000,5000,5000,5000,5000,5000,5000,5000,5000,5000,5000,5000,5000,5000,5000,5000,5000,5000,5000,5000,5000,5000,5000,5000,5000,5000,5000,5000,5000,5000
sat/avg_true-unreach-call.i.cnf,5000,115.82,5000,134.41,5000,5000,5000,5000,5000,5000,5000,5000,5000,5000,5000,5000,5000,5000,151.87,5000,5000,5000,5000,5000,5000,5000,5000,5000,5000,5000,5000,5000,5000,5000,5000,5000,5000
sat/ax-d-4-7-5.cnf,5000,5000,5000,5000,5000,5000,5000,5000,5000,5000,5000,5000,5000,5000,5000,5000,5000,5000,5000,5000,5000,5000,5000,5000,5000,5000,5000,5000,5000,5000,5000,5000,5000,5000,5000,5000,5000
sat/bibd-16-80-15-3-2_glb.cnf,1.83,1.06,59.18,31.63,5.93,203.26,6.51,4.5,42.32,8.93,59.36,64.44,50.86,73.49,73.08,51.26,2.41,6.46,34.41,11.37,15.28,11.54,11.45,5.1,45.92,44.38,3.95,5.06,47.12,5.6,4.49,30.96,6.35,33.72,3.03,5000,5000
sat/bibd-19-57-9-3-1_glb.cnf,0.41,0.67,5000,21.5,0.15,5000,3.77,10.55,58.17,5000,124.46,239.74,64.12,50.01,49.91,64.6,5000,185.34,5.5,4.88,21.89,4.91,4.94,5.54,31.78,31.26,4.9,5.57,24.16,13.08,3.58,37.04,5000,148.22,0.32,5000,5000
sat/bibd-8-70-35-4-15_glb.cnf,35.73,27.51,26.28,22,20.1,54.95,77.8,28.47,59.1,15.26,29.51,51.04,53.99,36.43,36.48,55.62,21.56,44.57,76.54,33.26,34.99,37.63,37.3,35.75,25.36,30.29,30.91,35.43,5000,51.59,17.35,14.47,60.94,55.48,25.21,5000,5000
sat/bx-d-4-7-6.cnf,5000,5000,5000,5000,5000,5000,5000,5000,5000,5000,5000,5000,5000,5000,5000,5000,5000,5000,5000,5000,5000,5000,5000,5000,5000,5000,5000,5000,5000,5000,5000,5000,5000,82.38,5000,5000,5000
sat/bx-d-4-7-8.cnf,5000,5000,5000,5000,5000,5000,5000,5000,5000,5000,5000,5000,5000,5000,5000,5000,5000,5000,5000,5000,5000,5000,5000,5000,5000,5000,5000,5000,5000,5000,5000,5000,5000,8.08,5000,228.67,5000
sat/by-alt-5-7.cnf,5000,5000,5000,5000,5000,5000,5000,5000,5000,5000,5000,5000,5000,5000,5000,5000,5000,5000,5000,5000,5000,5000,5000,5000,5000,5000,5000,5000,5000,5000,5000,5000,5000,53.92,5000,5000,5000
sat/by-X-2-7-100.cnf,5000,5000,5000,5000,5000,5000,5000,5000,5000,5000,5000,5000,5000,5000,5000,5000,5000,5000,5000,5000,5000,5000,5000,5000,5000,5000,5000,5000,5000,5000,5000,5000,5000,5000,5000,5000,5000
sat/bz-X-4-7-6.cnf,5000,5000,5000,5000,5000,5000,5000,5000,5000,5000,5000,5000,5000,5000,5000,5000,5000,5000,5000,5000,5000,5000,5000,5000,5000,5000,5000,5000,5000,5000,5000,5000,5000,227.58,5000,5000,5000
sat/C3-2-31.cnf,17.46,58.87,173.3,62.94,35.01,65.17,43.36,35.56,157.63,39.89,37.84,40.24,44.09,51.24,51.57,44.1,37.46,38.86,5000,42.48,43.61,42.7,42.23,34.82,43.13,43.1,36.47,35.13,57.67,40.55,35.67,40.09,31.66,77.32,39.26,5000,5000
sat/Cake_8_16.cnf,5000,5000,5000,5000,5000,5000,5000,5000,5000,5000,5000,5000,5000,5000,5000,5000,5000,5000,5000,5000,5000,5000,5000,5000,5000,5000,5000,5000,5000,5000,5000,5000,5000,5000,5000,5000,5000
sat/Cake_9_19.cnf,5000,5000,5000,5000,5000,5000,5000,5000,5000,5000,5000,5000,5000,5000,5000,5000,5000,5000,5000,5000,5000,5000,5000,5000,5000,5000,5000,5000,5000,5000,5000,5000,5000,5000,5000,5000,5000
sat/Cake_9_20.cnf,5000,5000,5000,5000,5000,5000,5000,5000,5000,5000,5000,5000,5000,5000,5000,5000,5000,5000,5000,5000,5000,5000,5000,5000,5000,5000,5000,5000,5000,5000,5000,5000,5000,5000,5000,5000,5000
sat/cannonball-opt-y.rules.4-10.cnf,5000,5000,5000,5000,5000,5000,5000,5000,5000,5000,5000,5000,5000,5000,5000,5000,5000,5000,5000,5000,5000,5000,5000,5000,5000,5000,5000,5000,5000,5000,5000,5000,5000,5000,5000,5000,5000
sat/cms-scheel-md4-families-r24-c4-p4-9-13-18.cnf,5000,5000,5000,5000,5000,5000,5000,79.26,5000,5000,5000,5000,5000,5000,5000,5000,5000,5000,5000,5000,5000,5000,5000,5000,5000,5000,5000,5000,5000,5000,5000,5000,5000,5000,5000,5000,5000
sat/cms-scheel-md4-families-r24-c4-p6-13-17-19.cnf,5000,5000,5000,5000,5000,5000,175.99,72.64,2572.81,5000,5000,5000,5000,5000,5000,5000,5000,5000,5000,115.93,49.07,5000,5000,5000,59.94,119.97,5000,5000,5000,5000,178.65,5000,5000,5000,5000,5000,5000
sat/cms-scheel-md4-families-r24-c5-p0-5-11-13-18.cnf,5000,5000,5000,173.09,5000,5000,5000,5000,2536.77,5000,5000,5000,5000,5000,5000,5000,5000,5000,5000,5000,5000,5000,5000,94.15,106.83,125.14,5000,94.31,5000,213.69,63.57,92.76,5000,5000,5000,5000,5000
sat/cms-scheel-md4-families-r24-c5-p0-7-10-15-19.cnf,46.99,34.67,42.19,0.05,6.73,5000,17.72,7.57,1202.6,0.13,20.02,226.35,203.34,194,194.12,205.71,110.33,79.11,5000,9.95,11.29,21.87,21.68,9.6,14.44,14.19,8.77,9.63,59.11,12.88,7.48,7.06,100.43,5000,4.55,5000,5000
sat/cms-scheel-md4-families-r24-c5-p1-5-10-12-18.cnf,1.31,1.29,5000,28.22,5000,5000,5000,24.81,2490.66,5000,5000,5000,5000,5000,5000,5000,5000,5000,7.5,112.24,0.54,5000,5000,78.01,52.04,109.63,0.35,79.47,0.47,0.37,70.15,48.96,5000,1.33,5000,5000,5000
sat/cms-scheel-md4-families-r24-c5-p1-8-13-18-19.cnf,99,5000,5000,203.19,5000,5000,5000,5000,5000,5000,5000,5000,5000,5000,5000,5000,5000,5000,5000,5000,5000,5000,5000,5000,5000,244.26,130.05,5000,5000,102.86,196.39,5000,5000,5000,5000,5000,5000
sat/cms-scheel-md4-families-r24-c5-p1-8-9-16-19.cnf,0.73,0.97,5000,4.32,5000,5000,5000,5000,5000,5000,5000,5000,5000,5000,5000,5000,5000,5000,4.26,5000,5000,5000,5000,125.8,74.09,49.25,5000,98.02,5000,5000,5000,5000,5000,5000,5000,5000,5000
sat/cms-scheel-md4-families-r24-c5-p5-13-16-17-19.cnf,155.56,5000,5000,204.76,5000,5000,5000,5000,5000,5000,5000,5000,5000,5000,5000,5000,5000,5000,5000,5000,5000,5000,5000,5000,5000,5000,5000,5000,5000,5000,5000,5000,5000,5000,5000,5000,5000
sat/cms-scheel-md4-families-r24-c6-p0-5-10-11-17-18.cnf,1.81,1.17,5000,0.39,5000,104.71,5000,61.76,2490.17,5000,5000,5000,5000,5000,5000,5000,5000,5000,11.28,0.76,0.58,0.71,0.71,0.66,5000,189.45,5000,0.65,5000,243.95,141.8,5000,5000,1.4,5000,5000,5000
sat/cms-scheel-md4-families-r24-c6-p1-9-13-16-18-19.cnf,109.81,5000,5000,220.58,230.22,5000,5000,5000,5000,5000,5000,5000,5000,5000,5000,5000,5000,5000,5000,59.19,72.03,5000,5000,5000,153.32,148.8,5000,5000,5000,109.15,5000,5000,5000,5000,5000,5000,5000
sat/cms-scheel-md4-families-r24-c6-p2-4-9-16-17-19.cnf,0.54,1,5000,30.91,45.06,5000,35.3,18.32,2489.56,138.14,106.65,5000,5000,5000,5000,5000,145.46,71.01,4.35,13.99,0.51,29.8,28.88,19.17,33.02,32.02,17.06,19.62,96.16,32.13,24.77,20.92,5000,1.6,46.28,5000,5000
sat/cms-scheel-md4-families-r24-c8-p2-3-4-5-7-12-16-19.cnf,67.36,5000,98.87,30.63,16.1,5000,31.8,10.2,1866.91,28.58,25.35,43.6,5000,89.35,89.32,5000,18.54,87.02,5000,8.8,10.1,44.67,44.86,17.02,20.5,15.69,9.03,16.58,10.93,5.67,21.13,11.35,5000,5000,24.7,5000,5000
sat/cms-scheel-md5-families-r24-c11-p1-4-6-9-10-11-13-15-17-18-19.cnf,8.99,23.36,96.87,42.93,7.88,5000,15.65,8.01,2486.41,2.57,127.96,5000,5000,5000,5000,5000,195.93,5000,5000,10.97,7.75,10.89,11.02,10.29,21.09,14.28,9.85,10.28,80.15,12.97,12.94,10.08,67.43,5000,16.04,5000,5000
sat/cms-scheel-md5-families-r24-c4-p1-3-4-16.cnf,96.42,5000,5000,112.67,48.41,5000,88.74,66.13,2492.79,39.95,5000,5000,5000,5000,5000,5000,5000,5000,5000,44.75,28.84,100.3,98.98,29.66,33.88,55.19,67.87,29.63,5000,36.72,101.92,30.65,234.57,144.35,42.72,5000,5000
sat/cms-scheel-md5-families-r24-c5-p2-7-8-15-19.cnf,5000,5000,5000,5000,5000,5000,5000,5000,5000,5000,5000,5000,5000,5000,5000,5000,5000,5000,5000,5000,5000,5000,5000,5000,5000,5000,119.06,5000,5000,5000,5000,5000,5000,5000,5000,5000,5000
sat/cms-scheel-md5-families-r24-c5-p6-11-15-16-19.cnf,5000,5000,5000,5000,5000,86.94,121.13,5000,5000,5000,5000,5000,5000,5000,5000,5000,5000,5000,5000,5000,1.22,5000,5000,269.65,113.24,125.44,5000,722.18,2.6,82.47,157.11,8.79,5000,5000,5000,5000,5000
sat/cms-scheel-md5-families-r24-c6-p1-4-6-13-14-18.cnf,5000,5000,5000,5000,5000,5000,5000,5000,5000,5000,5000,5000,5000,5000,5000,5000,5000,5000,5000,5000,5000,5000,5000,5000,5000,5000,5000,5000,5000,5000,5000,5000,5000,5000,5000,5000,5000
sat/cms-scheel-md5-families-r24-c7-p1-3-6-10-11-14-15.cnf,134.65,1.52,5000,174.78,138.58,5000,50.71,5000,2521.37,104.33,5000,5000,5000,5000,5000,5000,5000,5000,55.45,104.61,5000,125.3,5000,82.87,91.67,91.88,123.83,82.6,5000,115.62,111.33,79.18,2.93,7.23,162.05,5000,5000
sat/cms-scheel-md5-families-r24-c7-p1-5-6-12-16-18-19.cnf,5000,5000,5000,5000,5000,5000,5000,5000,5000,5000,5000,5000,5000,5000,5000,5000,5000,5000,5000,5000,102.83,5000,5000,5000,5000,5000,5000,5000,5000,5000,5000,5000,5000,5000,5000,5000,5000
sat/cms-scheel-md5-families-r24-c8-p0-3-5-6-14-16-18-19.cnf,5000,5000,5000,5000,5000,5000,5000,5000,5000,5000,5000,5000,5000,5000,5000,5000,5000,5000,5000,5000,5000,5000,5000,5000,5000,114,5000,5000,5000,5000,154.42,113.53,5000,5000,5000,5000,5000
sat/CNP-5-0.cnf,5000,5000,5000,5000,5000,5000,216.13,5000,5000,5000,5000,5000,5000,171.2,169.44,5000,5000,63.26,5000,5000,5000,5000,5000,5000,5000,5000,5000,5000,5000,5000,5000,5000,5000,5000,5000,2.39,5.52
sat/CNP-5-100.cnf,5000,5000,5000,169.32,38.56,5000,5000,5000,5000,5000,5000,5000,5000,5000,5000,5000,5000,5000,5000,5000,5000,5000,5000,5000,5000,5000,5000,5000,5000,5000,5000,5000,5000,5000,5000,6.52,7.85
sat/CNP-5-1000.cnf,5000,5000,5000,5000,210.39,5000,5000,5000,5000,198.27,5000,5000,5000,211.17,211.09,5000,24.6,5000,5000,5000,5000,571.28,5000,5000,5000,107.93,5000,5000,5000,5000,112.46,662.43,5000,5000,5000,2.05,5.13
sat/CNP-5-1100.cnf,5000,5000,5000,5000,35.7,5000,38.27,5000,5000,55.25,5000,5000,5000,157.97,157.64,5000,5000,241.09,5000,5000,5000,5000,5000,5000,216.32,238.09,5000,5000,48.93,5000,230.35,5000,102.1,5000,5000,1.88,37.15
sat/CNP-5-1200.cnf,5000,5000,5000,80.72,210.9,5000,159.85,5000,3712.88,5000,5000,5000,5000,5000,5000,5000,5000,5000,5000,5000,5000,5000,5000,5000,5000,5000,5000,1524.22,5000,5000,186.22,5000,80.31,5000,5000,1.85,1.59
sat/CNP-5-1300.cnf,5000,5000,5000,5000,46.45,5000,196.9,5000,5000,41.2,5000,5000,5000,5000,5000,5000,5000,5000,248.23,49.62,5000,5000,5000,5000,5000,5000,5000,5000,130.17,5000,123.03,5000,87.09,5000,5000,1.69,22.52
sat/CNP-5-1400.cnf,5000,5000,46.55,5000,41.02,5000,118.54,5000,5000,35.86,5000,5000,5000,5000,5000,5000,5000,5000,5000,5000,5000,5000,5000,33.98,5000,5000,5000,33.41,140.76,194.68,41.07,5000,114.22,5000,5000,1.68,8.5
sat/CNP-5-1500.cnf,5000,5000,89.78,44.29,44.65,5000,174.97,5000,2487.57,136.48,146.76,5000,44.81,5000,5000,45.06,5000,5000,5000,85.93,5000,5000,5000,5000,80.28,17.55,5000,5000,5000,17.34,48.29,579.51,138.93,138.78,5000,1.72,2.77
sat/CNP-5-1600.cnf,5000,5000,5000,5000,57.12,5000,66.69,5000,5000,2.05,5000,5000,5000,119.64,119.49,5000,88.92,5000,5000,5000,69.16,5000,5000,16.29,196.8,5000,5000,16.26,92.83,16.71,77.79,47.94,186.6,62.32,5000,1.78,15.58
sat/CNP-5-1700.cnf,127.9,5000,28.29,5000,24.96,5000,75.73,5000,364.33,3.15,192.47,5000,23.04,58.43,58.46,23.43,75.51,96.75,5000,34.32,5000,5000,5000,5000,5000,5000,36.48,5000,93.04,126.48,72.56,33.04,148.13,5000,152.59,1.53,7.68
sat/CNP-5-1800.cnf,131.34,5000,16.24,221.63,20.78,5000,42.54,5000,5000,31.13,22.89,232.23,248.64,25.01,24.69,5000,146.48,92.57,5000,33.21,5000,19.64,19.13,5000,5000,39.78,5000,71.16,163.87,75.59,0.47,92.33,70.64,5000,5000,1.93,2.82
sat/CNP-5-1900.cnf,5000,5000,141.26,5000,73.3,5000,46.78,125.25,5000,242.48,101.75,32.9,42.02,218.94,219.25,42.07,26.37,121.61,5000,427.85,301.5,5000,5000,3.3,143.65,5000,517.88,3.29,16.07,68.32,209.36,5000,10.5,5000,5000,1.68,2.28
sat/CNP-5-200.cnf,5000,5000,5000,5000,5000,5000,5000,5000,5000,5000,5000,5000,5000,5000,5000,5000,18.67,5000,5000,5000,5000,5000,5000,5000,5000,169.02,5000,5000,5000,5000,217.37,5000,5000,5000,5000,2.68,2.28
sat/CNP-5-300.cnf,5000,5000,5000,5000,5000,5000,5000,5000,5000,177.87,5000,5000,5000,5000,5000,5000,5000,5000,5000,5000,5000,5000,5000,5000,5000,5000,5000,5000,5000,5000,5000,5000,5000,5000,5000,2.05,5.1
sat/CNP-5-400.cnf,5000,5000,5000,86.9,106.37,5000,228.44,99.7,5000,147.15,5000,5000,5000,22.16,22.12,5000,5000,5000,5000,5000,5000,5000,5000,5000,5000,5000,5000,5000,5000,5000,5000,5000,5000,5000,5000,5.69,1.11
sat/CNP-5-500.cnf,5000,5000,5000,41.16,5000,5000,5000,5000,5000,5000,5000,5000,5000,5000,5000,5000,5000,5000,5000,5000,5000,5000,5000,5000,5000,5000,5000,5000,5000,5000,205.25,5000,5000,5000,5000,2.18,26.76
sat/CNP-5-600.cnf,5000,5000,5000,5000,5000,5000,5000,165.19,5000,5000,5000,5000,5000,5000,5000,5000,5000,5000,5000,5000,5000,5000,5000,5000,5000,5000,5000,5000,5000,142.91,5000,5000,199.58,5000,5000,2.27,7.6
sat/CNP-5-700.cnf,5000,5000,5000,5000,5000,5000,5000,5000,5000,5000,5000,5000,5000,80.98,81.03,5000,5000,5000,5000,5000,5000,5000,5000,5000,108.87,5000,5000,5000,5000,5000,5000,50.32,5000,5000,5000,2.02,1.12
sat/CNP-5-800.cnf,5000,5000,5000,5000,5000,5000,5000,5000,5000,5000,5000,213.7,5000,5000,5000,5000,5000,5000,5000,5000,5000,104.45,102.35,5000,48.19,118.92,5000,5000,5000,5000,223.04,5000,95.09,5000,5000,2.22,9.24
sat/CNP-5-900.cnf,5000,5000,5000,5000,103.13,5000,5000,5000,5000,5000,5000,5000,5000,5000,5000,5000,5000,5000,5000,5000,5000,78.73,78.22,5000,5000,5000,5000,5000,86.57,5000,105.31,5000,96.53,5000,5000,2.02,25.83
sat/commutativity.c.cnf,5000,5000,5000,5000,5000,5000,5000,5000,5000,5000,5000,5000,5000,5000,5000,5000,5000,5000,5000,5000,5000,5000,5000,5000,5000,5000,5000,5000,5000,5000,5000,5000,5000,5000,5000,5000,5000
sat/commutativity3.c.cnf,5000,5000,5000,5000,5000,5000,5000,5000,5000,5000,5000,5000,5000,5000,5000,5000,5000,5000,5000,5000,5000,5000,5000,5000,5000,5000,5000,5000,5000,5000,5000,5000,5000,5000,5000,5000,5000
sat/course_flat_0.12_2018_3_1.cnf,5000,2485.72,1098.2,4257.19,1005.83,1570.29,1635.68,2918.33,300.32,5000,462.25,1584.14,1724.04,861.34,836.99,831.96,1621.03,2060.43,1149.55,2758.2,3174.67,2832.37,2886.05,2790.61,5000,5000,2936.96,2983.08,1428.91,1991.75,1162.84,2877.71,4484,948.3,5000,2247.61,5000
sat/course0.12_2018_3_1.cnf,5000,5000,5000,5000,5000,5000,5000,5000,5000,5000,5000,5000,5000,5000,5000,5000,5000,5000,5000,5000,5000,5000,5000,5000,5000,5000,5000,5000,5000,5000,5000,5000,5000,5000,5000,5000,5000
sat/course0.12_2018_3_5.cnf,5000,5000,5000,5000,5000,5000,5000,5000,5000,5000,5000,5000,5000,5000,5000,5000,5000,5000,5000,5000,5000,5000,5000,5000,5000,5000,5000,5000,5000,5000,5000,5000,5000,5000,5000,5000,5000
sat/course0.16_2018_3_5.cnf,5000,5000,5000,5000,5000,5000,5000,5000,5000,5000,5000,5000,5000,5000,5000,5000,5000,5000,5000,5000,5000,5000,5000,5000,5000,5000,5000,5000,5000,5000,5000,5000,5000,5000,5000,5000,5000
sat/course0.2_2018_3_5.cnf,5000,121.52,5000,209.88,5000,5000,5000,78.41,5000,5000,5000,5000,5000,5000,5000,5000,202.94,5000,5000,244.3,421.24,243.35,209.59,5000,5000,5000,284.99,5000,5000,5000,194.47,5000,5000,5000,101.24,5000,5000
sat/course0.2_2018_3.cnf,5000,5000,5000,5000,5000,5000,5000,5000,5000,5000,5000,5000,5000,5000,5000,5000,5000,5000,5000,5000,5000,5000,5000,5000,5000,5000,5000,5000,5000,5000,5000,5000,5000,5000,5000,5000,5000
sat/courses0.2_2017_9.cnf,2778.5,5000,1328.34,1167.93,2657.36,5000,3321.58,5000,4146.67,2147.08,237.36,3242.75,1703.31,4055.32,3914.48,3795.67,1518.46,3770.73,963.83,1669.38,3270.4,1599.73,1675.89,1528.38,701.56,682.9,157.65,1947.23,796.25,1276.24,1124.2,790.95,1381.89,955.57,640.39,3392.04,5000
sat/cz-3-7-7.cnf,5000,5000,5000,5000,5000,5000,5000,5000,5000,5000,5000,5000,5000,5000,5000,5000,5000,5000,5000,5000,5000,5000,5000,5000,5000,5000,5000,5000,5000,5000,5000,5000,5000,5000,5000,5000,5000
sat/cz-alt-3-7.cnf,5000,5000,5000,5000,5000,5000,5000,5000,5000,5000,5000,5000,5000,5000,5000,5000,5000,5000,5000,5000,5000,5000,5000,5000,5000,5000,5000,5000,5000,5000,5000,5000,5000,5000,5000,5000,5000
sat/cz-d-4-7-5.cnf,5000,5000,5000,5000,5000,5000,5000,5000,5000,5000,5000,5000,5000,5000,5000,5000,5000,5000,5000,5000,5000,5000,5000,5000,5000,5000,5000,5000,5000,5000,5000,5000,5000,5000,5000,5000,5000
sat/dist10.c.cnf,125.8,89.9,216.27,92.38,163.8,5000,215.61,166.79,241.05,5000,5000,5000,5000,5000,5000,5000,462.32,5000,136.65,136.47,133.4,140.21,135.7,166.93,201.39,180.6,185,178.61,214.59,210.59,203.71,223.1,5000,5000,110.84,5000,5000
sat/dist4.c.cnf,157.92,81.9,219.83,89.36,214.78,5000,203.87,165.57,183.83,5000,5000,5000,5000,5000,5000,5000,5000,5000,128.97,118.48,122.94,118.28,116.88,146.17,152.84,159.11,147.33,164.56,224.96,195.99,165.4,188.19,5000,5000,129.89,5000,5000
sat/dist5.c.cnf,172.99,91.83,236.04,86.89,173.39,5000,204.36,202.88,271.97,5000,5000,5000,5000,5000,5000,5000,5000,5000,134.31,143.73,125.13,143.25,149.57,180.9,163.74,159.97,171.71,191.19,216.9,209.88,199.15,188.62,5000,5000,101.67,5000,5000
sat/dist6.c.cnf,114.87,84.66,5000,90.74,181.24,5000,224.27,165.06,216.6,5000,5000,5000,5000,5000,5000,5000,5000,5000,137.33,131.51,141.21,138.6,133.76,198.41,177.13,172.31,169.8,208.22,209.95,200.46,196.92,173.58,5000,5000,107.57,5000,5000
sat/dist7.c.cnf,114.34,92.05,5000,89.21,182.7,5000,239.27,203.21,231.8,5000,5000,5000,5000,5000,5000,5000,5000,5000,129.41,136.02,150.93,134.61,133.21,181.75,149.45,167.09,176.2,202.2,211.19,213.03,191.22,209.89,5000,5000,116.65,5000,5000
sat/dist8.c.cnf,5000,108.19,249.3,91.01,217.12,5000,233.08,190.49,256.73,5000,5000,5000,5000,5000,5000,5000,570.99,5000,140.92,140.51,141.63,140.09,143.41,188.89,171.13,169.56,169.77,204.36,220.2,216.43,187.35,192.83,5000,5000,114.05,5000,5000
sat/dist9.c.cnf,236.65,97.27,5000,92.67,235.55,5000,220.04,182.58,206.19,5000,5000,5000,5000,5000,5000,5000,5000,5000,132.82,138.43,127.4,136.24,138.57,167.71,157.77,157.59,180.68,192.73,208.75,215.77,180.86,164.66,5000,5000,108.67,5000,5000
sat/e_rphp035_05.cnf,245.76,5000,5000,5000,5000,5000,5000,5000,5000,5000,5000,5000,5000,5000,5000,5000,5000,5000,5000,5000,5000,5000,5000,5000,5000,5000,5000,5000,5000,5000,5000,5000,5000,5000,5000,5000,5000
sat/e_rphp055_04.cnf,5000,157.36,5000,5000,196.67,5000,5000,121.7,5000,166.8,108.16,116.5,241.17,5000,5000,5000,5000,5000,5000,5000,5000,5000,5000,5000,170.56,160.44,5000,5000,5000,5000,5000,5000,5000,5000,5000,5000,5000
sat/e_rphp056_05.cnf,5000,5000,5000,5000,5000,5000,5000,5000,5000,5000,5000,5000,5000,5000,5000,5000,5000,5000,5000,5000,5000,5000,5000,5000,5000,5000,5000,5000,5000,5000,5000,5000,5000,5000,5000,5000,5000
sat/e_rphp065_04.cnf,5000,5000,5000,5000,5000,5000,5000,5000,5000,5000,5000,5000,5000,5000,5000,5000,5000,5000,5000,5000,5000,5000,5000,5000,5000,5000,5000,5000,5000,5000,5000,5000,5000,5000,5000,5000,5000
sat/e_rphp065_05.cnf,5000,5000,5000,5000,5000,5000,5000,5000,5000,5000,5000,5000,5000,5000,5000,5000,102.31,5000,5000,5000,5000,5000,5000,5000,5000,5000,5000,5000,5000,5000,5000,5000,5000,5000,5000,5000,5000
sat/e_rphp096_04.cnf,5000,5000,5000,5000,5000,5000,5000,5000,5000,5000,5000,5000,5000,5000,5000,5000,63.97,5000,5000,5000,5000,5000,5000,5000,5000,5000,5000,5000,5000,5000,5000,5000,5000,5000,5000,5000,5000
sat/ecarev-110-1031-23-40-1.cnf,233.03,5000,5000,5000,164.59,5000,5000,5000,1228.49,205.31,5000,5000,5000,5000,5000,5000,5000,231.84,5000,5000,5000,5000,5000,5000,5000,216.33,5000,5000,5000,5000,5000,5000,5000,5000,236.79,5000,5000
sat/ecarev-110-1031-23-40-2.cnf,172.03,5000,5000,5000,82.93,5000,5000,5000,707.9,146.44,5000,183.6,174.84,175.27,175.06,193.79,183.74,180.6,5000,5000,5000,5000,5000,5000,197.77,5000,5000,5000,5000,240.16,5000,109.8,5000,217.96,204.47,5000,5000
sat/ecarev-110-1031-23-40-3.cnf,141.67,20.34,5000,5000,12.67,160.56,5000,53.1,5000,89.3,6.4,5000,229.54,24.27,23.57,235.48,158.56,30.91,136.32,25.77,19.14,32.99,32.85,29.23,155.56,237.95,93.31,38.33,12.16,49.49,96.71,42.22,192.05,42.76,8.52,5000,5000
sat/ecarev-110-1031-23-40-5.cnf,5000,5000,5000,5000,191.22,5000,5000,5000,1213.52,171.25,5000,5000,200.43,240.97,240.93,244.78,256.22,5000,5000,5000,5000,5000,5000,5000,5000,5000,5000,5000,5000,5000,5000,127.35,5000,5000,5000,5000,5000
sat/ecarev-110-1031-23-40-6.cnf,5000,5000,5000,5000,5000,5000,5000,5000,5000,5000,5000,5000,5000,5000,5000,5000,5000,5000,5000,5000,5000,5000,5000,5000,5000,5000,5000,5000,5000,5000,5000,5000,5000,5000,5000,5000,5000
sat/ecarev-110-1031-23-40-7.cnf,175.54,5000,5000,5000,107.04,5000,5000,5000,1033.15,135.17,224.1,166.99,159.88,189.32,189.47,217.67,197.84,161.43,5000,5000,5000,132.14,130.46,5000,116.01,110.54,5000,5000,5000,5000,244.84,118.26,5000,218.13,215.09,5000,5000
sat/ecarev-110-1031-23-40-8.cnf,5000,5000,5000,5000,5000,5000,5000,5000,5000,5000,5000,5000,5000,5000,5000,5000,5000,5000,5000,5000,5000,5000,5000,5000,5000,5000,5000,5000,5000,5000,5000,5000,5000,5000,5000,5000,5000
sat/ecarev-110-4099-22-30-2.cnf,5000,5000,5000,5000,120.16,5000,5000,242.45,5000,173.81,5000,5000,205.87,216.75,216.67,228.97,200.68,216.61,5000,229.87,5000,5000,233.57,244.39,5000,5000,5000,5000,5000,181.7,158.44,231.28,5000,5000,5000,5000,5000
sat/ecarev-110-4099-22-30-4.cnf,5000,5000,5000,5000,132.99,5000,5000,5000,5000,198.52,5000,5000,5000,5000,5000,5000,5000,5000,5000,5000,5000,5000,5000,5000,5000,244.62,5000,5000,5000,217.27,208.76,5000,5000,5000,5000,5000,5000
sat/ecarev-110-4099-22-30-5.cnf,5000,5000,5000,5000,140.63,5000,5000,5000,5000,200.34,5000,5000,5000,5000,5000,5000,243.42,5000,5000,5000,5000,5000,5000,5000,229.11,244.64,5000,5000,5000,204.74,161.24,5000,5000,5000,5000,5000,5000
sat/ecarev-110-4099-22-30-7.cnf,5000,5000,5000,5000,103.75,5000,5000,5000,706.49,177.85,5000,210.55,205.42,197.71,197.26,203.08,223.14,225.95,5000,213.01,216.96,229.88,207.63,235.75,214.29,208.45,244.34,244.86,240.91,123.12,156.94,210.19,5000,5000,193.49,5000,5000
sat/ex009_10.cnf,5000,5000,5000,5000,5000,5000,5000,5000,5000,5000,5000,5000,5000,5000,5000,5000,5000,5000,5000,5000,5000,5000,5000,5000,5000,5000,5000,5000,5000,5000,5000,5000,5000,5000,5000,5000,5000
sat/ex015_14.cnf,5000,5000,5000,5000,5000,5000,5000,5000,5000,5000,5000,5000,5000,5000,5000,5000,5000,5000,5000,5000,5000,5000,5000,5000,5000,5000,5000,5000,5000,5000,5000,5000,5000,5000,5000,5000,5000
sat/ex025_19.cnf,5000,5000,5000,5000,5000,5000,5000,5000,5000,5000,5000,5000,5000,5000,5000,5000,5000,5000,5000,5000,5000,5000,5000,5000,5000,5000,5000,5000,5000,5000,5000,5000,5000,5000,5000,5000,5000
sat/ex039_33.cnf,5000,8.71,5000,5000,5000,5000,8.37,5000,98.72,5000,189.34,1.66,5000,5000,5000,5000,153.77,153.18,5000,5000,365.04,5000,761.97,5000,5000,5000,80.81,5000,164.04,226.08,5000,5000,12.45,223.94,5000,170.16,5000
sat/ex051_9.cnf,5000,5000,5000,5000,5000,5000,5000,5000,5000,5000,5000,5000,5000,5000,5000,5000,5000,5000,5000,5000,5000,5000,5000,5000,5000,5000,5000,5000,5000,5000,5000,5000,5000,5000,5000,5000,5000
sat/ex065_24.cnf,5000,5000,5000,5000,5000,5000,5000,5000,5000,5000,5000,5000,5000,5000,5000,5000,5000,5000,5000,5000,5000,5000,5000,5000,5000,5000,5000,5000,5000,5000,5000,5000,5000,5000,5000,5000,5000
sat/ex065_25.cnf,5000,5000,5000,5000,5000,5000,5000,5000,5000,5000,5000,5000,5000,5000,5000,5000,5000,5000,5000,5000,5000,5000,5000,5000,5000,5000,5000,5000,5000,5000,5000,5000,5000,5000,5000,18.28,5000
sat/ex067_10.cnf,5000,5000,5000,5000,5000,5000,5000,5000,5000,5000,5000,5000,5000,5000,5000,5000,5000,5000,5000,5000,5000,5000,5000,5000,5000,233.16,5000,5000,5000,5000,108.75,5000,5000,5000,5000,243.95,5000
sat/ex145_10.cnf,5000,5000,5000,5000,5000,5000,5000,5000,5000,5000,5000,5000,5000,5000,5000,5000,5000,5000,5000,5000,5000,5000,5000,5000,5000,5000,5000,5000,5000,5000,5000,5000,5000,5000,5000,5000,5000
sat/ex145_11.cnf,5000,5000,5000,5000,5000,5000,5000,5000,5000,5000,5000,5000,5000,5000,5000,5000,5000,5000,5000,5000,5000,5000,5000,5000,5000,5000,5000,5000,5000,5000,5000,5000,5000,5000,5000,5000,5000
sat/ex157_10.cnf,5000,117.41,5000,233.88,5000,5000,83.58,5000,5000,5000,5000,5000,5000,5000,5000,5000,5000,5000,5000,5000,5000,5000,5000,5000,5000,225.76,5000,5000,195.1,71.39,133.6,5000,5000,5000,5000,117.68,5000
sat/ex179_11.cnf,5000,5000,5000,5000,5000,5000,5000,5000,5000,5000,5000,5000,5000,5000,5000,5000,5000,5000,5000,5000,5000,5000,5000,5000,5000,5000,5000,5000,5000,5000,5000,5000,5000,5000,5000,5000,5000
sat/ex187_10.cnf,5000,5000,5000,205.98,5000,5000,5000,37.61,5000,5000,5000,5000,5000,5000,5000,5000,5000,5000,5000,5000,5000,5000,5000,5000,5000,5000,5000,5000,5000,5000,5000,5000,5000,5000,5000,5000,5000
sat/exam0.04_2018_3.cnf,5000,5000,5000,5000,5000,5000,5000,5000,5000,5000,5000,5000,5000,5000,5000,5000,5000,5000,5000,5000,5000,5000,5000,5000,5000,5000,5000,5000,5000,5000,5000,5000,5000,5000,5000,5000,5000
sat/exams0.04_2017_9.cnf,5000,5000,5000,5000,5000,5000,5000,5000,5000,5000,5000,5000,5000,5000,5000,5000,5000,5000,5000,5000,5000,5000,5000,5000,5000,5000,5000,5000,5000,5000,5000,5000,5000,5000,5000,5000,5000
sat/factoring29986577x29986577.cnf,5000,12.49,5000,46.58,5000,5000,5000,63.91,54.44,5000,131.77,32.05,5000,5000,5000,5000,5000,5000,231.51,226.4,29.16,5000,242.96,123.43,41.74,108.62,51.74,137,5000,5000,73.2,5000,202.54,5000,152.59,5000,5000
sat/factoring39916801x54018521.cnf,5000,5000,5000,28.88,5000,5000,5000,5000,5000,5000,5000,5000,5000,5000,5000,5000,2.4,5000,5000,5000,5000,5000,5000,5000,5000,5000,5000,5000,76.19,5000,5000,95.05,5000,5000,5000,5000,5000
sat/factoring54018521x562448657.cnf,5000,5000,5000,5000,5000,5000,5000,5000,5000,5000,5000,5000,5000,5000,5000,5000,5000,5000,5000,5000,5000,5000,5000,5000,5000,5000,5000,5000,5000,5000,5000,5000,5000,5000,52.05,5000,5000
sat/factoring87654321x12345678.cnf,5000,5000,5000,48.5,5000,92.65,98.2,5000,5000,5000,5000,191.52,73.52,174.11,177.18,5000,5000,5000,5000,5000,117.91,5000,5000,101.02,97.25,181.81,89.41,94.62,5000,5000,5000,5000,5000,5000,169.41,5000,5000
sat/factoring94418953x321534781.cnf,5000,5000,5000,5000,5000,5000,5000,5000,5000,5000,5000,5000,5000,5000,5000,5000,5000,5000,5000,5000,5000,5000,5000,5000,5000,5000,5000,5000,5000,5000,5000,5000,5000,5000,5000,5000,5000
sat/filter_iir_true-unreach-call.c.cnf,5000,5000,5000,5000,5000,5000,5000,5000,5000,5000,5000,5000,5000,5000,5000,5000,5000,5000,5000,5000,5000,5000,5000,5000,5000,5000,5000,5000,5000,5000,5000,5000,5000,5000,5000,5000,5000
sat/filter1_true-unreach-call.c.cnf,5000,5000,5000,5000,191,5000,5000,5000,5000,5000,164.02,211.26,196.78,226.83,226.54,197.22,202.11,211.85,5000,5000,5000,5000,5000,5000,5000,5000,983.05,5000,5000,5000,5000,5000,5000,5000,5000,5000,5000
sat/frb35-17-5_ext.cnf,38.06,32.22,98.5,67.9,117.75,41.53,97.1,36.27,90.9,140.56,85.23,36.87,11.43,21.59,22.13,132.47,226.74,124.33,72.48,77.18,38.46,77.18,74.38,61.11,49.18,92.99,76.86,28.66,119.88,104.98,56.73,16.7,206.6,21.61,18.99,1.44,214.97
sat/frb35-17-5-mgd_ext.cnf,20.16,54.31,10.15,119.35,93.6,83.61,45.3,19.93,107.44,65.68,38.6,81.58,6.92,4.34,4.33,147.08,114.91,100.03,74.67,62.35,25.57,62.54,60.4,9.57,40.74,96.82,75.57,9.58,100.85,42.23,24.85,68.73,160.42,19.56,7.3,2.27,5000
sat/full-ax-xa.rules.7-7.cnf,5000,5000,5000,5000,5000,5000,5000,5000,5000,5000,5000,5000,5000,5000,5000,5000,5000,5000,5000,5000,5000,5000,5000,5000,5000,5000,5000,5000,5000,5000,5000,5000,5000,7.36,5000,5000,5000
sat/full-by-za.rules.5-7.cnf,5000,5000,5000,5000,5000,5000,5000,5000,5000,5000,5000,5000,5000,5000,5000,5000,5000,5000,5000,5000,5000,5000,5000,5000,5000,5000,5000,5000,5000,5000,5000,5000,5000,5000,161.14,5000,5000
sat/full-cy-caa.rules.7-7.cnf,5000,5000,235.22,5000,16.5,5000,45.73,98.66,215.57,65.2,47.47,49.35,81.92,80.74,81.23,82.34,213.53,5000,5000,57.56,434.25,58.11,57.63,114.92,5000,169.47,28.03,113.39,142.79,188.49,5000,195.5,133.08,8.66,5000,5000,5000
sat/gto_p50c291.cnf,5000,5000,5000,5000,5000,5000,5000,5000,5000,5000,5000,5000,5000,5000,5000,5000,5000,5000,5000,5000,5000,5000,5000,5000,5000,5000,5000,5000,5000,5000,5000,5000,5000,5000,5000,5000,5000
sat/gto_p50c307.cnf,5000,5000,5000,5000,5000,5000,5000,5000,5000,5000,5000,5000,5000,5000,5000,5000,5000,5000,5000,5000,5000,5000,5000,5000,5000,5000,5000,5000,5000,5000,5000,5000,5000,5000,5000,5000,5000
sat/gto_p50c311.cnf,5000,5000,5000,5000,5000,5000,5000,5000,5000,5000,5000,5000,5000,5000,5000,5000,5000,5000,5000,5000,5000,5000,5000,5000,5000,5000,5000,5000,5000,5000,5000,5000,5000,5000,5000,5000,5000
sat/gto_p50c312.cnf,5000,5000,5000,5000,5000,5000,5000,5000,5000,5000,5000,5000,5000,5000,5000,5000,5000,5000,5000,5000,5000,5000,5000,5000,5000,5000,5000,5000,5000,5000,5000,5000,5000,5000,5000,5000,5000
sat/gto_p50c314_1.cnf,5000,5000,5000,5000,5000,5000,5000,5000,5000,5000,5000,5000,5000,5000,5000,5000,5000,5000,5000,5000,5000,5000,5000,5000,5000,5000,5000,5000,5000,5000,5000,5000,5000,5000,5000,5000,5000
sat/gto_p50c314.cnf,5000,5000,5000,5000,5000,5000,5000,5000,5000,5000,5000,5000,5000,5000,5000,5000,5000,5000,5000,5000,5000,5000,5000,5000,5000,5000,5000,5000,5000,5000,5000,5000,5000,5000,5000,5000,5000
sat/gto_p50c345_1.cnf,5000,5000,5000,5000,5000,5000,5000,5000,5000,5000,5000,5000,5000,5000,5000,5000,5000,5000,5000,5000,5000,5000,5000,5000,5000,5000,5000,5000,5000,5000,5000,5000,5000,5000,5000,5000,5000
sat/gto_p50c345.cnf,5000,5000,5000,5000,5000,5000,5000,5000,5000,5000,5000,5000,5000,5000,5000,5000,5000,5000,5000,5000,5000,5000,5000,5000,5000,5000,5000,5000,5000,5000,5000,5000,5000,5000,5000,5000,5000
sat/gto_p60c231_1.cnf,65.05,78.86,5000,66.39,174.6,201.1,89.26,35.58,172.17,137.72,82.21,154.23,5000,5000,5000,240.26,110.46,5000,76.89,57.28,58.55,57.17,57.02,48.31,55.07,51.27,51.45,47.41,99.06,91.36,67.45,57,217.92,5000,74.01,5000,5000
sat/gto_p60c231.cnf,59.21,69.98,209.42,70.48,102.14,140.99,74.5,31.51,176.59,115.24,71.34,93.57,89.23,5000,5000,5000,103.68,5000,65.44,47.18,53.49,47.09,46.89,45.57,51.16,44.16,51.65,45.23,91.25,80.6,56.57,44.62,251.19,5000,67.72,5000,5000
sat/gto_p60c233.cnf,80.96,98.69,152.21,167.13,205.06,241.89,125.73,53.56,420.85,238.71,89.27,200.58,5000,5000,5000,5000,178.01,5000,100.49,83.51,90.57,85.69,83.14,69.14,79.42,79.91,80.54,76.53,179.32,145.13,100.46,72.78,5000,5000,87.22,5000,5000
sat/gto_p60c234.cnf,127.86,196.54,5000,5000,5000,5000,183.26,91.42,578.37,5000,144.59,5000,5000,5000,5000,5000,5000,5000,143.34,119.04,110.75,119.45,119.19,103.58,105.86,126.45,102.56,97.45,204.03,180.46,142.31,111.81,5000,5000,159.67,5000,5000
sat/gto_p60c235.cnf,163.74,241.6,5000,225.8,5000,5000,5000,120.97,1073.63,5000,209.44,5000,5000,5000,5000,5000,5000,5000,5000,5000,5000,5000,5000,5000,142.61,161.28,180.68,182.11,5000,5000,243.34,207.35,5000,5000,230.51,5000,5000
sat/gto_p60c238.cnf,208.32,5000,5000,5000,5000,5000,5000,131.93,5000,5000,189.41,5000,5000,5000,5000,5000,5000,5000,5000,5000,5000,5000,5000,5000,200.83,167.57,5000,5000,5000,5000,5000,185.26,5000,5000,203.06,5000,5000
sat/gto_p60c239.cnf,130.85,154.73,244.29,140.28,150.75,209.86,141.45,59.06,313.66,151.94,96.75,5000,186.64,5000,5000,5000,200.43,5000,160.15,84.67,68.15,81.6,81.49,72.22,65.15,63.55,54.72,72.99,128.9,121.4,83.99,65.11,5000,5000,118.02,5000,5000
sat/gto_p60c241.cnf,174.68,140.45,5000,114.3,142.1,224.25,126.37,53.12,388.08,136.69,97.7,162.91,5000,5000,5000,5000,241.32,5000,130.4,73.7,86.95,73.95,73.73,58.45,72.35,69.41,72.73,63.05,126.38,129.22,81.75,73.43,5000,5000,164.76,5000,5000
sat/gto_p60c243.cnf,5000,5000,5000,234.04,218.19,5000,178.95,90.3,603.16,202.44,126.56,224.23,5000,5000,5000,5000,5000,5000,5000,106.1,114.38,105.7,108.9,115.63,100.2,130.9,129.63,106.14,5000,184.48,140.45,177.79,5000,5000,156.8,5000,5000
sat/gto_p60c295.cnf,5000,5000,5000,5000,5000,5000,5000,5000,5000,5000,5000,5000,5000,5000,5000,5000,5000,5000,5000,5000,5000,5000,5000,5000,5000,5000,5000,5000,5000,5000,5000,5000,5000,5000,5000,5000,5000
sat/gto_p60c343.cnf,5000,5000,5000,5000,5000,5000,5000,5000,5000,5000,5000,5000,5000,5000,5000,5000,5000,5000,5000,5000,5000,5000,5000,5000,5000,5000,5000,5000,5000,5000,5000,5000,5000,5000,5000,5000,5000
sat/huck.col.11.cnf,53.09,4.28,5000,17.5,95.64,246.48,206.48,38.37,954.94,97.06,78.01,181.79,209.25,5000,5000,223.52,71.22,166.14,0.01,91.4,72.51,91.02,91.1,59.67,68.44,57.82,113.44,61.23,5000,193.65,73.14,60.23,165.9,0.03,64.52,5000,5000
sat/Karatsuba4477457x5308417.cnf,231.12,29.63,199.8,5000,5000,134.32,5000,5000,5000,5000,118.7,5000,5000,5000,5000,5000,5000,5000,5000,5000,60.68,5000,122.11,5000,5000,223.7,379.56,70.88,5000,5000,175.6,94.69,5000,5000,5000,5000,5000
sat/Karatsuba6972593x13466917.cnf,5000,5000,5000,29.32,72.44,5000,5000,5000,5000,5000,5000,5000,5000,216.77,220.94,5000,254.17,5000,5000,5000,5000,386.73,5000,5000,88.19,5000,216.55,5000,68.72,5000,5000,5000,5000,39.4,5000,5000,5000
sat/Karatsuba7654321x1234567.cnf,92.88,75.44,5000,5000,5000,5000,123.3,5000,5000,5000,150,5000,5000,5000,5000,5000,5000,5000,5000,5000,5000,5000,5000,84.77,142.81,5000,5000,458.64,5000,100.57,5000,5000,5000,5000,5000,5000,5000
sat/le450_15a.col.15.cnf,5000,5000,5000,5000,5000,5000,5000,5000,5000,5000,5000,5000,5000,5000,5000,5000,5000,5000,5000,5000,5000,5000,5000,5000,5000,5000,5000,5000,5000,5000,5000,5000,5000,0.41,5000,0.51,5000
sat/le450_15b.col.15.cnf,5000,5000,5000,5000,5000,5000,5000,5000,5000,5000,5000,5000,5000,5000,5000,5000,5000,5000,5000,5000,5000,5000,5000,5000,5000,5000,5000,5000,5000,5000,5000,5000,5000,0.36,5000,0.49,5000
sat/le450_15c.col.15.cnf,5000,5000,5000,5000,5000,5000,5000,5000,5000,5000,5000,5000,5000,5000,5000,5000,5000,5000,5000,5000,5000,5000,5000,5000,5000,5000,5000,5000,5000,5000,5000,5000,5000,0.43,5000,0.76,5000
sat/le450_25a.col.25.cnf,5000,5000,5000,5000,5000,5000,5000,5000,5000,5000,5000,5000,5000,5000,5000,5000,5000,5000,5000,5000,5000,5000,5000,5000,5000,5000,5000,5000,5000,5000,5000,5000,5000,5000,5000,5000,5000
sat/le450_25b.col.25.cnf,5000,5000,5000,5000,5000,5000,5000,5000,5000,5000,5000,5000,5000,5000,5000,5000,5000,5000,5000,5000,5000,5000,5000,5000,5000,5000,5000,5000,5000,5000,5000,5000,5000,5000,5000,5000,5000
sat/le450_25c.col.25.cnf,5000,5000,5000,5000,5000,5000,5000,5000,5000,5000,5000,5000,5000,5000,5000,5000,5000,5000,5000,5000,5000,5000,5000,5000,5000,5000,5000,5000,5000,5000,5000,5000,5000,5000,5000,5000,5000
sat/lei450-05b-05.cnf,19.2,5000,9.14,15.77,27.4,0.83,0.5,21,0.58,203.38,16.32,55.1,30.65,17.42,17.31,31.34,14.8,5.22,3.41,19.68,22.95,42.24,40.8,54.54,2.84,2.65,161.86,96.75,55.11,53.33,12.97,2.44,15.63,126.2,12.79,0.47,0.13
sat/less-cy-caa.rules.4-9.cnf,5000,5000,5000,5000,5000,5000,5000,5000,5000,5000,5000,5000,5000,5000,5000,5000,5000,5000,5000,5000,5000,5000,5000,5000,18.63,18.65,5000,5000,5000,5000,5000,5000,5000,6.09,5000,5000,5000
sat/less-cy-caa.rules.6-4.cnf,5000,5000,5000,230.79,5000,5000,5000,5000,5000,5000,5000,5000,5000,5000,5000,5000,5000,5000,5000,5000,5000,5000,5000,5000,5000,5000,5000,5000,5000,5000,5000,5000,5000,3.92,5000,5000,5000
sat/magicSquare-8_glb.cnf,5000,5000,5000,51.84,27.98,5000,28.72,5000,2491.51,25.09,107.82,5000,5000,5000,5000,5000,10.51,209.23,5000,5000,5000,3170.93,5000,5000,5000,5000,5000,2759.93,123.46,26.04,24.57,5000,11.45,195.31,5000,5000,5000
sat/magicSquare-9_glb.cnf,5000,5000,5000,184.43,10.63,5000,41.86,5000,5000,71.87,183.85,5000,5000,5000,5000,5000,80.62,5000,5000,19.84,10.27,19.67,19.73,5000,5000,5000,43.07,5000,163.93,5000,31.21,25.47,14.32,5000,5000,5000,5000
sat/mchess_15.cnf,179.18,124.36,5000,5000,227.36,214.91,122.09,78.93,379.06,163.82,102.12,246.24,5000,5000,5000,5000,5000,5000,0,5000,119.08,5000,5000,133.48,118.23,120.47,103.9,146.41,159.44,226.26,158.44,66.38,5000,5000,77.68,5000,5000
sat/mchess_16.cnf,5000,194.89,5000,5000,5000,5000,5000,5000,5000,5000,5000,5000,5000,5000,5000,5000,5000,5000,0,5000,5000,5000,5000,5000,5000,5000,5000,5000,5000,5000,5000,5000,5000,5000,5000,5000,5000
sat/mchess_17.cnf,5000,5000,5000,5000,5000,5000,5000,5000,5000,5000,5000,5000,5000,5000,5000,5000,5000,5000,0,5000,5000,5000,5000,5000,5000,5000,5000,5000,5000,5000,5000,5000,5000,5000,5000,5000,5000
sat/mchess_18.cnf,5000,5000,5000,5000,5000,5000,5000,5000,5000,5000,5000,5000,5000,5000,5000,5000,5000,5000,0,5000,5000,5000,5000,5000,5000,5000,5000,5000,5000,5000,5000,5000,5000,5000,5000,5000,5000
sat/mchess_19.cnf,5000,5000,5000,5000,5000,5000,5000,5000,5000,5000,5000,5000,5000,5000,5000,5000,5000,5000,0,5000,5000,5000,5000,5000,5000,5000,5000,5000,5000,5000,5000,5000,5000,5000,5000,5000,5000
sat/mchess_20.cnf,5000,5000,5000,5000,5000,5000,5000,5000,5000,5000,5000,5000,5000,5000,5000,5000,5000,5000,0,5000,5000,5000,5000,5000,5000,5000,5000,5000,5000,5000,5000,5000,5000,5000,5000,5000,5000
sat/mod8-abd-yad.rules.7-7.cnf,5000,94.65,5000,65.26,82.5,15.57,58.38,14.79,92.46,167.22,45.32,99.08,99.9,25.22,24.95,25.22,29.83,210.43,18.85,5000,217.02,5000,5000,45.95,5000,5000,103.44,46,77.7,176.74,21.93,68.88,98.25,8.13,62.11,5000,5000
sat/mod8-bbd-zbd.rules.7-7.cnf,5000,5000,5000,5000,5000,5000,5000,5000,5000,5000,5000,5000,5000,5000,5000,5000,5000,5000,5000,5000,5000,5000,5000,5000,5000,5000,5000,5000,5000,5000,5000,5000,5000,5000,5000,5000,5000
sat/Nb11T118.cnf,5000,5000,5000,5000,5000,5000,5000,5000,5000,5000,5000,5000,5000,5000,5000,5000,5000,5000,5000,5000,5000,5000,5000,5000,5000,5000,5000,5000,5000,5000,5000,5000,5000,5000,5000,5000,38.36
sat/Nb13T165.cnf,5000,5000,5000,5000,5000,5000,5000,5000,5000,5000,5000,5000,5000,5000,5000,5000,2.61,5000,5000,5000,5000,5000,5000,5000,5000,5000,5000,5000,5000,5000,5000,5000,5000,5000,5000,5000,5000
sat/Nb13T166.cnf,5000,5000,5000,5000,5000,5000,5000,5000,5000,5000,5000,5000,5000,5000,5000,5000,2.65,5000,5000,5000,5000,5000,5000,5000,5000,5000,5000,5000,5000,5000,5000,5000,5000,5000,5000,5000,5000
sat/Nb27T6.cnf,112.97,5000,5000,5000,151.61,5000,5000,181.27,5000,5000,5000,5000,5000,5000,5000,5000,5000,5000,5000,5000,5000,5000,5000,226.27,5000,5000,5000,228.13,5000,5000,230.18,5000,5000,5000,104.83,5000,5000
sat/Nb29T6.cnf,5000,5000,5000,5000,102.78,5000,5000,214.85,5000,5000,5000,5000,5000,5000,5000,5000,5000,5000,5000,5000,5000,5000,5000,5000,5000,5000,5000,5000,5000,5000,5000,5000,5000,5000,97.96,5000,5000
sat/Nb37T6.cnf,5000,5000,5000,5000,5000,5000,5000,5000,5000,5000,5000,5000,5000,5000,5000,5000,5000,5000,5000,5000,5000,5000,5000,5000,5000,5000,5000,5000,5000,5000,5000,5000,5000,5000,5000,5000,5000
sat/Nb39T6.cnf,5000,5000,5000,5000,5000,5000,5000,5000,5000,5000,5000,5000,5000,5000,5000,5000,5000,5000,5000,5000,5000,5000,5000,5000,5000,5000,5000,5000,5000,5000,5000,5000,5000,5000,5000,5000,5000
sat/Nb42T6.cnf,5000,5000,5000,5000,5000,5000,5000,5000,5000,5000,5000,5000,5000,5000,5000,5000,5000,5000,5000,5000,5000,5000,5000,5000,5000,5000,5000,5000,5000,5000,5000,5000,5000,5000,5000,5000,5000
sat/Nb44T6.cnf,5000,5000,5000,5000,5000,5000,5000,5000,5000,5000,5000,5000,5000,5000,5000,5000,5000,5000,5000,5000,5000,5000,5000,5000,5000,5000,5000,5000,5000,5000,5000,5000,5000,5000,5000,5000,5000
sat/Nb45T6.cnf,5000,5000,5000,5000,5000,5000,5000,5000,5000,5000,5000,5000,5000,5000,5000,5000,5000,5000,5000,5000,5000,5000,5000,5000,5000,5000,5000,5000,5000,5000,5000,5000,5000,5000,5000,5000,5000
sat/Nb8T60.cnf,5000,5000,5000,5000,5000,5000,5000,5000,5000,5000,5000,5000,5000,5000,5000,5000,0.66,5000,5000,5000,5000,5000,5000,5000,5000,5000,5000,5000,5000,5000,5000,5000,5000,5000,5000,5000,7.63
sat/Nb8T61.cnf,0.99,5000,5000,5000,5000,5000,5000,5000,5000,5000,5000,5000,5000,5000,5000,5000,5000,5000,5000,5000,5000,5000,5000,5000,5000,5000,5000,5000,5000,5000,5000,5000,5000,5000,1.09,5000,26.06
sat/Nb8T62.cnf,1.12,5000,5000,0.26,5000,5000,5000,5000,5000,5000,5000,5000,5000,5000,5000,5000,5000,5000,5000,5000,5000,5000,5000,5000,5000,5000,5000,5000,5000,5000,5000,5000,5000,5000,181.88,5000,2.18
sat/Nb8T63.cnf,1.04,59.39,5000,0.25,5000,5000,5000,5000,5000,5000,5000,5000,5000,5000,5000,5000,0.73,5000,5000,5000,5000,5000,5000,5000,5000,5000,5000,5000,5000,5000,5000,5000,5000,5000,162.66,5000,80.6
sat/newton_3_4_true-unreach-call.i.cnf,5000,5000,194.82,5000,167.3,178.05,147.07,1162.32,151.96,162.19,63.98,86.37,82.9,77.44,78.95,61.71,112.88,93.98,5000,498.98,188.07,178.19,168.47,226.09,5000,5000,692.49,144.95,140.27,97.96,163.62,769.22,5000,91.2,5000,5000,5000
sat/newton_3_6_false-unreach-call.i.cnf,5000,5000,226.56,67.05,209.89,77.83,91.31,519.73,110.56,229.39,108.2,72.76,58.41,119.86,120.05,69.34,95.16,134.29,5000,170.35,63.04,84.24,83.41,277.93,142.59,166.04,263.21,161.55,151.89,114.64,79.62,582.12,5000,17.7,5000,5000,5000
sat/ortholatin-7.cnf,46.33,0.63,27.92,29.43,86.08,42.78,15.51,1530.71,27.67,71.56,59.6,24.16,18.85,15.87,15.88,27.66,26.63,23.33,35.26,11.85,25.57,11.89,11.9,20.82,18.75,26.32,25.06,20.82,6.29,19.05,26.66,23.08,121.41,22.11,58.27,5000,5000
sat/pals_floodmax.5_overflow_false-unreach-call.ufo.UNBOUNDED.pals.c.cnf,5000,5000,5000,5000,5000,5000,5000,5000,5000,5000,5000,5000,5000,5000,5000,5000,5000,5000,5000,5000,5000,5000,5000,5000,5000,5000,5000,5000,5000,5000,5000,5000,5000,5000,5000,5000,5000
sat/pals_lcr-var-start-time.5_true-unreach-call.ufo.UNBOUNDED.pals.c.cnf,60.55,47.4,165.67,114.28,5000,132.86,5000,5000,5000,5000,95.21,103.65,103.36,129.12,129.61,128.06,5000,131.8,94.38,235.08,5000,244.34,214.65,5000,5000,5000,5000,5000,5000,5000,244.94,5000,5000,193.8,98.18,5000,5000
sat/pals_lcr-var-start-time.6_true-unreach-call.ufo.UNBOUNDED.pals.c.cnf,5000,163.88,5000,5000,5000,5000,5000,5000,5000,5000,5000,5000,5000,5000,5000,5000,5000,5000,5000,5000,5000,5000,5000,5000,5000,5000,5000,5000,5000,5000,5000,5000,5000,5000,139,5000,5000
sat/pals_lcr.8_overflow_false-unreach-call.ufo.UNBOUNDED.pals.c.cnf,5000,5000,5000,5000,5000,5000,5000,5000,5000,5000,5000,5000,5000,5000,5000,5000,5000,5000,5000,5000,5000,5000,5000,5000,5000,5000,5000,5000,5000,5000,5000,5000,5000,5000,5000,5000,5000
sat/patat-08-comp-3.cnf,16.04,16.89,209.93,101.75,8.71,5000,22.99,12.74,2498.37,9.71,13.92,94.1,32.8,30.84,30.83,22.59,7.21,24.37,5000,23.35,24.34,63.09,62.35,14.44,28.5,28.52,8.11,14.32,31.08,25.75,10.37,17.6,10.52,38.94,16.87,5000,5000
sat/prime_119218851371.cnf,89.38,55.44,182.03,82.61,110.31,165.45,136.96,93.59,170.22,111.4,173.64,76.18,176.14,181.41,181.1,184.49,151.1,158.21,130.98,79.54,86.61,79.26,78.8,73.64,78.44,76.42,76.24,74.6,101.02,130.86,130.63,79.74,188.69,97.7,105.55,5000,5000
sat/prime_200560490131.cnf,163.65,149.82,5000,105.82,166.67,245.59,188.24,119.71,317.79,172.27,5000,117.86,213.59,233.55,233.67,239.34,248.18,5000,146.4,93.03,97.92,93.02,92.09,94.03,104.33,101.67,93.76,92.66,155.09,169.47,156.01,100.38,214.03,131.25,150.81,5000,5000
sat/Problem11_label29_false-unreach-call.c.cnf,5000,210.67,5000,5000,156.35,5000,183.53,5000,195.52,5000,5000,5000,5000,5000,5000,5000,5000,5000,5000,5000,5000,5000,5000,5000,5000,5000,5000,5000,142.22,5000,5000,417.2,5000,87.37,5000,5000,5000
sat/Problem11_label51_false-unreach-call.c.cnf,5000,5000,5000,5000,5000,5000,5000,5000,5000,5000,5000,5000,5000,5000,5000,5000,5000,5000,5000,5000,5000,5000,5000,5000,5000,5000,5000,5000,5000,5000,5000,353.36,5000,5000,5000,5000,5000
sat/Problem14_label14_false-unreach-call.c.cnf,157.01,70.21,5000,216.06,95.56,223.67,71.97,63.75,62.39,50.34,156.1,236.89,153.77,152.17,151.98,152.87,122.05,128.87,5000,131.19,135.31,131.12,130.71,82.09,114.44,113.68,117.77,82.5,93.58,71.06,78.52,157.4,173.57,67.87,5000,5000,5000
sat/Problem14_label19_true-unreach-call.c.cnf,241.29,69.43,5000,77.5,35.02,80.65,33.74,34.32,33.56,27.41,126.55,138.81,134.2,133.34,133.36,134.36,175.66,190.12,110.28,46.54,47.37,46.41,46.48,33.72,66.41,66.41,34.63,34.04,35.04,34.53,34.17,64.54,37.34,80.38,33.52,5000,5000
sat/Problem14_label20_true-unreach-call.c.cnf,136.25,4.88,5000,3.1,50.94,4.18,52.53,47.85,47.96,15.94,3.72,3.42,3.81,3.98,3.58,3.66,3.04,4.25,51.77,61.88,62.04,61.8,62.09,46.53,69.27,69.9,47.03,46.34,48.65,52.87,47.57,73.68,14.77,68.57,46.24,5000,5000
sat/Problem14_label48_true-unreach-call.c.cnf,5000,140.13,5000,234.55,101.74,5000,144.42,99.21,185.22,61.33,169.32,91.65,103.41,102.47,102.54,103.01,100.24,121.68,5000,143.8,124.77,143.39,143.12,110.79,151.53,152.46,115.56,110.7,99.95,113.21,103.5,147.69,126.67,120.5,183.76,5000,5000
sat/Problem14_label55_true-unreach-call.c.cnf,5000,76.98,5000,40.75,59.07,66.21,56.83,57.4,53.82,32.03,23.15,42.15,22.13,21.77,21.8,21.67,17.41,23.97,74.48,71.92,82.26,71.89,71.75,55.84,103.79,103.54,58.16,55.89,59.97,59,55.61,94,32.56,65.75,98.22,5000,5000
sat/Problem14_label57_false-unreach-call.c.cnf,160.56,56.53,5000,136.22,98.18,145.64,63.16,71.3,66.42,68.8,74.41,100.88,63.34,62.88,62.74,62.93,219.17,143.9,204.65,60.87,64.49,60.71,60.67,72.52,95.56,95.87,80.23,72.15,58.43,55.28,73.41,82.74,54.94,67.8,119.05,5000,5000
sat/quadratic_loose_error.c.cnf,5000,5000,5000,83.92,112.46,38.88,15.75,130.82,15.02,5000,5000,5000,5000,5000,5000,5000,5000,5000,85.94,79.9,60.84,45.76,45.44,54.38,5000,137.72,34.15,191.42,15.52,12.4,48.51,143.77,5000,5000,167.85,5000,5000
sat/quadratic_tight_error.c.cnf,5000,5000,167.47,171.88,5000,140.65,37.42,136.36,31.47,5000,5000,241.98,5000,5000,5000,5000,5000,5000,119.55,183.31,121.54,195.46,175.63,151.57,212.72,247.21,210.98,182.32,36.26,44.58,56.32,5000,5000,5000,5000,5000,5000
sat/queen12_12.col.12.cnf,5000,10.44,5000,198.48,5000,5000,5000,5000,5000,5000,5000,5000,5000,5000,5000,5000,5000,5000,0.04,5000,5000,5000,5000,5000,5000,5000,5000,5000,5000,5000,5000,5000,5000,5000,5000,5000,5000
sat/queen13_13.col.13.cnf,5000,31.59,5000,5000,5000,5000,5000,5000,5000,5000,5000,5000,5000,5000,5000,5000,5000,5000,5000,5000,5000,5000,5000,5000,5000,5000,5000,5000,5000,5000,5000,5000,5000,5000,5000,5000,5000
sat/queen14_14.col.14.cnf,5000,5000,5000,5000,5000,5000,5000,5000,5000,5000,5000,5000,5000,5000,5000,5000,5000,5000,5000,5000,5000,5000,5000,5000,5000,5000,5000,5000,5000,5000,5000,5000,5000,5000,5000,5000,5000
sat/queen15_15.col.15.cnf,5000,5000,5000,5000,5000,5000,5000,5000,5000,5000,5000,5000,5000,5000,5000,5000,5000,5000,5000,5000,5000,5000,5000,5000,5000,5000,5000,5000,5000,5000,5000,5000,5000,5000,5000,5000,5000
sat/queen8_12.col.12.cnf,222.2,8.7,5000,5000,5000,5000,204.44,5000,2347.58,5000,61.69,5000,5000,5000,5000,5000,5000,5000,0.02,5000,210.63,5000,5000,5000,150.39,218.01,5000,192.31,5000,174.98,105.56,5000,5000,5000,5000,5000,5000
sat/queen8_8.col.9.cnf,5000,5000,5000,5000,5000,5000,5000,5000,5000,5000,5000,5000,5000,5000,5000,5000,5000,5000,5000,5000,5000,5000,5000,5000,5000,5000,5000,5000,5000,5000,5000,5000,5000,5000,5000,5000,5000
sat/queen8-8-9.cnf,1.52,2.24,64.39,4.62,9.13,115.4,13.78,0.81,71.53,8.3,33.15,9.12,28.96,27.71,27,30.1,7.41,15.21,6.92,0.91,7.35,1,0.98,3.05,2.55,4.7,0.31,3.4,4.69,8.7,3.7,2.32,1.01,11.81,0.41,0.19,0.88
sat/ramsey-30-4.cnf,2.22,3.17,11.18,43.42,2.24,3.58,3.89,2.47,539.08,1.56,34.42,2.4,69.51,8.18,8.19,71.68,13.93,71.46,193.22,1.55,2.48,1.71,1.55,1.34,0.46,0.42,2.59,1.52,136.7,3.15,2.01,0.47,2.14,104.44,3.16,5000,5000
sat/ramsey-32-4.cnf,3.55,4.7,5000,52.38,7.98,4.89,8.01,2.66,2463.52,4.59,37.13,4.14,5000,5000,5000,5000,5000,5000,5000,4.49,6.99,4.5,4.56,3.14,7.32,6.69,3,3,5000,10.01,4.53,6.84,2.32,5000,4.32,5000,5000
sat/satcoin-genesis-SAT-10.cnf,6.59,0.72,3.81,96.76,5000,32.14,5000,5000,5000,5000,5000,5000,5000,5000,5000,5000,5000,1.23,48.02,3.12,3.1,3.1,3.11,5000,5000,5000,5000,5000,5000,5000,5000,5000,5000,3.95,5000,5000,5000
sat/satcoin-genesis-SAT-1024.cnf,5000,32.37,5000,5000,5000,55.33,5000,5000,187.02,5000,5000,5000,5000,5000,5000,5000,5000,38.23,75.67,5000,5000,5000,5000,5000,5000,5000,5000,5000,5000,5000,5000,5000,5000,43.66,5000,5000,5000
sat/satcoin-genesis-SAT-128.cnf,5000,11.37,13.4,5000,5000,5000,94.03,5000,78.04,5000,5000,5000,5000,5000,5000,5000,5000,9.81,38.1,5000,5000,5000,5000,5000,17.71,26.13,5000,5000,5000,5000,5000,5000,5000,3.87,5000,5000,5000
sat/satcoin-genesis-SAT-16.cnf,5000,1.66,4.94,108.74,5000,205.95,5000,2619.95,5000,5000,5000,5000,5000,5000,5000,5000,5000,1.83,33.76,5000,5000,5000,5000,5000,6.71,6.73,5000,5000,5000,5000,5000,4.98,5000,3.9,5000,5000,5000
sat/satcoin-genesis-SAT-2048.cnf,5000,159.34,5000,5000,5000,6.96,127.31,5000,68.5,5000,5000,5000,5000,5000,5000,5000,5000,12.62,132.56,5000,5000,5000,5000,5000,5000,5000,5000,5000,5000,5000,5000,3223.6,5000,3.86,5000,5000,5000
sat/satcoin-genesis-SAT-256.cnf,5000,13.15,14.64,5000,5000,190.16,232.41,5000,5000,5000,5000,5000,5000,5000,5000,5000,5000,5000,34.16,5000,5000,5000,5000,5000,5000,5000,5000,5000,5000,5000,5000,2543.89,5000,3.89,5000,5000,5000
sat/satcoin-genesis-SAT-3.cnf,0.55,0.35,2.03,37.53,5000,2.02,1.99,2499.68,1.96,5000,5000,5000,5000,5000,5000,5000,5000,0.78,30.39,2.06,1.9,1.9,1.91,5000,1.98,1.99,5000,5000,5000,5000,5000,1.92,5000,4.09,2.96,5000,5000
sat/satcoin-genesis-SAT-32.cnf,5000,1.48,8.04,5000,5000,142.01,41.58,5000,101.28,5000,5000,5000,5000,5000,5000,5000,5000,2.57,34.82,5000,5000,5000,5000,5000,16.97,17.06,5000,5000,5000,5000,5000,5000,5000,3.87,5000,5000,5000
sat/satcoin-genesis-SAT-4.cnf,1.14,0.44,2.15,44.3,5000,1.26,2.52,2511.27,2.53,5000,5000,5000,5000,5000,5000,5000,5000,0.8,33.17,2.06,2.04,2.09,2.03,5000,2.54,2.42,5000,5000,5000,5000,5000,2.25,5000,3.92,5000,5000,5000
sat/satcoin-genesis-SAT-4096.cnf,5000,164.63,5000,5000,5000,166.87,87.3,5000,150.16,5000,5000,73.07,5000,5000,5000,5000,5000,5000,82.75,5000,5000,5000,5000,5000,5000,5000,5000,5000,5000,5000,5000,2730.75,5000,3.85,5000,5000,5000
sat/satcoin-genesis-SAT-5.cnf,1.15,0.54,2.2,44.47,5000,90.07,2.18,606.3,2.16,5000,5000,5000,5000,5000,5000,5000,5000,0.82,33.15,2.07,2.08,2.02,2.02,5000,2.52,2.5,5000,5000,5000,5000,5000,2.46,5000,3.96,3.19,5000,5000
sat/satcoin-genesis-SAT-512.cnf,5000,21.21,15.5,5000,5000,211.99,5000,5000,5000,5000,5000,5000,5000,5000,5000,5000,5000,12.16,82.09,5000,5000,5000,5000,5000,5000,5000,5000,5000,5000,5000,5000,2932.43,5000,3.88,5000,5000,5000
sat/satcoin-genesis-SAT-64.cnf,5000,4.51,5.75,5000,5000,5000,5000,5000,5000,5000,5000,5000,5000,5000,5000,5000,5000,2.55,37.83,5000,5000,5000,5000,5000,17.43,20.06,5000,5000,5000,5000,5000,5000,5000,3.88,5000,5000,5000
sat/satcoin-genesis-SAT-7.cnf,1.12,0.76,2.57,52.07,5000,30.69,30.55,2502.18,8.34,5000,5000,5000,5000,5000,5000,5000,5000,1.1,29.04,2.46,2.46,2.44,2.46,5000,2.8,2.76,5000,5000,5000,5000,5000,2.69,5000,4.72,5000,5000,5000
sat/satcoin-genesis-SAT-8.cnf,5000,0.64,4.21,45.68,5000,91.95,22.35,2570.02,13.94,5000,5000,5000,5000,5000,5000,5000,5000,1.07,29.81,2.55,2.55,2.5,2.52,5000,2.8,2.8,5000,5000,5000,5000,5000,2.72,5000,3.86,5000,5000,5000
sat/satcoin-genesis-SAT-8192.cnf,5000,5000,5000,5000,5000,51.32,5000,5000,5000,5000,5000,5000,5000,5000,5000,5000,5000,5000,5000,5000,5000,5000,5000,5000,5000,5000,5000,5000,5000,5000,5000,5000,5000,3.91,5000,5000,5000
sat/satcoin-genesis-SAT-9.cnf,25.47,0.89,3.21,54.55,5000,5000,39.52,4372.4,4.67,5000,5000,5000,5000,5000,5000,5000,5000,1.25,29.2,2.64,2.64,2.69,2.64,5000,3.97,3.94,5000,5000,5000,5000,5000,3.9,5000,4,5000,5000,5000
sat/school1_nsh.col.14.cnf,5000,5000,5000,5000,5000,5000,5000,5000,5000,5000,5000,5000,5000,5000,5000,5000,5000,5000,5000,5000,5000,5000,5000,5000,5000,5000,5000,5000,5000,5000,5000,5000,5000,0.31,5000,0.59,5000
sat/school1.col.14.cnf,5000,5000,5000,5000,5000,5000,5000,5000,5000,5000,5000,5000,5000,5000,5000,5000,5000,5000,5000,5000,5000,5000,5000,5000,5000,5000,5000,5000,5000,5000,5000,5000,5000,0.35,5000,0.79,5000
sat/sdiv15prop.cnf,131.77,218.63,5000,5000,5000,5000,5000,173.46,5000,5000,5000,5000,5000,5000,5000,5000,5000,5000,241.8,210.41,5000,210.27,208.42,214.38,159.18,159.19,198.48,5000,5000,5000,242.83,193.28,5000,5000,139.7,5000,5000
sat/sdiv16prop.cnf,5000,5000,5000,5000,5000,5000,5000,5000,5000,5000,5000,5000,5000,5000,5000,5000,5000,5000,5000,5000,5000,5000,5000,5000,5000,5000,5000,5000,5000,5000,5000,5000,5000,5000,5000,5000,5000
sat/sdiv17prop.cnf,5000,5000,5000,5000,5000,5000,5000,5000,5000,5000,5000,5000,5000,5000,5000,5000,5000,5000,5000,5000,5000,5000,5000,5000,5000,5000,5000,5000,5000,5000,5000,5000,5000,5000,5000,5000,5000
sat/sdiv20prop.cnf,5000,5000,5000,5000,5000,5000,5000,5000,5000,5000,5000,5000,5000,5000,5000,5000,5000,5000,5000,5000,5000,5000,5000,5000,5000,5000,5000,5000,5000,5000,5000,5000,5000,5000,5000,5000,5000
sat/sdiv25prop.cnf,5000,5000,5000,5000,5000,5000,5000,5000,5000,5000,5000,5000,5000,5000,5000,5000,5000,5000,5000,5000,5000,5000,5000,5000,5000,5000,5000,5000,5000,5000,5000,5000,5000,5000,5000,5000,5000
sat/sdiv30prop.cnf,5000,5000,5000,5000,5000,5000,5000,5000,5000,5000,5000,5000,5000,5000,5000,5000,5000,5000,5000,5000,5000,5000,5000,5000,5000,5000,5000,5000,5000,5000,5000,5000,5000,5000,5000,5000,5000
sat/sdiv40prop.cnf,5000,5000,5000,5000,5000,5000,5000,5000,5000,5000,5000,5000,5000,5000,5000,5000,5000,5000,5000,5000,5000,5000,5000,5000,5000,5000,5000,5000,5000,5000,5000,5000,5000,5000,5000,5000,5000
sat/si2-b03m-m400-03.cnf,7.11,10.96,106.11,1.38,66.28,66.96,66.16,65.37,73.06,64.18,67.16,64.76,44.82,64.08,70.26,66.63,66.88,66.38,22.76,71.79,77.24,71.81,76.56,67.13,69.65,75.01,70.41,66.2,64.69,71.75,64.98,70.71,60.94,12.73,71.43,5000,5000
sat/si2-b03m-m800-03.cnf,17.59,28.98,177.47,1.41,119.99,122.06,118.34,128.61,118.3,117.52,122.71,118.03,97.07,116.5,116.67,120.98,120.43,120.42,47.45,127.56,128.14,129.71,127.64,120.37,124.71,126.16,121.8,131.3,117.18,117.59,127.56,123.26,118.57,16.38,118.34,5000,5000
sat/si2-b06m-m1000-03.cnf,139.19,5.62,149.37,3.41,140.38,134.38,129.25,139.15,129.14,127.94,132.07,128.68,80.26,134.14,126.91,130.38,139.94,131.04,41.69,134.48,143.6,146.35,132.19,130.53,140.3,133.85,132.68,130.22,138.58,127.18,130.31,132.8,135.04,16.27,129.62,19.47,5000
sat/sqrt_ineq_2.c.cnf,5000,18.75,107.22,75.92,28.81,1.35,8.48,3.04,2.76,5000,60.48,1.04,1.3,5000,248.02,213.29,1.42,169.33,101.58,103.13,185.62,45.73,45.37,2.54,66.5,46.3,406.72,2.51,2.56,3.66,8.45,15.75,5000,5000,2.39,5000,5000
sat/sqrt_ineq_3.c.cnf,5000,4.82,5000,61.17,168.3,5000,99.46,5000,396.78,5000,5000,1.38,2.08,5000,5000,5000,74.06,5000,54.53,39.34,7.14,27.6,27.47,2.04,5000,61.29,57.6,2.05,3.47,2.82,47.47,5000,5000,5000,5000,5000,5000
sat/sted1_0x0-330.cnf,204.54,5000,5000,226.9,5000,5000,5000,5000,5000,5000,5000,5000,5000,5000,5000,5000,5000,5000,5000,5000,5000,5000,5000,5000,174.5,163.86,5000,5000,214.25,149.96,135.03,5000,5000,5000,25.74,5000,5000
sat/sted1_0x0-350.cnf,5000,5000,5000,5000,5000,5000,5000,5000,5000,5000,5000,5000,5000,5000,5000,5000,5000,5000,5000,5000,5000,5000,5000,5000,5000,5000,5000,5000,5000,5000,5000,5000,5000,5000,5000,5000,5000
sat/sted1_0x0-380.cnf,5000,5000,5000,5000,5000,5000,5000,5000,5000,5000,5000,5000,5000,5000,5000,5000,5000,5000,5000,5000,5000,5000,5000,5000,5000,5000,5000,5000,5000,5000,5000,5000,5000,5000,5000,5000,5000
sat/sted1_0x0-420.cnf,5000,5000,5000,5000,5000,5000,5000,5000,5000,5000,5000,5000,5000,5000,5000,5000,5000,5000,5000,5000,5000,5000,5000,5000,5000,5000,5000,5000,5000,5000,5000,5000,5000,5000,5000,5000,5000
sat/sted1_0x1e3-100.cnf,5000,5000,5000,5000,5000,5000,5000,5000,5000,5000,5000,5000,5000,5000,5000,5000,5000,5000,5000,5000,5000,5000,5000,5000,5000,5000,5000,5000,5000,5000,5000,5000,5000,5000,98.49,5000,5000
sat/sted1_0x1e3-200.cnf,5000,5000,5000,5000,5000,5000,5000,5000,5000,5000,5000,5000,5000,5000,5000,5000,5000,5000,5000,5000,5000,5000,5000,5000,5000,5000,5000,5000,5000,5000,5000,5000,5000,5000,5000,5000,5000
sat/sted1_0x1e3-300.cnf,5000,5000,5000,5000,5000,5000,5000,5000,5000,5000,5000,5000,5000,5000,5000,5000,5000,5000,5000,5000,5000,5000,5000,5000,5000,5000,5000,5000,5000,5000,5000,5000,5000,5000,5000,5000,5000
sat/sted1_0x24204-330.cnf,193.8,5000,5000,186.7,195.43,5000,219.15,5000,5000,5000,5000,236.55,5000,5000,5000,5000,5000,5000,5000,5000,5000,5000,5000,5000,224.15,203.34,5000,5000,152.43,5000,222.81,5000,5000,5000,164.26,5000,5000
sat/sted1_0x24204-350.cnf,5000,5000,5000,5000,5000,5000,5000,5000,5000,5000,5000,5000,5000,5000,5000,5000,5000,5000,5000,5000,5000,5000,5000,5000,5000,5000,5000,5000,5000,5000,5000,5000,5000,5000,5000,5000,5000
sat/sted1_0x24204-380.cnf,5000,5000,5000,5000,5000,5000,5000,5000,5000,5000,5000,5000,5000,5000,5000,5000,5000,5000,5000,5000,5000,5000,5000,5000,5000,5000,5000,5000,5000,5000,5000,5000,5000,5000,5000,5000,5000
sat/sted5_0x0-40.cnf,7.19,2.87,8.04,5.57,7.04,15.65,8.65,20.15,5.49,12.27,4.57,1.64,8.49,9.51,9.52,11.8,4.57,1.25,19.84,24.11,22.19,16.64,16.46,1.82,21.35,11.64,16.87,1.78,0.49,0.43,1.63,15.04,7.45,7.57,15,5000,5000
sat/sted5_0x0-50.cnf,5000,5000,193.88,5000,239.06,5000,5000,93.6,196.9,5000,5000,117.59,39.04,5000,5000,125.99,45.6,29.05,5000,5000,5000,5000,273.9,5000,5000,112.95,5000,5000,171.39,28.05,165.04,226.69,5000,5000,5000,5000,5000
sat/sted5_0x0-60.cnf,5000,5000,5000,5000,5000,5000,5000,5000,5000,5000,5000,5000,5000,5000,5000,5000,5000,5000,5000,5000,5000,5000,5000,5000,5000,5000,5000,5000,5000,5000,5000,5000,5000,5000,5000,5000,5000
sat/sted5_0x0-70.cnf,5000,5000,5000,5000,5000,5000,5000,5000,5000,5000,5000,5000,5000,5000,5000,5000,5000,5000,5000,5000,5000,5000,5000,5000,5000,5000,5000,5000,5000,5000,5000,5000,5000,5000,5000,5000,5000
sat/sted5_0x1e3-20.cnf,5000,5000,5000,5000,5000,5000,5000,5000,5000,5000,5000,5000,5000,5000,5000,5000,5000,5000,5000,5000,5000,5000,5000,5000,5000,5000,5000,5000,5000,5000,5000,5000,5000,5000,5000,5000,5000
sat/sted5_0x1e3-40.cnf,5000,5000,5000,5000,5000,5000,5000,5000,5000,5000,5000,5000,5000,5000,5000,5000,5000,5000,5000,5000,5000,5000,5000,5000,5000,5000,5000,5000,5000,5000,5000,5000,5000,5000,5000,5000,5000
sat/sted5_0x1e3-60.cnf,5000,5000,5000,5000,5000,5000,5000,5000,5000,5000,5000,5000,5000,5000,5000,5000,5000,5000,5000,5000,5000,5000,5000,5000,5000,5000,5000,5000,5000,5000,5000,5000,5000,5000,5000,5000,5000
sat/sted5_0x24204-50.cnf,5000,5000,5000,5000,92.53,5000,5000,219.21,241.61,5000,5000,5000,5000,103.25,105.68,56.31,5000,5000,5000,5000,5000,143.02,193.97,28.22,216.31,5000,101.77,28.14,5000,5000,5000,5000,5000,5000,150.73,5000,5000
sat/sted5_0x24204-60.cnf,5000,5000,5000,5000,5000,5000,5000,5000,5000,5000,5000,5000,5000,5000,5000,5000,5000,5000,5000,5000,5000,5000,5000,5000,5000,5000,5000,5000,5000,5000,5000,5000,5000,5000,5000,5000,5000
sat/sted5_0x24204-70.cnf,5000,5000,5000,5000,5000,5000,5000,5000,5000,5000,5000,5000,5000,5000,5000,5000,5000,5000,5000,5000,5000,5000,5000,5000,5000,5000,5000,5000,5000,5000,5000,5000,5000,5000,5000,5000,5000
sat/terminator_03_true-unreach-call_true-termination.i.cnf,235.65,18.79,76.18,5000,5000,5000,5000,5000,5000,5000,5000,5000,5000,5000,5000,5000,5000,5000,5000,5000,5000,5000,5000,5000,5000,5000,5000,5000,5000,5000,5000,5000,5000,5000,188.13,5000,5000
sat/TimetableCNFEncoding_1_UNKNOWN.cnf,5000,5000,5000,5000,5000,5000,5000,5000,5000,5000,5000,5000,5000,5000,5000,5000,5000,5000,5000,5000,5000,5000,5000,5000,5000,5000,5000,5000,5000,5000,5000,113.95,5000,5000,5000,5000,5000
sat/TimetableCNFEncoding_10_UNKNOWN.cnf,5000,5000,5000,5000,5000,5000,5000,5000,5000,5000,5000,5000,5000,5000,5000,5000,5000,5000,5000,5000,5000,5000,5000,5000,5000,5000,5000,5000,5000,5000,5000,5000,5000,5000,5000,5000,5000
sat/TimetableCNFEncoding_16_UNKNOWN.cnf,5000,5000,5000,5000,5000,5000,5000,5000,5000,5000,5000,5000,5000,5000,5000,5000,5000,5000,5000,5000,5000,5000,5000,5000,5000,5000,5000,5000,5000,5000,5000,5000,5000,5000,5000,5000,5000
sat/TimetableCNFEncoding_17_UNKNOWN.cnf,5000,5000,5000,5000,5000,5000,5000,5000,5000,5000,5000,5000,5000,5000,5000,5000,5000,5000,5000,5000,5000,5000,5000,5000,5000,5000,5000,5000,5000,5000,5000,122.6,5000,5000,5000,5000,5000
sat/TimetableCNFEncoding_2_UNKNOWN.cnf,5000,5000,5000,5000,5000,5000,5000,5000,5000,5000,5000,5000,5000,5000,5000,5000,5000,5000,5000,5000,5000,5000,5000,5000,5000,5000,5000,5000,5000,5000,5000,5000,5000,5000,5000,5000,5000
sat/TimetableCNFEncoding_20_UNKNOWN.cnf,82.04,5000,5000,5000,41.35,5000,5000,5000,5000,81.34,5000,5000,5000,5000,5000,5000,64.62,16.36,5000,5000,5000,5000,5000,5000,5000,5000,5000,5000,66.09,5000,5000,107.82,5000,19.03,106.06,5000,5000
sat/TimetableCNFEncoding_3_UNKNOWN.cnf,5000,5000,5000,5000,5000,5000,5000,5000,5000,5000,5000,5000,5000,5000,5000,5000,5000,5000,5000,5000,5000,5000,5000,5000,5000,5000,5000,5000,5000,5000,5000,5000,5000,5000,5000,5000,5000
sat/TimetableCNFEncoding_4_UNKNOWN.cnf,5000,5000,5000,5000,5000,5000,5000,5000,5000,5000,5000,5000,5000,5000,5000,5000,5000,5000,5000,5000,5000,5000,5000,5000,5000,5000,5000,5000,5000,5000,5000,5000,5000,5000,5000,5000,5000
sat/TimetableCNFEncoding_5_UNKNOWN.cnf,5000,5000,5000,5000,5000,5000,5000,5000,5000,5000,5000,5000,5000,5000,5000,5000,5000,5000,5000,5000,5000,5000,5000,5000,5000,5000,5000,5000,5000,5000,5000,5000,5000,5000,5000,5000,5000
sat/TimetableCNFEncoding_6_UNKNOWN.cnf,5000,5000,5000,5000,5000,5000,5000,5000,5000,5000,5000,5000,5000,5000,5000,5000,5000,5000,5000,5000,5000,5000,5000,5000,5000,5000,5000,5000,5000,5000,5000,5000,5000,5000,5000,5000,5000
sat/TimetableCNFEncoding_8_UNKNOWN.cnf,5000,5000,5000,5000,5000,5000,5000,5000,5000,5000,5000,5000,5000,5000,5000,5000,5000,5000,5000,5000,5000,5000,5000,5000,5000,5000,5000,5000,5000,5000,5000,5000,5000,5000,5000,5000,5000
sat/TimetableCNFEncoding_9_UNKNOWN.cnf,5000,5000,5000,5000,5000,5000,5000,5000,5000,5000,5000,5000,5000,5000,5000,5000,5000,5000,5000,5000,5000,5000,5000,5000,5000,5000,5000,5000,5000,5000,5000,5000,5000,5000,5000,5000,5000
sat/udiv35prop.cnf,5000,5000,5000,5000,5000,5000,5000,5000,5000,5000,5000,5000,5000,5000,5000,5000,5000,5000,5000,5000,5000,5000,5000,5000,5000,5000,5000,5000,5000,5000,5000,5000,5000,5000,5000,5000,5000
sat/udiv40prop.cnf,5000,5000,5000,5000,5000,5000,5000,5000,5000,5000,5000,5000,5000,5000,5000,5000,5000,5000,5000,5000,5000,5000,5000,5000,5000,5000,5000,5000,5000,5000,5000,5000,5000,5000,5000,5000,5000
sat/udiv45prop.cnf,5000,5000,5000,5000,5000,5000,5000,5000,5000,5000,5000,5000,5000,5000,5000,5000,5000,5000,5000,5000,5000,5000,5000,5000,5000,5000,5000,5000,5000,5000,5000,5000,5000,5000,5000,5000,5000
sat/udiv46prop.cnf,5000,5000,5000,5000,5000,5000,5000,5000,5000,5000,5000,5000,5000,5000,5000,5000,5000,5000,5000,5000,5000,5000,5000,5000,5000,5000,5000,5000,5000,5000,5000,5000,5000,5000,5000,5000,5000
sat/udiv47prop.cnf,5000,5000,5000,5000,5000,5000,5000,5000,5000,5000,5000,5000,5000,5000,5000,5000,5000,5000,5000,5000,5000,5000,5000,5000,5000,5000,5000,5000,5000,5000,5000,5000,5000,5000,5000,5000,5000
sat/udiv48prop.cnf,5000,5000,5000,5000,5000,5000,5000,5000,5000,5000,5000,5000,5000,5000,5000,5000,5000,5000,5000,5000,5000,5000,5000,5000,5000,5000,5000,5000,5000,5000,5000,5000,5000,5000,5000,5000,5000
sat/uniqinv20prop.cnf,5000,5000,5000,20.19,5000,5000,5000,5000,5000,5000,5000,81.86,5000,5000,5000,5000,5000,5000,91.08,790.71,117.42,693.52,697.45,5000,5000,5000,2594.6,2580.52,5000,5000,5000,2596.21,5000,81.25,5000,186.29,5000
sat/uniqinv25prop.cnf,5000,5000,5000,40.75,5000,5000,5000,5000,5000,5000,5000,5000,5000,5000,5000,5000,5000,5000,169.68,2609.05,2583.56,2592.46,2608.42,2629.91,5000,5000,2598.33,2607.77,5000,5000,5000,2598.57,5000,5000,5000,5000,5000
sat/uniqinv30prop.cnf,5000,5000,5000,106.62,5000,5000,5000,5000,5000,5000,5000,5000,5000,5000,5000,5000,5000,5000,5000,2629.2,2646.08,2630.58,2629.97,2645.86,5000,5000,2677.33,2653.91,5000,5000,5000,2725.52,5000,231.96,5000,5000,5000
sat/uniqinv40prop.cnf,5000,5000,5000,5000,5000,5000,5000,5000,5000,5000,5000,5000,5000,5000,5000,5000,5000,5000,5000,5000,2697.77,2732.76,2742.8,2786.1,5000,5000,2701.4,5000,5000,5000,5000,2720.31,5000,5000,5000,5000,5000
sat/uniqinv45prop.cnf,5000,5000,5000,5000,5000,5000,5000,5000,5000,5000,5000,5000,5000,5000,5000,5000,5000,5000,5000,2763.18,5000,5000,5000,5000,5000,5000,5000,5000,5000,5000,5000,5000,5000,5000,5000,5000,5000
sat/uniqinv46prop.cnf,5000,5000,5000,5000,5000,5000,5000,5000,5000,5000,5000,5000,5000,5000,5000,5000,5000,5000,5000,5000,5000,5000,5000,5000,5000,5000,5000,5000,5000,5000,5000,5000,5000,5000,5000,5000,5000
sat/uniqinv47prop.cnf,5000,5000,5000,5000,5000,5000,5000,5000,5000,5000,5000,5000,5000,5000,5000,5000,5000,5000,5000,5000,5000,5000,5000,5000,5000,5000,5000,5000,5000,5000,5000,5000,5000,5000,5000,5000,5000
