"InstanceName","MaxHS","maxino2018","Open-WBO-g","Open-WBO-ms","Open-WBO-ms-pre","QMaxSAT2018","UWrMaxSat-1.0"
"10tree1020p.wcnf",30.68,13.33,3600,36.04,24.19,36.53,31.86
"10tree115p.wcnf",6.73,3.88,3.72,13.69,11.68,11.19,3.55
"10tree125p.wcnf",51.4,19.73,33.69,58.05,23.41,48.39,122.93
"10tree315p.wcnf",15.8,4.95,6.97,14.8,11.59,11.3,8.11
"10tree320p.wcnf",10.71,3.71,6.65,17.79,7.64,10.96,1.92
"10tree425p.wcnf",43.86,22.68,20.69,41.68,28.19,41.33,56.74
"10tree430p.wcnf",25.05,6.75,35.68,81.55,15.13,30.05,4.26
"10tree730p.wcnf",108.19,66.99,80.4,139.59,64.16,91.16,416.79
"10tree825p.wcnf",10.43,3.61,14.97,33.02,17.34,15.63,2.47
"15tree101p.wcnf",3.05,3.96,2.84,15.11,22.82,40.85,5.4
"15tree201p.wcnf",2.8,3.57,3.46,16.45,0.34,95.71,5.43
"15tree301posib.wcnf",11.01,5.16,7.8,40.85,54.73,20.84,9.76
"15tree401posib.wcnf",9.88,4.87,6.19,3600,40.61,44.48,4.71
"15tree501p.wcnf",17.31,12.19,16,58.2,51.81,25.17,28.26
"15tree701p.wcnf",26.37,11.04,17.48,48.54,54.1,304.13,23.18
"1bpi_2knt_gwcnft.wcnf",3600,327.44,635.43,135.08,369.68,76.52,409.14
"1bpi_5pti_gwcnft.wcnf",3600,237.74,111.78,70.69,297.99,25.44,113.95
"1knt_1bpi_gwcnft.wcnf",3600,382.92,338.97,200.02,348.25,107.41,334.13
"1knt_2knt_gwcnft.wcnf",24.09,17.34,3.46,10.01,124.25,1.39,13.35
"1knt_5pti_gwcnft.wcnf",3600,266.44,71.05,91.95,259.33,52.81,90.96
"2c3aece6-c8b2-11df-a040-00163e3d3b7c_l3.wcnf",5.55,14.57,10.23,26.45,14.44,8.32,6.03
"2knt_5pti_gwcnft.wcnf",3600,342.95,129.87,98.94,244.54,61.42,132.41
"3col140_5_10shuffledcnf.wcnf",24.13,6.23,12.99,26.23,38.4,3,10.23
"3col140_5_1shuffledcnf.wcnf",37.81,6.19,12.79,26.77,39.47,3.68,12.8
"3col140_5_2shuffledcnf.wcnf",55.2,3.51,13.17,30.74,33.08,2.65,11.26
"3col140_5_3shuffledcnf.wcnf",43.3,4.21,13.25,33.1,35.4,3.17,12.92
"3col140_5_4shuffledcnf.wcnf",33.55,7.01,13.58,26.08,36.71,2.5,9.64
"3col140_5_5shuffledcnf.wcnf",23.35,4.55,13.48,33.28,42.06,2.31,12.61
"3col140_5_6shuffledcnf.wcnf",54.86,6.41,16.34,34.55,47.34,3.23,11.39
"3col140_5_7shuffledcnf.wcnf",21.32,5.51,14.64,31.31,28.36,2.78,10.72
"3col140_5_8shuffledcnf.wcnf",50.01,6.25,13.3,25.48,33.17,2.98,10.9
"3col140_5_9shuffledcnf.wcnf",76.09,6.78,16.75,26.3,38.17,3.2,11.06
"3ebx_1era_gwcnft.wcnf",3600,706.29,576.84,373.21,349.8,109.71,397.54
"3ebx_6ebx_gwcnft.wcnf",186.74,44.03,54.76,27.35,127.69,8.59,21.66
"6ebx_1era_gwcnft.wcnf",3600,230.14,68.79,68.88,163.08,31.04,112.72
"7f80e4f0-4fe9-11e0-acd7-00163e1e087d_l3.wcnf",29.71,4.28,3.68,11.96,12.32,7.16,5.99
"ac97_ctrl-debugdimacs.wcnf",9.84,0.68,0.29,0.35,3.69,11.86,0.6
"adult_train_1_DNF_2_1.wcnf",3600,3600,3600,3600,3600,3600,3600
"adult_train_5_CNF_2_1.wcnf",3600,3600,3600,3600,3600,3600,3600
"adult_train_8_CNF_3_1.wcnf",3600,3600,3600,3600,3600,3600,3600
"AES1-30-5.wcnf",2.43,0.69,17.79,29.37,29.21,266.38,1.33
"AES1-40-6.wcnf",2.5,0.95,24.32,34.88,36.54,3600,1.04
"AES1-40-7.wcnf",2.42,0.98,17.99,28.02,34.88,2576.19,1.06
"AES1-60-17.wcnf",3.44,0.99,18.68,32.34,43.33,3600,1.13
"AES1-70-24.wcnf",91.03,3.09,32.31,44.13,34.27,3600,2.87
"AES1-76-37.wcnf",196.06,86.4,367.39,224.04,171.59,3600,20.19
"AES2-50-52.wcnf",13.72,1.45,19.31,3600,27.27,3600,1.27
"AES2-70-61.wcnf",644.88,9.01,23.22,35.13,45.22,3600,7.87
"AES2-72-67.wcnf",3600,3600,3600,3419.99,834.44,3600,3600
"AES2-74-11.wcnf",2007.68,12.37,46.54,50.7,168.37,3600,12.93
"AES2-74-73.wcnf",7.2,2.57,117.42,136.16,38.85,3600,3.12
"apt-cudf-universe0ea62c_l1.wcnf",2.78,0.07,0.08,0.1,0.17,3600,0.38
"atcoss_mesat_01.wcnf",63.92,46.64,184.04,368.06,143.28,65.23,48.14
"atcoss_mesat_03.wcnf",3600,3600,3600,3600,3600,3600,3600
"atcoss_mesat_04.wcnf",3600,3600,3600,3600,3600,3600,3600
"atcoss_mesat_05.wcnf",3600,3600,3600,3600,3600,3600,3600
"atcoss_mesat_06.wcnf",112.19,86.79,376.33,561.19,136.4,332.37,60.22
"atcoss_mesat_10.wcnf",2984.75,1455.97,3600,3359.34,3600,1706.56,581.69
"atcoss_mesat_12.wcnf",8.5,6.75,53.68,100.82,39.4,63.13,7.98
"atcoss_mesat_18.wcnf",3600,3600,3600,3600,3600,3600,3600
"atcoss_sugar_01.wcnf",40.16,32.02,69.61,135,100.27,18.17,33.38
"atcoss_sugar_02.wcnf",3600,3600,3600,3600,3600,3600,3600
"atcoss_sugar_04.wcnf",3600,3600,3600,3600,3600,3600,3600
"atcoss_sugar_05.wcnf",3600,3600,3600,3600,3600,3600,3600
"atcoss_sugar_12.wcnf",182.85,17.4,54.04,167.23,123.19,31.78,18.01
"atcoss_sugar_15.wcnf",3600,3600,3600,3600,3600,3600,3600
"atcoss_sugar_18.wcnf",3600,3600,3600,3600,3600,3600,3600
"atcoss_sugar_19.wcnf",102.51,157.03,2283.46,112.37,1.25,1594.39,66.23
"australian.wcnf",3600,3600,3600,3600,3600,3600,3600
"b14_C-mbd14-0225.wcnf",604.33,187.5,25.57,49.95,151.39,3350.71,25.74
"b14_C-mbd14-0307.wcnf",151.04,199.33,26.73,36.18,139.84,454.4,8.6
"b14-s_PathRelaxation_FS_14.wcnf",0.27,0.08,0.49,9.59,0.67,21.98,0.09
"b14-s_PathRelaxation_FS_16.wcnf",0.27,0.07,1.79,4.59,0.12,25.9,0.09
"b14-s_PathRelaxation_FS_25.wcnf",0.09,0.1,0.41,8.3,3.09,34.22,0.09
"b14-s_PathRelaxation_FS_46.wcnf",0.23,0.07,0.68,9.28,2.99,35.46,0.09
"b14-s_PathRelaxation_Set_FS_47.wcnf",4.14,0.8,5.34,28.58,4.59,380.82,0.68
"b17_C-mbd14-0304.wcnf",2.58,0.31,0.44,0.47,0.57,3.2,0.76
"b17_C-mbd14-0370.wcnf",5.62,0.48,0.47,0.5,1.29,24.57,1.18
"b18-s_PathRelaxation_Set_FS_32.wcnf",87.25,27.01,129.81,661.41,104.15,37.71,20.56
"b20_C-mbd14-0255.wcnf",105.22,1.98,4.16,27.99,16.7,210.86,2.83
"b20_C-mbd14-0328.wcnf",10.06,0.36,1.21,18.84,10.28,15.53,0.76
"b20_C-mbd14-0354.wcnf",40.25,0.64,1.26,24.16,14.72,138.47,1.22
"b21_C-mbd14-0205.wcnf",110.63,0.96,2.42,21.62,16.25,178.47,1.37
"b21_C-mbd14-0217.wcnf",85.62,0.38,1.41,16.63,18.22,19.15,0.9
"b21_C-mbd14-0267.wcnf",20.31,3.33,3.21,23.19,14.9,74.04,1.24
"b21_C-mbd14-0295.wcnf",246.82,14.64,16.9,41.94,68.01,553.12,10.63
"b21_C-mbd14-0349.wcnf",45.44,0.41,1.13,23.28,13.84,17.44,0.81
"b21-s_PathRelaxation_FS_28.wcnf",2.28,0.21,1.94,15.45,48.82,56.15,0.32
"b21-s_PathRelaxation_FS_42.wcnf",4.64,2.03,35.23,29.28,13.01,197.2,0.37
"b21-s_PathRelaxation_FS_47.wcnf",3.68,0.91,46.81,50.66,49.36,72.3,0.37
"b21-s_PathRelaxation_FS_48.wcnf",4.08,0.21,2.52,14.13,5.88,19.59,0.31
"b21-s_PathRelaxation_Set_FS_31.wcnf",16.51,5.85,47.61,245.59,78.76,649.05,2.33
"b22_C-mbd14-0222.wcnf",5.3,0.4,0.79,0.79,11.51,7.21,0.87
"b22_C-mbd14-0223.wcnf",5.39,0.39,0.73,0.76,0.9,16.44,0.8
"b22_C-mbd14-0240.wcnf",17.22,0.53,0.73,0.82,1.7,10.64,1.48
"b22_C-mbd14-0241.wcnf",13.98,0.44,0.8,1.03,8.9,6.24,1.09
"b22_C-mbd14-0300.wcnf",11.37,0.48,0.65,4.17,0.83,6.74,1.15
"bnn-last-layer-f10.wcnf",3600,3600,3036.59,1609.55,3600,3600,3600
"brock200_2clq.wcnf",93.42,43.95,34.59,63.84,36.61,12.86,10.43
"brock400_4clq.wcnf",3600,3600,3600,3600,3600,3600,3600
"c-fat500-2clq.wcnf",32.72,0.42,12.26,16.59,24.21,0.4,0.35
"c5315_F1@0.wcnf",0,0,1.09,0.01,0.01,3600,0
"c6_DD_s3_f1_e2_v1-bug-fourvec-gate-0dimacsseqfiltered.wcnf",19.47,4.46,1.08,1.25,10.73,506.77,3.46
"causal_n5_i7_N1000_uai13_harddeps_int.wcnf",12.46,7.59,29.36,188.19,56.2,13,6.12
"causal_n5_i8_N10000_uai13_harddeps_int.wcnf",14.08,11.04,16.08,133.84,24.04,11.1,6.45
"causal_n5_i9_N10000_uai13_constant_int.wcnf",18.87,3.17,6.26,46.98,9.49,5.09,3.97
"causal_n6_i1_N500_uai13_harddeps_int.wcnf",548.14,487.38,433,1293.54,672.03,244.41,120.5
"causal_n6_i3_N500_uai14_harddeps_int.wcnf",16.45,8.54,4.62,29.93,5.88,15.05,2.71
"causal_n6_i8_N1000_uai14_constant_int.wcnf",16.44,2.44,1.09,18.4,8.27,3.29,0.72
"causal_n7_i10_N1000_uai14_constant_int.wcnf",101.13,9.12,10.51,58.83,12.03,53.86,6.25
"causal_n7_i7_N1000_uai14_harddeps_int.wcnf",211.53,443.8,135.91,272.16,77.39,472.35,435.68
"causal_n7_i8_N1000_uai14_constant_int.wcnf",2.2,1.06,2.78,35.91,10.2,18.81,1.8
"causal_n7_i9_N1000_uai14_harddeps_int.wcnf",178.29,24.95,21.43,87.52,40.32,87.85,21.43
"cleve.wcnf",3600,3600,3600,3600,3600,3600,3600
"cleveland.wcnf",3600,3600,3600,3600,3600,3600,3600
"cloud.wcnf",0.14,3.64,0.21,0.23,0.97,3600,1.39
"cnf_10_center.wcnf",3600,212.99,3600,2589,720.73,2317.31,53.76
"cnf_10.wcnf",3600,3600,3600,3600,3600,3600,3600
"cnf_12_center.wcnf",1955.54,49.14,285.07,426.64,116.79,268.1,24.11
"cnf_12.wcnf",3600,3600,3600,3600,3600,3600,3600
"cnf_small.wcnf",3600,3600,3600,3600,3600,3600,3600
"cnf10p8.wcnf",288.81,80.79,36.03,161.97,104.1,26.86,17.03
"cnf12t9.wcnf",23.53,11.63,14.64,84.42,60.16,15.44,4.16
"cnf13p8.wcnf",393.64,62.11,42.02,122.39,75.5,108.3,16.59
"cnf13p9.wcnf",437.3,275.51,56.39,107.12,92.04,131.87,56.23
"cnf14t7.wcnf",36.26,13.71,13.91,87.25,84.91,10.81,4.62
"cnf15p7.wcnf",775.28,377.36,296.28,271.74,133.49,383.38,44.16
"cnf16p6.wcnf",392.15,57.84,319.19,273.28,148.62,84.92,54.69
"cnf16p7.wcnf",448.4,45.47,91.86,193.72,109.6,35.52,40.8
"cnf17p10.wcnf",920.9,351.89,498.68,396.18,206.97,839.92,608.36
"cnf18d7.wcnf",14.76,9.74,13.19,47.06,47.63,9.73,5.24
"cnf18p4.wcnf",120.94,22.33,33.73,167.78,71.49,29.49,79.96
"cnf18p5.wcnf",459.74,56.06,125.36,171.99,151.71,118.77,143.56
"cnf18p8.wcnf",573.95,188.82,392.95,293.81,131.07,298.12,64.44
"cnf18t9.wcnf",53.95,15.69,0.24,94.14,92.17,11.94,6.46
"cnf20d10.wcnf",17.94,11.88,17.51,53.89,74.05,13.58,6.26
"cnf20p5.wcnf",758.99,90.13,81.34,128.91,76.89,108.39,212.27
"cnf20p7.wcnf",662.26,119.59,296.39,156.14,144.05,372.15,448.27
"cnf8p7.wcnf",85.11,13.52,11.51,64.18,55.62,8.9,1.97
"cnf9p10.wcnf",225.66,38.96,15.79,101.18,41.58,23,5.38
"cnf9p8.wcnf",143.69,11.87,17.66,69.5,40.71,28.78,6.57
"compas_train_1_CNF_5_1.wcnf",3600,3600,3600,3600,3600,3600,3600
"compas_train_8_CNF_2_1.wcnf",3600,3600,3600,3600,3600,3600,77.46
"compas_train_9_DNF_3_1.wcnf",1490.55,3600,3600,3600,3600,3600,3600
"credit_train_0_CNF_4_1.wcnf",3600,3600,3600,3600,3600,3600,3600
"credit_train_1_CNF_5_1.wcnf",3600,3600,3600,3600,3600,3600,3600
"ctrl.wcnf",52.02,0.07,0.25,1.44,0.41,0.11,0.1
"d4.wcnf",3600,3600,3600,3600,3600,3600,3600
"diabetes.wcnf",3600,3600,3600,3600,3600,3600,3600
"divider-debugdimacs.wcnf",20.76,6.06,1.33,1.55,15.97,110.97,2.41
"divider-problemdimacs_2filtered.wcnf",589.48,44.45,11.33,332.8,145.4,391.76,15.69
"dividers1dimacsfiltered.wcnf",19.67,0.94,0.29,0.67,9.26,1.76,0.81
"dividers9dimacsfiltered.wcnf",84.57,1.44,0.37,0.39,8.64,27.86,1.04
"dp06s06shuffledcnf.wcnf",2.31,1.63,326.55,142.51,408.26,38.24,0.88
"dp07s07shuffledcnf.wcnf",5.11,7.22,1228.9,2394.37,3600,548.49,6.34
"dp43.wcnf",42.99,12.61,3.97,36.4,43.41,18.93,13.62
"extension-enforcement_non-strict_stb_200_005_0_10_3.wcnf",115.82,3600,3600,3600,3600,3600,3600
"extension-enforcement_non-strict_stb_200_005_1_10_0.wcnf",3600,3600,3600,3600,3600,3600,3600
"extension-enforcement_non-strict_stb_200_005_3_10_0.wcnf",3600,3600,3600,3600,3600,3600,3600
"extension-enforcement_non-strict_stb_200_005_3_10_1.wcnf",3600,3600,3600,3600,3600,3600,3600
"extension-enforcement_non-strict_stb_200_005_4_10_4.wcnf",1904.89,3600,3600,3600,3600,3600,3600
"extension-enforcement_non-strict_stb_200_01_2_10_1.wcnf",2260.11,3600,3600,3600,3600,3600,3600
"extension-enforcement_non-strict_stb_200_01_4_10_4.wcnf",112.6,3600,3600,3600,3600,3600,3600
"extension-enforcement_strict_com_100_005_0_30_3.wcnf",271.37,0.45,3600,3600,7.4,3600,2.65
"extension-enforcement_strict_com_150_005_0_15_2.wcnf",83.32,1.71,10.99,48.06,13.26,3600,9.73
"extension-enforcement_strict_com_150_005_3_30_0.wcnf",329.55,0.9,321.27,311.13,27.97,3600,12.74
"extension-enforcement_strict_com_150_005_4_15_1.wcnf",308.26,0.59,10.6,35.61,17.9,3600,9.56
"extension-enforcement_strict_com_150_02_4_8_3.wcnf",198.08,0.27,3600,3600,7.11,3600,4.15
"extension-enforcement_strict_com_200_005_1_40_1.wcnf",15.96,2.4,2.24,87.56,9.56,3600,21.08
"extension-enforcement_strict_com_200_005_4_20_3.wcnf",812.12,0.83,3600,3600,37.02,3600,27.69
"extension-enforcement_strict_com_200_02_1_10_0.wcnf",9.86,0.35,3600,2774.51,19.69,3600,8.38
"ff4a1d84-d490-11df-9e6c-00163e3d3b7c_l3.wcnf",3.84,5.53,3.11,0.13,0.05,4.57,1.31
"fpu8-problemdimacs_24filtered.wcnf",50.87,6.08,0.01,73.04,0.06,42.68,4.52
"frb35-17-1partial.wcnf",4.07,3600,24.6,15.6,3600,16.32,1.03
"frb35-17-2partial.wcnf",69.17,3600,22.2,44.29,3600,71.76,10.62
"frb35-17-3partial.wcnf",30.6,3600,0,14.05,3600,11.41,1.8
"frb35-17-5partial.wcnf",5.48,3600,58.84,20.79,3600,74.83,15.25
"frb40-19-1partial.wcnf",14.08,3600,47.82,14.78,3600,36.07,6.52
"frb40-19-2partial.wcnf",36.68,3600,26.87,33.8,3600,44.2,17.94
"frb40-19-3partial.wcnf",3600,3600,1020.06,78.01,3600,1872.73,100.01
"frb40-19-4partial.wcnf",265.36,3600,4.38,163.1,3600,378.58,233.77
"frb40-19-5partial.wcnf",85.1,3600,251.83,78.15,3600,846.66,57.14
"ft10-808-1090.wcnf",216.55,85.12,66.08,535.52,245.85,29.28,70.6
"g2_n26e25_n48e52.wcnf",2591.78,0.26,0.16,1.53,3.17,0.21,0.15
"g2_n37e45_n71e77.wcnf",54.68,1.32,0.74,5.22,5.05,8.52,0.54
"g2_n38e39_n146e164.wcnf",3600,3600,3600,3600,3600,3600,3600
"g2_n38e52_n53e67.wcnf",3600,53.87,18.84,24.11,13.15,55.49,10.95
"g2_n42e55_n44e53.wcnf",3600,3600,3600,3600,3600,3600,3600
"g2_n44e59_n69e83.wcnf",3600,3600,1605.14,193.55,180.53,712.91,447.24
"g2_n45e48_n47e54.wcnf",790.96,177.19,102.12,34.09,46.5,234.75,64.54
"g2_n50e50_n58e61.wcnf",2008.24,18.02,11.68,13.51,10.1,434.64,9.81
"g2_n61e85_n120e154.wcnf",678.69,72.28,150.12,54.68,28.14,3600,42.55
"g2_n67e83_n68e73.wcnf",3600,1215.13,1417.99,264.37,155.98,3600,599.74
"g2_n92e110_n96e105.wcnf",48.77,1.25,1.3,4.68,5.47,41.4,1.03
"g3_n26e25_n27e26_n42e48.wcnf",3600,3052.58,3600,1421.39,946.61,1935.61,2368.11
"g3_n30e43_n32e44_n40e53.wcnf",3600,473.28,1259.41,73.67,65.25,160.98,237.68
"g3_n30e43_n40e53_n44e48.wcnf",3600,536.12,3600,154.22,119.43,197.25,266.77
"g3_n34e43_n59e60_n71e84.wcnf",373.73,154.43,491.23,39.06,35.64,208.06,99.75
"g3_n35e48_n41e57_n56e65.wcnf",3600,421.13,137.88,75.3,100.13,229.03,317.97
"g3_n37e36_n37e35_n39e39.wcnf",1415.25,985.81,2336.9,134.07,90.47,701.18,174.18
"g3_n39e39_n81e90_n91e99.wcnf",4.13,0.2,0.73,4.9,4.39,0.84,0.2
"g3_n39e42_n61e85_n72e77.wcnf",414.85,2163.97,1118.37,122.71,128.17,3600,2386.46
"g3_n52e77_n57e74_n58e75.wcnf",3600,10.5,82.52,124.3,24.1,318.67,30.28
"g3_n66e77_n66e72_n94e112.wcnf",3600,115.19,530.3,187.69,241.29,2783.97,51.02
"g3_n66e77_n74e84_n94e112.wcnf",3600,27.47,49.47,62.91,26.99,190.71,13.38
"g3_n67e86_n89e98_n130e150.wcnf",359.35,8.64,299.88,137.57,62.57,3600,2.59
"g4_n47e57_n58e61_n133e169_n141e184.wcnf",142.38,1.2,2.63,6.55,3.32,34.71,0.81
"g4_n58e71_n61e85_n100e127_n104e131.wcnf",503.61,18.87,141.05,22.34,24.14,31.14,12.59
"g4_n69e80_n69e80_n69e80_n79e87.wcnf",10.08,0.61,0.91,4.72,5.61,1,0.48
"g5_n39e38_n43e43_n61e61_n67e68_n82e119.wcnf",734.89,97.36,1252.19,449.72,24.59,154.81,39.27
"g6_n25e24_n28e29_n32e33_n37e37_n38e39_n40e39.wcnf",367.17,48.34,21.27,31.85,45.2,55.18,36.02
"g7_n13e12_n13e12_n13e12_n13e12_n14e13_n15e14_n24e31.wcnf",388.55,47.42,57.42,39.39,67.48,3600,56.89
"g8_n44e59_n44e58_n47e63_n58e76_n67e94_n75e107_n123e161_n133e175.wcnf",515.13,11.07,16.23,19.07,0.04,99.85,10.13
"geffe128_1.wcnf",40.9,182.38,23.39,12.11,3600,3600,7.53
"geffe128_4.wcnf",6.21,367.22,3600,33.07,3600,3600,454.97
"geffe128_5.wcnf",18.53,6.99,11.57,51.39,3600,3600,26.2
"geffe128_8.wcnf",24.77,232.77,445.37,74.34,3600,3600,50.4
"gen_add_4_33.wcnf",25.59,4.64,0.23,3.22,10.62,3600,0.1
"gen_add_5_33.wcnf",1388.29,3.95,3600,3600,149.63,3600,24.93
"gen_cvc-add3-carry2-gadget_33.wcnf",5.72,11.53,2.88,12.51,47.9,3600,0.65
"gen_cvc-add3-carry2-gadget_399.wcnf",4.47,1.68,1.67,6.56,16.22,3600,0.37
"gen_cvc-add3-carry2-gadget_9999.wcnf",2.34,53.97,1.12,7.31,10.4,2053.87,1.3
"gen_cvc-add7to3_9999.wcnf",3600,3600,3600,3600,3600,3600,3600
"gen_cvc-plus_4_33.wcnf",21.64,0.12,0.12,1.02,57.7,3600,0.1
"gen_mult_3_5_399.wcnf",2.96,3600,3600,3600,3600,3600,3600
"gen_mult_3_5_991.wcnf",33.41,3600,3600,3600,3600,3600,3600
"gen_mult_3_5_9999.wcnf",1322.62,3600,3600,3600,3600,3600,3600
"gen_mult_3_6_399.wcnf",2.22,3600,3600,3600,3600,3600,3600
"gen_mult_4_4_9999.wcnf",3,3600,3600,1689.62,222.8,3600,3600
"gen_mult_4_5_9999.wcnf",3600,3600,3600,3600,3600,3600,3600
"gen_mult_4_6_299.wcnf",16.38,3600,3600,3600,47.52,3600,9.44
"gen_mult_4_6_991.wcnf",3600,3600,3600,3600,3600,3600,3600
"gen_square_5_299.wcnf",1.76,0.28,0.17,0.18,45.48,3600,0.52
"gen_square_5_399.wcnf",3.04,0.54,3600,3600,0.03,3600,2.53
"GenHyperTW_2bitcomp_5.wcnf",3600,3600,3600,3600,3600,3600,3600
"GenHyperTW_aim-50-1_6-yes1-3.wcnf",3600,3600,3600,3600,3600,3600,3600
"GenHyperTW_dubois21.wcnf",3600,3600,3600,3600,313.01,3600,3600
"GenHyperTW_grid4d_3.wcnf",3600,3600,3600,3600,3600,3600,3600
"GenHyperTW_hole9.wcnf",3600,3600,3600,3600,3600,3600,3600
"GenHyperTW_par8-1-c.wcnf",3600,3600,3600,3600,3600,3600,3600
"GenHyperTW_par8-4-c.wcnf",3600,3600,3600,3600,3600,3600,3600
"GenHyperTW_par8-5-c.wcnf",3600,3600,3600,3600,3600,3600,3600
"GenHyperTW_s208.wcnf",3600,3600,3600,3600,3600,3600,3600
"glass.wcnf",0.44,37.98,208.53,254.27,9.96,3600,60.51
"glass2.wcnf",0.2,11.32,0.11,0.01,0.88,3600,0.48
"GreeceWesternGreeceUniversityInstance4xml.wcnf",3600,3600,3600,3600,3600,3600,3600
"hamming8-2clq.wcnf",3600,3600,3600,3600,3600,3600,3600
"heart_train_0_DNF_2_1.wcnf",12.03,52.22,27.71,28.03,11.53,17.42,2.3
"heart_train_0_DNF_3_1.wcnf",3600,3600,3600,3600,1161.98,3600,3600
"heart-h.wcnf",3600,3600,3600,3600,3600,3600,3600
"heatShock_WT_121_12lpsm-extracted.wcnf",3.31,1.32,14.83,15.05,4.2,3.94,5.68
"heatShock_WT_148_12lpsm-extracted.wcnf",3.12,1.23,14.84,15.11,3.82,4.78,5.44
"heatShock_WT_161_12lpsm-extracted.wcnf",3.16,1.29,16.28,16.98,4.31,3.31,5.65
"heatShock_WT_192_12lpsm-extracted.wcnf",3.21,1.31,15.94,15.65,4.04,3.73,5.51
"heatShock_WT_196_12lpsm-extracted.wcnf",3.33,1.35,16.27,17.04,3.81,3.29,5.65
"heatShock_WT_28_12lpsm-extracted.wcnf",3.43,1.36,15.29,15.67,4.15,10.48,6.01
"heatShock_WT_30_12lpsm-extracted.wcnf",3.75,1.39,16.42,16.15,4.1,8.23,5.91
"heatShock_WT_36_12lpsm-extracted.wcnf",3.58,1.41,16.41,16.15,3.98,4,6.01
"heatShock_WT_42_12lpsm-extracted.wcnf",3.08,1.22,16.3,16.07,4.14,4.06,5.64
"heatShock_WT_43_12lpsm-extracted.wcnf",3.27,1.31,15.21,15.25,3.92,4.41,5.46
"house-votes-84.wcnf",3600,3600,47.47,59.65,71.98,99.81,3600
"hungarian.wcnf",3600,3600,3600,3600,3600,3600,3600
"ilpd_train_4_CNF_2_1.wcnf",1.86,2.05,9.32,6.79,3.65,2.58,0.2
"ionosphere_train_1_CNF_5_1.wcnf",3600,3600,3600,3600,3600,3600,3600
"ionosphere_train_1_DNF_1_1.wcnf",0.44,0.01,0.52,5.23,0.21,0.5,0.02
"ionosphere_train_2_CNF_2_1.wcnf",3600,3600,3600,1328.66,241.86,1588.02,1049.28
"iris.wcnf",3.86,12.06,691.6,159.54,46.36,1438.14,1.45
"k50-23-49rnapre.wcnf",64.61,44.92,28.3,32.94,39.33,2,0.53
"k50-40-60rnapre.wcnf",57.99,29.63,147.39,100.37,48.08,1.18,0.51
"kbtree9_7_3_5_30_3wcsp.wcnf",64.14,749.74,8.47,18.05,12.88,178.32,69.53
"kbtree9_7_3_5_40_1wcsp.wcnf",339.96,3600,2556.69,3600,995.06,3600,3600
"kbtree9_7_3_5_40_3wcsp.wcnf",95.53,3600,217.12,538.67,493.1,3600,3600
"kbtree9_7_3_5_50_1wcsp.wcnf",71.71,3600,3394.32,3600,715.48,3600,3600
"kbtree9_7_3_5_50_4wcsp.wcnf",138.37,3600,3600,3600,3600,3600,3600
"kbtree9_7_3_5_50_6wcsp.wcnf",62.79,3600,3600,3600,3600,3600,3600
"kbtree9_7_3_5_60_1wcsp.wcnf",37.33,3600,3600,3600,3600,3600,3600
"kbtree9_7_3_5_70_5wcsp.wcnf",61.98,3600,3600,3600,3600,3600,3600
"kbtree9_7_3_5_80_2wcsp.wcnf",44.92,3600,3600,3600,3600,3600,3600
"kbtree9_7_3_5_80_5wcsp.wcnf",26.57,3600,3600,3600,3600,3600,3600
"kbtree9_7_3_5_90_4wcsp.wcnf",12.64,3600,2990.59,2144.81,3600,3600,3600
"kbtree9_7_3_5_90_5wcsp.wcnf",20.51,3600,3600,3600,2312.63,3600,3600
"keller4clq.wcnf",17.16,26.28,14.83,36.58,69.65,5.96,2.57
"keller5clq.wcnf",3600,3600,3338.57,571.02,720.9,3600,3600
"liver-disorder.wcnf",3600,3600,3600,3600,3600,3600,3600
"lupus.wcnf",1.97,0.82,1.46,11.72,6.78,686.72,0.77
"maxcut-140-630-07-15.wcnf",3600,3600,3600,3600,3600,3600,3600
"maxcut-140-630-07-48.wcnf",3600,3600,3600,3600,3600,3600,3600
"maxcut-140-630-08-34.wcnf",3600,3600,3600,3600,3600,3600,3600
"maxcut-140-630-08-36.wcnf",3600,3600,3600,3600,3600,3600,3600
"mem_ctrl-debugdimacs.wcnf",19.65,2.72,1.13,1.31,27.69,27.93,1.86
"mem_ctrl1dimacsfiltered.wcnf",40.77,49.18,5.65,7.32,142.81,3600,17.57
"MinFill_R0_miles1500.wcnf",701.71,576.9,3600,3600,3600,3600,3600
"MinFill_R0_mulsoli2.wcnf",477.27,3600,3600,3600,2442.07,3600,3600
"MinFill_R0_mulsoli3.wcnf",397.21,3600,3600,3600,1337,3600,3600
"MinFill_R0_mulsoli4.wcnf",505.14,3600,3600,3600,3600,3600,3600
"MinFill_R0_myciel4.wcnf",1.49,4.68,3600,3600,3600,2418.91,1.28
"MinFill_R0_myciel5.wcnf",287.09,3600,3600,3600,3600,3600,3600
"MinFill_R0_myciel6.wcnf",3600,3600,3600,3600,3600,3600,3600
"MinFill_R0_myciel7.wcnf",3600,3600,3600,3600,3600,3600,3600
"MinFill_R0_queen11_11.wcnf",3600,3600,3600,3600,3600,3600,3600
"MinFill_R0_queen6_6.wcnf",3600,3600,3600,3600,3600,3600,3600
"MinFill_R0_queen8_12.wcnf",3600,3600,3600,3600,3600,3600,3600
"MinFill_R0_queen8_8.wcnf",3600,3600,3600,3600,3600,3600,3600
"MinFill_R1_games120.wcnf",3600,3600,3600,3600,3600,3600,3600
"MinFill_R10_anna.wcnf",3.12,6.51,3600,3600,3265.33,51.24,69.64
"MinFill_R3_david.wcnf",62.14,3600,3600,3600,3600,2719.62,3600
"MinFill_R3_miles1000.wcnf",3126.45,3600,3600,3600,3600,3600,3600
"MinFill_R3_miles750.wcnf",3600,3600,3600,3600,3600,3600,3600
"MinFill_R4_miles500.wcnf",3600,3600,3600,3600,3600,3600,3600
"mrisc_mem2wire.wcnf",223.67,23.33,50.9,243.26,123.44,43.08,19.32
"mrisc-debugdimacs.wcnf",36.47,17.82,2.41,107.21,86.44,3600,10.04
"mul_8_11.wcnf",3600,3600,3600,3600,3600,3600,3600
"mul_8_13.wcnf",3600,3600,3600,3600,3600,3600,3600
"mul_8_14.wcnf",3600,3600,3600,3600,3600,3600,3600
"mul_8_3.wcnf",184.67,3600,3600,1835.18,3600,3600,3600
"mul_8_9.wcnf",3600,3600,3600,3600,3600,3600,3600
"new-thyroid.wcnf",33.58,22.48,10.7,44.73,51.16,3600,12.16
"normalized-5xp1bopbmsat.wcnf",0.27,0.87,0.1,6.42,7.41,11.08,0.21
"normalized-alu4bopbmsat.wcnf",0.47,3600,3600,3600,3600,3600,3600
"normalized-apex4aopbmsat.wcnf",4.2,0.47,0.2,0.59,0.17,3600,2.35
"normalized-bench1piopbmsat.wcnf",2.63,3600,3600,3600,3600,3600,3600
"normalized-countbopbmsat.wcnf",0.16,0.03,0.03,5,5.63,12.8,0.11
"normalized-e64bopbmsat.wcnf",0.87,1.26,0.16,2.72,3.43,3600,3.62
"normalized-ex5piopbmsat.wcnf",2.65,3600,3600,3600,3600,3600,3276.78
"normalized-exampiopbmsat.wcnf",2.32,3600,3600,3600,72.3,3600,3600
"normalized-f2000.wcnf",3600,3600,3600,3600,3600,3600,3600
"normalized-f20c10b_005_area_delay.wcnf",104.45,0.97,1.61,18.26,106.64,1.53,2.81
"normalized-f20c10b_024_area_delay.wcnf",24.87,0.19,18.11,134.06,7.71,1.23,0.35
"normalized-f51mbopbmsat.wcnf",0.18,0.04,0.05,6,5.35,39.05,0.08
"normalized-fir06_area_opers.wcnf",66.02,0.31,0.3,1.44,15.35,1.07,1.2
"normalized-fir09_area_opers.wcnf",1069.57,1.82,2.36,55.14,74.3,11.5,18.07
"normalized-g100x100opbmsat.wcnf",3600,3600,3600,3600,3600,3600,3600
"normalized-g15x15opbmsat.wcnf",108.7,2629.97,33.04,23.83,19.8,62.61,91.48
"normalized-ii8a3.wcnf",2.46,172.41,3600,1161.7,9,3600,0.06
"normalized-jac3opbmsat.wcnf",2.9,0.32,73.28,318.86,886.54,3600,0.94
"normalized-m100_300_10_15r.wcnf",3.73,3600,3600,3600,3600,3600,3600
"normalized-max1024piopbmsat.wcnf",1.08,82.44,3600,3600,3600,3600,3600
"normalized-mps-v2-20-10-stein45opbmsat.wcnf",39.63,127.2,23.9,53.28,56.96,7.26,35.82
"normalized-par32-1opbmsat.wcnf",3600,3600,3600,3600,3600,3600,3600
"normalized-par32-2opbmsat.wcnf",3600,3600,3600,3600,3600,3600,3600
"normalized-par32-3opbmsat.wcnf",3600,3600,3600,3600,3600,3600,3600
"normalized-par32-4.wcnf",3600,3600,3600,3600,3600,3600,3600
"normalized-par32-4opbmsat.wcnf",3600,3600,3600,3600,3600,3600,3600
"normalized-par32-5opbmsat.wcnf",3600,3600,3600,3600,3600,3600,3600
"normalized-prom2piopbmsat.wcnf",1.87,3600,1334.79,731.66,3600,3600,3600
"normalized-rotbopbmsat.wcnf",0.93,3600,3600,3600,70.45,3600,858.1
"normalized-sao2bopbmsat.wcnf",0.11,0.01,39.06,64.23,0.36,619.9,0.02
"normalized-saucierr.wcnf",76.13,950.25,134.68,605.13,1748.31,2105.57,3600
"normalized-ssa7552-038opbmsat.wcnf",2.81,22.3,2.71,10.65,3600,3.13,0.63
"normalized-ssa7552-158opbmsat.wcnf",1.87,0.29,1.36,1.34,3600,1.53,0.42
"normalized-ssa7552-159opbmsat.wcnf",2.05,0.69,1.42,1.4,3600,1.71,0.46
"normalized-ssa7552-160opbmsat.wcnf",2.14,0.41,1.44,1.42,3600,2.4,0.5
"normalized-test4piopbmsat.wcnf",3600,3600,3600,3600,3600,3600,3600
"orb08-894-1058.wcnf",32.54,14.26,13.74,178.04,80.32,10.23,14.96
"p_hat300-1clq.wcnf",240.06,23.3,37.36,49.89,53.37,8.14,3.57
"p_hat300-2clq.wcnf",212.6,1034.27,624.73,235.15,182.87,1042.39,13.95
"p_hat300-3clq.wcnf",3600,3600,3600,3600,3600,3600,3600
"p_hat700-3clq.wcnf",3600,3600,3600,3600,3600,3600,3600
"p15.wcnf",48.04,3.89,51.38,83.21,77.5,9.43,6.31
"p1wcnft.wcnf",3600,348.32,382.91,174.08,346.45,69.24,265.9
"parkinsons_train_6_DNF_4_1.wcnf",3.77,1.91,0.21,6.54,6.33,2.02,0.56
"pesp_18Min.wcnf",3600,3600,3600,3600,3600,3600,3600
"pesp_5min.wcnf",3600,3600,3600,3600,3600,1820.95,3600
"pima_train_5_CNF_2_1.wcnf",3600,447.15,1496.02,888.25,102.57,3600,10.8
"ram_k3_n10ra0.wcnf",3600,3600,3600,3600,3600,3600,3600
"ram_k3_n11ra0.wcnf",3600,3600,3600,3600,3600,3600,3600
"ram_k3_n12ra0.wcnf",3600,3600,3600,3600,3600,3600,3600
"ram_k3_n13ra0.wcnf",3600,3600,3600,3600,3600,3600,3600
"ram_k3_n14ra0.wcnf",3600,3600,3600,3600,3600,3600,3600
"ram_k3_n15ra0.wcnf",3600,3600,3600,3600,3600,3600,3600
"ram_k3_n16ra0.wcnf",3600,3600,3600,3600,3600,3600,3600
"ram_k3_n17ra0.wcnf",3600,3600,3600,3600,3600,3600,3600
"ram_k3_n18ra0.wcnf",3600,3600,3600,3600,3600,3600,3600
"ram_k3_n19ra0.wcnf",3600,3600,3600,3600,3600,3600,3600
"ram_k3_n20ra0.wcnf",3600,3600,3600,3600,3600,3600,3600
"ram_k3_n9ra0.wcnf",0.94,0.98,1.47,0.7,0.82,3600,0.97
"ram_k4_n18ra0.wcnf",3600,3600,3600,3600,3600,3600,3600
"ram_k4_n19ra0.wcnf",3600,3600,3600,3600,3600,3600,3600
"ram_k4_n20ra0.wcnf",3600,3600,3600,3600,3600,3600,3600
"rand179_l2.wcnf",1.21,0.79,0.36,0.48,0.49,9.99,1.48
"rand196_l2.wcnf",1.25,1.29,0.44,0.59,0.54,15.99,2.4
"rand209_l2.wcnf",0.81,0.7,0.26,0.33,0.39,13.01,1.02
"rand21_l2.wcnf",1.15,1.27,0.57,0.87,0.68,34.34,2.27
"rand290_l2.wcnf",1.1,1.03,0.46,0.62,0.68,6.01,2
"rand308_l2.wcnf",0.71,0.35,0.23,0.26,0.27,11.49,0.51
"rand313_l2.wcnf",0.79,1.03,0.41,0.5,0.41,11.08,1.79
"rand507_l2.wcnf",0.44,0.35,0.22,0.25,0.27,4.01,0.61
"rand7_l2.wcnf",0.75,0.56,0.32,0.39,0.35,4.74,0.85
"rand717_l2.wcnf",1.19,0.89,0.36,0.38,0.46,18.18,1.53
"rand943_l2.wcnf",1.12,0.73,0.31,0.37,0.47,14.91,1.5
"rand984_l2.wcnf",1.14,0.66,0.29,0.36,0.42,6.33,1.26
"real-5.wcnf",2.67,5.44,7.8,9.22,3.19,69.17,2.64
"real-6.wcnf",2.51,1.05,0.5,0,23.33,0.36,2.62
"rev66-10.wcnf",3600,255.14,122.31,106.58,113.06,89.35,164.07
"rev66-12.wcnf",3600,3600,3600,945.89,1016.75,3312.32,3600
"rev66-14.wcnf",3600,3600,3600,3600,3600,3600,3600
"rev66-16.wcnf",3600,3600,3600,3600,3600,3600,3600
"rev66-18.wcnf",3600,3600,3600,3600,3600,3600,3600
"rev66-20.wcnf",3600,3600,3600,3600,3600,3600,3600
"rev66-22.wcnf",3600,3600,3600,3600,3600,3600,3600
"rev66-24.wcnf",3600,3600,3600,3600,3600,3600,3600
"rev66-26.wcnf",3600,3600,3600,3600,3600,3600,3600
"rev66-28.wcnf",3600,3600,3600,3600,3600,3600,3600
"rev66-30.wcnf",3600,3600,3600,3600,3600,3600,3600
"rev66-32.wcnf",3600,3600,3600,3600,3600,3600,3600
"rev66-6.wcnf",35.9,2.07,0.94,8.71,8.16,0.46,1.37
"rev66-8.wcnf",3600,56.23,37.22,50.14,45.59,20.16,45.53
"rsdecoder_fsm1dimacsfiltered.wcnf",269.91,7.32,2.72,10.93,18.34,3600,6.18
"rsdecoder-debugdimacs.wcnf",48.47,24.22,2.46,2.89,45.5,3600,30.29
"rsdecoder-problemdimacs_34filtered.wcnf",47.53,9.1,1.89,309.3,57.5,3600,4.49
"s38417_nan_explicit_0_0.wcnf",1.34,0.42,1.28,1.41,3.61,0.28,1.27
"s38584_nan_explicit_12_0.wcnf",3600,106.39,99.79,224.02,200.44,3600,97.56
"s38584_nan_explicit_13_0.wcnf",3600,57.9,74.67,128.27,147.13,3600,47.9
"s38584_nan_explicit_15_0.wcnf",3600,533.81,3600,2469.74,2339.39,3600,138.71
"s38584_nan_explicit_19_0.wcnf",3600,62.99,61.51,145.4,118.22,668.34,71.43
"s38584_nan_explicit_26_0.wcnf",3600,47.49,18.63,128.65,139.29,38.91,47.71
"s38584_nan_explicit_27_0.wcnf",3600,59.94,45.3,194.15,94.8,549.07,46.29
"s38584_nan_explicit_29_0.wcnf",3600,36.34,31.79,154.72,97.7,63.33,33.58
"s38584_nan_explicit_3_0.wcnf",3600,1238.5,3600,3600,1891.38,3600,52.97
"s38584_nan_explicit_30_0.wcnf",3600,103.98,55.63,128.8,128.09,2112.99,43.75
"s38584_nan_explicit_31_0.wcnf",3600,54.48,112.37,184.98,148.07,90.02,53.46
"s38584_nan_explicit_33_0.wcnf",3600,21.86,14.75,178.2,40.08,29.08,25.1
"s38584_nan_explicit_34_0.wcnf",3600,30.97,30.64,75.98,110.17,70.32,37.25
"s38584_nan_explicit_35_0.wcnf",3600,39.23,29.82,40.7,28.75,188.3,39.53
"s38584_nan_explicit_37_0.wcnf",3600,21.51,14.35,193.33,7.15,25.46,30.55
"s38584_nan_explicit_4_0.wcnf",3600,3600,3600,3600,3600,3600,84.77
"s38584_nan_explicit_40_0.wcnf",3600,23.55,23.08,164.17,102.94,37.86,28.71
"s38584_nan_explicit_41_0.wcnf",3600,29.88,20.49,144.07,97.32,98.6,32.8
"s38584_nan_explicit_49_0.wcnf",351.76,25.52,12.69,30.73,22.77,18.08,30.02
"s38584_nan_explicit_5_0.wcnf",3600,3600,3600,3600,3600,3600,570.58
"s38584_nan_explicit_8_0.wcnf",3600,3600,3600,3600,3600,3600,3600
"san1000clq.wcnf",2.22,3600,41.7,62.04,222.27,3600,3.43
"san200_09_3clq.wcnf",0.3,3600,1048.85,811.96,1966.61,3600,4.39
"san400_05_1clq.wcnf",485.23,3600,3600,3600,1050.29,3600,3600
"sandiaproteingwcnft.wcnf",3600,190,207.89,85.58,265.59,33.47,161.14
"sanr200_07clq.wcnf",3600,3600,3600,3600,3600,3600,3600
"SAT_RACE06__velev-pipe-sat-10-b9cnfwcnf2.wcnf",208.26,50.98,7.26,32.7,194.1,114.65,39
"SAT_RACE08__cnf__ibm-2004-01-k90cnfwcnf10.wcnf",9.87,2.83,287.02,480.56,384.09,3600,1.15
"SAT02__industrial__biere__dinphil__dp10s10shuffledcnfwcnf8.wcnf",895.69,153.58,144.01,236.42,243.75,191.52,55.65
"SAT04__industrial__velev__pipe-sat-1-1__12pipe_bug6_q0used-assat04-725cnfwcnf3.wcnf",476.7,255.81,5.4,23.69,101.39,394.33,103.24
"SAT07__industrial__vliw_sat_40__9vliw_m_9stages_iq3_C1_bug5cnfwcnf1.wcnf",236.99,159.67,5.95,39.19,124.24,3600,66.64
"SAT07__industrial__vliw_sat_40__9vliw_m_9stages_iq3_C1_bug6cnfwcnf3.wcnf",254.48,106.51,5.54,5.98,144.75,3600,65.44
"SAT09__APPLICATIONS__satComp09_BioInstances__rbcl_xits_18_SATcnfwcnf2.wcnf",0.59,1.35,9.39,15.26,9.76,52.87,0.96
"SAT11__application__fuhs__AProVE11__AProVE11-09cnfwcnf4.wcnf",2534.51,361.4,3321.54,3600,3600,2107.27,576.96
"SAT11__application__fuhs__AProVE11__AProVE11-10cnfwcnf3.wcnf",3600,3600,60.16,85.59,106.81,3600,3600
"SAT11__application__fuhs__AProVE11__AProVE11-12cnfwcnf2.wcnf",176.74,29.05,49.32,110.77,81.89,107.25,36.9
"SAT11__application__jarvisalo__AAAI2010-SATPlanning__aaai10-planning-ipc5-pipesworld-12-step16cnfwcnf7.wcnf",23.73,0.99,72.47,274.31,2.76,594.57,2.47
"SAT11__application__jarvisalo__AAAI2010-SATPlanning__aaai10-planning-ipc5-pipesworld-12-step16cnfwcnf8.wcnf",24.17,0.97,7.93,217.99,2.51,1069.5,2.93
"SAT11__application__jarvisalo__smtqfbv-aigs__smtlib-qfbv-aigs-bin_libmsrpc_vc1225336-tseitincnfwcnf4.wcnf",305.75,128.42,167.85,393.94,605.87,3600,313.07
"SAT11__application__leberre__2dimensionalstrippacking__E05F18cnfwcnf8.wcnf",1063.42,109.09,62.12,87.72,73,121.89,26.52
"SAT11__application__manthey__traffic__traffic_3_uc_satcnfwcnf8.wcnf",311.95,321.21,2.9,3.63,0.48,3600,155.55
"SAT11__application__rintanen__SATPlanning__blocks-blocks-36-0170-NOTKNOWNcnfwcnf6.wcnf",952.88,1592.79,208.02,1192.18,28.03,3600,390.02
"SAT11__application__rintanen__SATPlanning__openstacks-sequencedstrips-nonadl-nonnegated-os-sequencedstrips-p30_3085-SATcnfwcnf1.wcnf",104.45,1553.48,1.79,3.03,5.76,3600,78.69
"SAT11__application__rintanen__SATPlanning__openstacks-sequencedstrips-nonadl-nonnegated-os-sequencedstrips-p30_3085-SATcnfwcnf5.wcnf",50.79,1.35,1.5,2.44,5.78,3600,6.29
"sbox_4.wcnf",0.21,0.27,0.12,3.21,8.95,1967.02,0.21
"sbox_8.wcnf",3600,3600,3600,3600,3600,3600,3600
"scpclr10_maxsat.wcnf",12.67,3600,3600,3600,3600,3600,3600
"scpclr11_maxsat.wcnf",3000.9,3600,3600,3600,3600,3600,3600
"scpclr12_maxsat.wcnf",3600,3600,3600,3600,3600,3600,3600
"scpclr13_maxsat.wcnf",3600,3600,3600,3600,3600,3600,3600
"scpcyc06_maxsat.wcnf",3600,3600,3600,3600,3600,3600,3600
"scpcyc07_maxsat.wcnf",3600,3600,3600,3600,3600,3600,3600
"scpcyc08_maxsat.wcnf",3600,3600,3600,3600,3600,3600,3600
"scpcyc09_maxsat.wcnf",3600,3600,3600,3600,3600,3600,3600
"scpcyc10_maxsat.wcnf",3600,3600,3600,3600,3600,3600,3600
"scpcyc11_maxsat.wcnf",3600,3600,3600,3600,3600,3600,3600
"simp-ibd_5004.wcnf",3600,36.94,12.14,16.63,17.56,10.12,7.22
"soybean.wcnf",3600,3600,3600,3600,3600,3600,3600
"spi-debugdimacs.wcnf",56.01,46.11,5.42,749.66,176.63,3600,14.36
"spi-problemdimacs_42filtered.wcnf",64.98,142.42,12.33,20.82,419.08,3600,16.85
"spi.wcnf",3600,2.3,11.25,33.91,32.97,3.07,5.25
"splitedReads_0matrix.wcnf",806.43,3600,3600,3600,3600,3600,323.55
"splitedReads_158matrix.wcnf",7.35,1.42,25.11,0.58,1.03,10.45,1.87
"splitedReads_160matrix.wcnf",10.33,1.82,0.46,0.71,1.14,7.92,2.39
"splitedReads_18matrix.wcnf",4.98,0.89,0.9,2.13,0.27,7.34,1.2
"splitedReads_414matrix.wcnf",7.66,1.43,1.3,2.33,1.4,8.47,1.84
"Stat_vs_Exp_151_12lpsm-extracted.wcnf",3.76,1.5,16.49,15.78,4.08,5.99,5.9
"Stat_vs_Exp_58_12lpsm-extracted.wcnf",3.37,1.35,15.88,15.92,4.16,4.13,5.61
"Stat_vs_Exp_72_12lpsm-extracted.wcnf",3.84,1.37,16.03,16.96,3.91,5.59,6.58
"sudoku-debugdimacs.wcnf",29.53,18.37,2.77,3.62,54.53,3600,10.84
"sudoku.wcnf",2846.67,3.21,9.51,239.8,22.16,4.79,5.22
"synthetic-12.wcnf",0.24,0.95,0.1,0.12,0.42,29.54,0.23
"synthetic-14.wcnf",0.07,0.06,0.04,0.05,0.13,4.19,0.06
"synthetic-21.wcnf",0.29,0.87,1.68,1.69,0.55,94.25,0.26
"tae.wcnf",3600,455.66,3600,3600,304.65,3600,264.57
"teams16_l6acnf.wcnf",5.97,1.8,0.01,17.44,18.14,11.18,1.46
"TEAMS20_l10aacnf.wcnf",4.14,0.38,6.01,30.61,0.52,13.21,0.29
"teams24_l5acnf.wcnf",67.46,3.98,3600,3600,3600,3600,0.93
"threshold128_0.wcnf",57.86,100.97,162.85,63.46,3600,3600,109.09
"threshold128_2.wcnf",57.87,393.69,165.75,78.08,3600,3600,140.56
"threshold128_3.wcnf",1,124.93,71.53,38.3,3600,3600,2.8
"threshold128_4.wcnf",3.17,146.89,31.31,70.12,3600,3600,89.73
"threshold128_5.wcnf",51.45,260.27,347.94,93.34,3600,3600,11.68
"threshold128_6.wcnf",33.75,138.97,90.74,51.86,3600,3600,68.07
"threshold128_8.wcnf",59.06,943.4,65.12,204.12,3600,3600,724.79
"tictactoe_train_1_CNF_3_1.wcnf",3600,3600,3600,3600,3600,3600,3600
"tictactoe_train_3_DNF_1_1.wcnf",9.7,0.69,0.96,5.33,5.08,3.17,0.25
"titanic_train_0_CNF_4_1.wcnf",3600,3600,3600,3600,2744.99,3600,3600
"titanic_train_1_CNF_2_1.wcnf",12.18,17.54,214.44,231.11,198.32,35.47,1.09
"titanic_train_1_CNF_5_1.wcnf",3600,3600,3600,3600,3444.9,3600,3600
"titanic_train_9_CNF_2_1.wcnf",23.98,71.76,211.01,289.73,155.88,37.62,1.45
"toms_test_0_CNF_4_1.wcnf",3600,3600,3600,3600,3600,3600,3600
"toms_test_1_DNF_5_1.wcnf",3600,3600,3600,3600,3600,3600,3600
"toms_train_2_CNF_5_1.wcnf",3600,3600,3600,3600,3600,3600,3600
"TWComp_1c75_N69.wcnf",3600,3600,3600,3600,3600,3600,3600
"TWComp_1dj7_N73.wcnf",3600,3600,3600,3600,3600,3600,3600
"TWComp_1dp_N76.wcnf",3600,3600,3600,3600,3600,3600,3600
"TWComp_1en2_N69.wcnf",3600,331.03,592.55,598.69,398.65,178.38,673.22
"TWComp_celar02_N100.wcnf",20.32,9.59,2.1,51.66,32.49,1.18,11.5
"TWComp_celar09pp_N67.wcnf",3.94,1.64,17.61,34.88,22.34,0.23,2.09
"TWComp_david_N87.wcnf",19.79,12.44,13.86,82.34,56.08,8.25,28.24
"TWComp_eil51tsp_N51.wcnf",3600,3193.5,3600,1461.45,937.78,335.22,358.44
"TWComp_hepar2_N70.wcnf",4.83,2.07,17.75,34.39,28.26,0.34,2.64
"TWComp_huck_N74.wcnf",6.3,2.89,18.07,42.92,3600,0.6,3.29
"TWComp_jean_N77.wcnf",7.19,3.2,0.14,0.14,0.06,0.62,3.95
"TWComp_miles500_N128.wcnf",332.02,185.79,824.23,785.87,493.32,186.01,183.32
"TWComp_mulsoli5-pp_N119.wcnf",3600,1578.92,3600,1064.4,836.87,150.45,1413.04
"TWComp_myciel4_N23.wcnf",8.91,8.77,12.22,41.13,23.79,7.29,12.89
"TWComp_myciel5_N47.wcnf",3600,3600,3600,3600,3600,3600,3600
"TWComp_oesoca+_N67.wcnf",192.11,90.28,133.46,200.6,96.81,107.39,115.84
"TWComp_pathfinder_N109.wcnf",25.72,12.06,1.61,38.07,36.83,1.56,15.02
"TWComp_queen5_5_N25.wcnf",3600,3600,3600,3600,3600,3600,3600
"TWComp_queen6_6_N36.wcnf",3600,3600,3600,3600,3600,3600,3600
"TWComp_queen7_7_N49.wcnf",3600,3600,3600,3600,3600,3600,3600
"TWComp_ship-ship-pp_N30.wcnf",318.22,32.26,42.36,72.69,52.72,29.66,46.85
"TWComp_win95pts_N76.wcnf",7.02,3.4,1.4,26.52,31.72,1.03,3.99
"twitter_test_0_CNF_2_1.wcnf",3600,3600,3600,3600,3600,3600,3600
"twitter_test_1_CNF_5_1.wcnf",3600,3600,3600,3600,3600,3600,3600
"twitter_test_9_CNF_4_1.wcnf",3600,3600,3600,3600,3600,3600,3600
"uaq-nr-nr130-nc43-n3-k2-rpp4-ppr2-plb50.wcnf",11.2,4.64,2.42,6.8,3.54,10.09,0.65
"uaq-nr-nr150-nc50-n3-k2-rpp4-ppr2-plb50.wcnf",1243.03,177.31,95.04,108.56,34.29,593.05,33.12
"uaq-nr-nr220-nc73-n3-k2-rpp4-ppr2-plb50.wcnf",52.7,36.72,984.18,467.37,136.82,3600,6.82
"uaq-nr-nr240-nc80-n3-k2-rpp4-ppr2-plb50.wcnf",53.61,61.55,2925.72,1359.15,64.36,3600,7
"uaq-nr-nr340-nc113-n3-k2-rpp4-ppr2-plb50.wcnf",1.76,14.13,3600,3600,395.04,3600,0.54
"uaq-plb-nr250-nc83-n5-k2-rpp3-ppr5-plb100.wcnf",856.68,104.69,155.61,123.77,29.95,186.4,8.11
"uaq-plb-nr250-nc83-n5-k2-rpp3-ppr5-plb90.wcnf",3600,3600,3038.76,1187.77,264.47,3600,283.97
"uaq-ppr-nr200-nc66-n5-k2-rpp4-ppr5-plb100.wcnf",3600,78.63,22.42,32.57,29.03,16.57,30.92
"uaq-ppr-nr200-nc66-n5-k2-rpp4-ppr6-plb100.wcnf",3600,3600,3600,1474.84,665.42,3600,3600
"uaq-ppr-nr200-nc66-n5-k2-rpp6-ppr11-plb100.wcnf",3600,3600,3600,3600,3600,3600,3600
"uaq-ppr-nr200-nc66-n5-k2-rpp6-ppr13-plb100.wcnf",3600,3600,3600,3600,3600,3600,3600
"uaq-ppr-nr200-nc66-n5-k2-rpp6-ppr6-plb100.wcnf",3600,3600,3600,3600,3600,3600,3600
"uaq-ppr-nr200-nc66-n5-k2-rpp6-ppr9-plb100.wcnf",3600,3600,3600,3600,3600,3600,3600
"uaq-rpp-nr100-nc33-n3-k2-rpp28-ppr2-plb20.wcnf",156.69,86.84,26.25,54.84,79.89,24.24,89.21
"uaq-rpp-nr100-nc33-n3-k2-rpp6-ppr2-plb20.wcnf",2.89,11.4,3600,11.01,5.25,10.81,4.21
"UAutomizer_4BitCounterPointer_true-termination_true-valid-memsafetyc_Abstraction1.wcnf",0.22,0.09,0.11,0.12,0.54,1.38,0.37
"UAutomizer_AliasDarteFeautrierGonnord-SAS2010-speedpldi2_true-termination_true-no-overflowc_Abstraction1.wcnf",0,0,0,0.01,0.02,3600,0
"UAutomizer_c03-alloca_true-termination_true-no-overflowci_Abstraction3.wcnf",0.26,0.12,0.13,0.13,0.65,1.76,0.42
"UAutomizer_CookSeeZuleger-2013TACAS-Fig7b-alloca_true-terminationci_Abstraction3.wcnf",0.32,0.14,0.16,0.15,0.79,2.6,0.54
"UAutomizer_cstrpbrk_diffterm_alloca_true-terminationci_Abstraction4.wcnf",0.07,0.02,0.04,0.04,0.17,3600,0.12
"UAutomizer_ll_append-alloca_false-terminationci_Abstraction1.wcnf",0.23,0.1,0.13,0.11,0.57,1.06,0.37
"UAutomizer_LogAG_true-termination_true-no-overflowc_Abstraction2.wcnf",0,0,0.01,0.01,0.01,3600,0
"UAutomizer_NestedRecursion_2b_false-termination_true-valid-memsafetyc_Abstraction2.wcnf",0.33,0.19,0.16,0.16,0.79,2.23,0.51
"vga-debugdimacs.wcnf",28.66,2.67,1.69,1.87,10.93,37.89,2.84
"wb_4m8s3dimacsfiltered.wcnf",22.8,10.9,2.8,3.45,23.11,3600,10.18
"wb_conmax3dimacsfiltered.wcnf",216.2,64.69,6.19,255.41,89.87,3600,13.76
"wb-debugdimacs.wcnf",20.33,27.49,2.53,2.27,8.02,3600,4.84
"wb1dimacsfiltered.wcnf",50.33,5.23,1.26,1.35,1.12,3600,3.98
"wdbc_train_0_CNF_3_1.wcnf",3600,3600,3600,3600,1941.02,3600,3600
"wdbc_train_1_CNF_1_1.wcnf",1.14,0.03,0.24,0.79,0.46,0.47,0.04
"we.wcnf",3600,3600,3600,3600,3600,3600,3600
"wolfram72_1.wcnf",5.12,6,20.41,59.25,3600,3600,5.79
"wolfram72_5.wcnf",16.14,5.04,24.6,88.72,3600,3600,9
"wolfram72_7.wcnf",5.09,4.15,18.16,55.63,3600,3600,3.65
"wolfram72_8.wcnf",20.26,19.43,24,69.42,3600,3600,4.27
"wolfram72_9.wcnf",1.11,12.33,29.78,76.03,3600,3600,3.31
"wolfram80_1.wcnf",25.89,103.48,67.07,105.76,3600,3600,17.41
"wolfram80_5.wcnf",32.04,176.68,66.07,81.14,3600,3600,11.17
"wolfram80_6.wcnf",18.24,19.74,27.62,114.11,3600,3600,12.33
"wolfram80_9.wcnf",5.41,8.42,30.9,129.57,3600,3600,35.39
"wqueens14_12wcspdir.wcnf",17.47,0.05,0.02,1.91,6.09,0.04,0.09
"wqueens16_14wcspdir.wcnf",256.48,0.18,0.09,8.96,7.2,0.07,0.81
"wqueens18_16wcspdir.wcnf",302.11,1.46,0.13,7.07,0.04,0.19,0.46
