488.37,5000,5000,5000,5000,5000,5000,5000,5000,5000,5000,5000,5000,5000,5000,5000,5000,5000,5000,5000,5000,5000,5000,5000,5000,5000,5000,5000,5000,5000,5000,5000,5000,5000,5000,5000,5000,5000,5000
5000,5000,5000,5000,5000,5000,5000,5000,5000,5000,5000,5000,5000,5000,5000,5000,5000,5000,5000,5000,5000,5000,5000,5000,5000,5000,5000,5000,5000,5000,5000,5000,5000,5000,5000,5000,5000,5000,5000
5000,5000,5000,5000,5000,5000,5000,5000,5000,5000,5000,5000,5000,5000,5000,5000,5000,5000,5000,5000,5000,5000,5000,5000,5000,5000,5000,5000,5000,5000,5000,5000,5000,5000,5000,5000,5000,5000,5000
5000,5000,5000,5000,5000,5000,5000,5000,5000,5000,5000,5000,5000,5000,5000,5000,5000,5000,5000,5000,5000,5000,5000,5000,5000,5000,5000,5000,5000,5000,5000,5000,5000,5000,5000,5000,19.58,5000,1.76
5000,5000,5000,5000,5000,5000,5000,5000,51.21,5000,5000,5000,5000,5000,5000,5000,5000,5000,5000,5000,5000,5000,5000,5000,5000,5000,5000,5000,5000,5000,5000,5000,5000,254.65,5000,5000,0.99,5000,0.01
5000,5000,5000,5000,5000,5000,5000,5000,5000,5000,5000,5000,5000,5000,5000,5000,5000,5000,5000,5000,5000,5000,5000,5000,5000,5000,5000,5000,5000,5000,5000,5000,5000,5000,5000,5000,5.55,5000,43.31
5000,5000,5000,5000,92.96,5000,5000,5000,5000,5000,5000,5000,5000,5000,5000,5000,5000,5000,5000,5000,5000,470.52,5000,5000,5000,5000,5000,5000,83.93,5000,5000,5000,5000,5000,5000,5000,0.11,5000,0.04
5000,5000,5000,5000,376.19,5000,5000,5000,5000,5000,5000,5000,5000,5000,5000,5000,5000,5000,5000,5000,5000,79.83,78.36,78.86,5000,5000,5000,5000,5000,5000,5000,5000,5000,5000,5000,5000,0.98,5000,0.14
5000,5000,5000,5000,5000,5000,5000,5000,5000,5000,5000,5000,5000,5000,5000,5000,5000,5000,5000,5000,5000,5000,5000,5000,5000,5000,5000,5000,5000,5000,5000,5000,5000,5000,5000,5000,0.37,5000,0.03
5000,5000,5000,5000,5000,5000,5000,5000,5000,5000,5000,5000,5000,5000,5000,5000,5000,5000,5000,5000,5000,5000,5000,5000,5000,5000,5000,5000,107.79,5000,5000,5000,5000,5000,5000,5000,0.42,5000,0.01
5000,96.23,5000,5000,5000,5000,5000,5000,5000,5000,5000,5000,5000,5000,5000,5000,5000,5000,5000,5000,5000,5000,5000,5000,5000,5000,5000,5000,5000,5000,5000,5000,5000,5000,5000,5000,143.23,5000,379.2
5000,5000,5000,5000,5000,5000,5000,5000,5000,5000,5000,5000,5000,5000,5000,5000,5000,5000,5000,5000,5000,5000,5000,5000,5000,5000,5000,5000,5000,5000,5000,5000,5000,5000,5000,5000,3.64,5000,0.91
5000,5000,5000,5000,5000,5000,5000,5000,5000,5000,5000,5000,5000,5000,5000,5000,5000,5000,5000,5000,5000,5000,5000,5000,5000,5000,286.27,5000,5000,5000,5000,5000,5000,5000,5000,5000,0.43,5000,1.36
5000,5000,5000,5000,5000,5000,5000,5000,333.28,5000,5000,5000,5000,5000,5000,5000,5000,5000,5000,5000,5000,5000,5000,5000,5000,5000,5000,5000,5000,5000,5000,5000,5000,5000,5000,5000,0.37,5000,0.03
5000,5000,5000,5000,5000,5000,5000,5000,5000,5000,5000,5000,5000,5000,5000,5000,5000,5000,5000,5000,5000,5000,5000,5000,5000,5000,5000,5000,5000,5000,5000,5000,32.18,5000,5000,5000,0.63,5000,0.07
5000,5000,5000,5000,5000,5000,5000,5000,5000,5000,5000,5000,5000,5000,5000,5000,5000,5000,5000,5000,5000,170.12,165.97,166.68,5000,5000,5000,5000,5000,5000,5000,5000,5000,5000,5000,5000,0.52,5000,0
5000,5000,5000,5000,5000,124.38,5000,5000,5000,5000,5000,5000,5000,5000,5000,5000,5000,5000,5000,5000,5000,5000,5000,5000,5000,5000,5000,5000,5000,5000,5000,5000,5000,5000,5000,5000,0.16,5000,0.36
5000,5000,5000,5000,5000,5000,5000,5000,35.25,5000,5000,5000,5000,5000,5000,5000,5000,5000,5000,5000,5000,5000,5000,5000,5000,488.84,5000,5000,5000,5000,5000,5000,5000,5000,5000,5000,0.92,5000,0.26
433.79,5000,5000,5000,5000,5000,151.16,5000,5000,5000,5000,5000,5000,5000,5000,5000,5000,5000,5000,5000,5000,312.81,5000,322.93,5000,5000,5000,5000,5000,5000,5000,5000,5000,13.55,5000,5000,0.57,5000,0.29
5000,5000,5000,5000,5000,5000,5000,5000,5000,5000,5000,5000,5000,5000,5000,5000,5000,5000,5000,5000,5000,5000,5000,5000,5000,5000,452.74,5000,5000,5000,5000,192.55,5000,5000,5000,5000,0.43,5000,0.42
5000,5000,5000,5000,5000,5000,221.42,5000,5000,5000,5000,5000,239.02,5000,5000,5000,5000,5000,5000,5000,5000,5000,5000,5000,5000,5000,5000,5000,5000,5000,5000,5000,5000,99.05,5000,228.68,0.4,5000,0.33
5000,5000,5000,5000,5000,5000,5000,5000,5000,5000,5000,5000,5000,5000,5000,5000,5000,5000,5000,5000,5000,5000,5000,5000,5000,5000,5000,5000,369.77,5000,5000,5000,5000,5000,5000,5000,0.98,5000,0.66
5000,5000,5000,5000,5000,5000,5000,5000,5000,5000,5000,5000,5000,5000,5000,5000,5000,5000,5000,5000,5000,5000,5000,5000,5000,5000,5000,5000,5000,5000,5000,5000,3.2,5000,5000,5000,11.24,5000,3.78
5000,5000,5000,5000,5000,5000,5000,5000,5000,5000,5000,5000,5000,5000,5000,5000,5000,5000,5000,5000,5000,5000,5000,5000,5000,5000,5000,5000,5000,5000,5000,5000,5000,5000,5000,5000,5000,5000,5000
372.17,5000,5000,5000,252.45,5000,222.52,5000,5000,85.95,328.6,5000,3.33,5000,5000,5000,5000,385.41,355.26,209.57,231.76,214.25,214.08,213.39,5000,400.84,419.36,486.1,5000,5000,485,281.94,5000,5000,5000,206.77,5000,5000,5000
5000,5000,5000,5000,5000,5000,5000,5000,5000,5000,5000,5000,5000,5000,5000,5000,5000,5000,5000,5000,5000,5000,5000,5000,5000,5000,5000,5000,5000,5000,5000,5000,5000,5000,5000,5000,5000,5000,5000
5000,5000,5000,5000,5000,5000,5000,5000,5000,5000,5000,5000,5000,5000,5000,5000,5000,5000,5000,5000,5000,5000,5000,5000,5000,5000,5000,5000,5000,5000,5000,5000,5000,5000,5000,5000,5000,5000,5000
5000,5000,5000,5000,5000,5000,5000,5000,5000,5000,5000,5000,5000,5000,5000,5000,5000,5000,5000,5000,5000,5000,5000,5000,5000,5000,5000,5000,5000,5000,5000,5000,5000,5000,5000,5000,5000,5000,5000
5000,5000,5000,5000,5000,5000,5000,5000,5000,5000,5000,5000,5000,5000,5000,5000,5000,344.28,5000,5000,5000,5000,5000,5000,5000,5000,5000,5000,5000,5000,5000,5000,5000,5000,5000,5000,5000,5000,5000
5000,5000,5000,5000,5000,5000,5000,5000,5000,5000,5000,5000,5000,5000,5000,5000,5000,5000,5000,5000,5000,5000,5000,5000,5000,5000,5000,5000,5000,5000,5000,5000,5000,5000,5000,5000,5000,5000,5000
5000,5000,5000,5000,5000,5000,5000,5000,5000,5000,5000,5000,5000,5000,5000,5000,5000,494.82,5000,5000,5000,5000,5000,5000,5000,5000,5000,5000,5000,5000,5000,5000,5000,5000,5000,5000,5000,5000,5000
5000,5000,5000,5000,5000,5000,5000,5000,5000,5000,5000,5000,5000,5000,5000,5000,5000,5000,5000,5000,5000,5000,5000,5000,5000,5000,5000,5000,5000,5000,5000,5000,5000,5000,5000,5000,5000,5000,5000
5000,5000,5000,5000,5000,5000,5000,5000,5000,5000,5000,5000,5000,5000,5000,5000,5000,5000,5000,5000,5000,5000,5000,5000,5000,5000,5000,5000,5000,5000,5000,5000,5000,5000,5000,5000,5000,5000,5000
5000,5000,5000,5000,5000,5000,5000,5000,5000,5000,5000,5000,5000,5000,5000,5000,5000,5000,5000,5000,5000,5000,5000,5000,5000,5000,5000,5000,5000,5000,5000,5000,5000,5000,5000,5000,5000,5000,5000
5000,5000,5000,5000,5000,5000,5000,5000,5000,5000,5000,5000,5000,5000,5000,5000,5000,5000,5000,5000,5000,5000,5000,5000,5000,5000,5000,5000,5000,5000,5000,5000,5000,5000,5000,5000,5000,5000,5000
5000,5000,5000,5000,5000,5000,5000,5000,5000,5000,5000,5000,5000,5000,5000,5000,5000,5000,5000,5000,5000,5000,5000,5000,5000,5000,5000,5000,5000,5000,5000,5000,5000,5000,5000,5000,5000,5000,5000
440.93,5000,5000,5000,5000,5000,5000,5000,5000,5000,5000,5000,5000,5000,5000,5000,5000,5000,5000,5000,5000,5000,5000,5000,5000,5000,5000,5000,5000,5000,5000,5000,5000,5000,5000,358.75,5000,5000,5000
5000,5000,5000,5000,5000,5000,5000,5000,5000,5000,5000,5000,5000,5000,5000,5000,5000,5000,5000,5000,5000,5000,5000,5000,5000,5000,5000,5000,5000,5000,5000,5000,5000,5000,5000,5000,5000,5000,5000
5000,149.5,348.42,5000,261.74,5000,250.39,5000,5000,225.03,293.51,262.5,211.76,283.1,282.78,266.29,268.83,5000,316.28,5000,5000,5000,5000,5000,244.09,316.21,241.54,249.31,239.78,5000,5000,5000,242.26,5000,5000,221.77,5000,385.33,5000
5000,5000,5000,5000,5000,5000,5000,5000,5000,5000,5000,5000,5000,5000,5000,5000,5000,5000,5000,5000,5000,5000,5000,5000,5000,5000,5000,5000,5000,5000,5000,5000,5000,5000,5000,5000,5000,5000,5000
470.42,283.36,5000,5000,5000,5000,5000,5000,5000,5000,5000,5000,5000,5000,5000,5000,5000,5000,5000,5000,5000,5000,5000,5000,5000,5000,5000,5000,5000,5000,5000,5000,5000,5000,5000,5000,5000,5000,5000
5000,5000,5000,5000,5000,5000,5000,5000,5000,5000,5000,5000,5000,5000,5000,5000,5000,166.64,5000,5000,5000,5000,5000,5000,5000,5000,5000,5000,5000,5000,5000,5000,5000,5000,5000,5000,5000,5000,5000
5000,5000,5000,5000,5000,5000,5000,5000,5000,5000,5000,5000,5000,5000,5000,5000,5000,139.54,5000,5000,5000,5000,5000,5000,5000,5000,5000,5000,5000,5000,5000,5000,5000,5000,5000,5000,5000,5000,5000
5000,5000,5000,5000,5000,5000,5000,5000,5000,5000,5000,5000,5000,5000,5000,5000,5000,481.59,5000,5000,5000,5000,5000,5000,5000,5000,5000,5000,5000,5000,5000,5000,5000,5000,5000,5000,5000,5000,5000
302.02,5000,5000,5000,5000,5000,5000,5000,5000,5000,263.04,5000,5000,5000,5000,5000,5000,5000,5000,5000,5000,5000,5000,5000,5000,5000,5000,5000,5000,5000,5000,5000,5000,5000,5000,272.28,5000,5000,5000
5000,5000,5000,5000,5000,5000,5000,5000,5000,5000,5000,5000,5000,5000,5000,5000,5000,5000,5000,5000,5000,5000,5000,5000,5000,5000,5000,5000,5000,5000,5000,5000,5000,5000,5000,5000,5000,5000,5000
5000,148.73,391.71,444.93,208.69,453.07,128.14,5000,428.96,171.76,124.18,275.38,143.95,300.67,300.44,273.74,286.77,5000,284.69,406.56,211.58,235.74,233.33,243.76,214.48,198.39,241.46,192.68,216.07,446.58,487.9,5000,181.38,418.7,5000,208.98,5000,331.53,5000
5000,5000,5000,5000,5000,5000,5000,5000,5000,5000,5000,5000,5000,5000,5000,5000,5000,5000,5000,5000,5000,5000,5000,5000,5000,5000,5000,5000,5000,5000,5000,5000,5000,5000,5000,5000,5000,5000,5000
5000,5000,5000,5000,5000,5000,5000,5000,5000,5000,5000,5000,5000,5000,5000,5000,5000,5000,5000,5000,5000,5000,5000,5000,5000,5000,5000,5000,5000,5000,5000,5000,5000,5000,5000,5000,5000,5000,5000
5000,5000,5000,5000,5000,5000,5000,5000,5000,5000,5000,5000,5000,5000,5000,5000,5000,5000,5000,5000,5000,5000,5000,5000,5000,5000,5000,5000,5000,5000,5000,5000,5000,5000,5000,5000,5000,5000,5000
5000,5000,5000,5000,5000,5000,5000,5000,5000,5000,5000,5000,5000,5000,5000,5000,5000,215.77,5000,5000,5000,5000,5000,5000,5000,5000,5000,5000,5000,5000,5000,5000,5000,5000,5000,5000,5000,5000,5000
5000,5000,5000,5000,5000,5000,5000,5000,5000,5000,5000,5000,5000,5000,5000,5000,5000,297.27,5000,5000,5000,5000,5000,5000,5000,5000,5000,5000,5000,5000,5000,5000,5000,5000,5000,5000,5000,5000,5000
5000,5000,5000,5000,5000,5000,5000,5000,5000,5000,5000,5000,5000,5000,5000,5000,5000,5000,5000,5000,5000,5000,5000,5000,5000,5000,5000,5000,5000,5000,5000,5000,5000,5000,5000,5000,5000,5000,5000
5000,5000,5000,5000,5000,5000,5000,5000,5000,5000,5000,5000,5000,5000,5000,5000,5000,5000,5000,5000,5000,5000,5000,5000,5000,5000,5000,5000,5000,5000,5000,5000,5000,5000,5000,5000,5000,5000,5000
5000,5000,5000,5000,5000,5000,5000,5000,5000,5000,5000,5000,5000,5000,5000,5000,5000,5000,5000,5000,5000,5000,5000,5000,5000,5000,5000,5000,5000,5000,5000,5000,5000,5000,5000,5000,5000,5000,5000
5000,5000,5000,5000,5000,5000,5000,5000,5000,5000,5000,5000,5000,5000,5000,5000,5000,5000,5000,5000,5000,5000,5000,5000,126.01,5000,5000,124.21,5000,5000,5000,5000,5000,5000,5000,5000,5000,5000,5000
5000,5000,5000,5000,5000,5000,5000,5000,5000,5000,5000,5000,5000,5000,5000,176.57,185.05,5000,5000,5000,5000,5000,5000,5000,5000,5000,5000,5000,131.14,5000,5000,5000,326.5,5000,5000,327.45,5000,5000,5000
5000,5000,5000,5000,5000,5000,396.57,5000,5000,5000,5000,5000,5000,5000,5000,5000,5000,5000,5000,5000,5000,5000,5000,5000,132.39,192.56,5000,5000,5000,5000,5000,5000,5000,5000,5000,309.26,5000,5000,5000
449.04,430.76,5000,203.03,453.38,5000,329.91,280.35,464.61,444.87,405.23,5000,5000,57.62,57.6,5000,5000,5000,5000,5000,5000,241.14,235.27,242.47,248.4,317.48,379.37,215.79,5000,194.11,262.85,5000,5000,5000,5000,233.67,5000,5000,5000
5000,5000,5000,5000,194.17,5000,323.96,338.94,5000,5000,5000,91.78,220.19,5000,5000,102.01,107.95,5000,5000,105.4,5000,180.63,179.61,181.47,346.59,271.04,308.2,5000,342.93,5000,5000,386.18,362.94,5000,144.86,475.96,5000,5000,5000
5000,5000,5000,5000,5000,5000,5000,5000,5000,5000,5000,5000,5000,5000,5000,5000,5000,5000,5000,5000,5000,5000,5000,5000,5000,5000,5000,5000,5000,5000,5000,5000,5000,5000,5000,5000,5000,5000,5000
5000,5000,5000,5000,5000,5000,5000,5000,5000,5000,5000,5000,5000,5000,5000,5000,5000,249.78,5000,5000,5000,5000,5000,5000,5000,5000,5000,5000,5000,5000,5000,5000,5000,5000,5000,5000,5000,5000,5000
5000,5000,5000,5000,5000,5000,5000,5000,5000,5000,453.68,5000,5000,5000,5000,5000,5000,5000,5000,454.23,5000,5000,5000,5000,5000,5000,5000,5000,5000,5000,5000,5000,5000,5000,5000,5000,5000,5000,5000
5000,5000,5000,5000,436.63,5000,261.8,5000,217.28,5000,5000,5000,5000,5000,5000,5000,5000,319.4,5000,5000,5000,5000,5000,5000,5000,416.26,5000,5000,315.14,490.77,416.84,5000,5000,5000,5000,483.55,5000,5000,5000
89.44,5000,5000,5000,120.83,5000,281.95,5000,5000,5000,473.58,5000,275.2,410.39,410.6,5000,5000,11.83,5000,5000,5000,206.29,205.21,207.67,434.87,197.85,157.15,191.76,101.4,5000,173.69,469.72,193.17,455.9,5000,5000,5000,232.24,5000
5000,283.26,432.89,5000,30.58,5000,217.29,5000,5000,92.35,5000,5000,217.92,5000,5000,240.23,256.43,209.96,37.67,5000,5000,5000,428.02,5000,79.65,5000,163.73,5000,5000,150.18,5000,244.65,5000,5000,5000,5000,5000,5000,5000
5000,5000,5000,5000,5000,5000,5000,5000,5000,5000,5000,5000,5000,5000,5000,5000,5000,5000,5000,5000,5000,5000,5000,5000,5000,5000,5000,5000,5000,5000,5000,5000,5000,5000,5000,5000,5000,5000,5000
5000,5000,5000,5000,5000,5000,5000,5000,5000,5000,5000,5000,5000,5000,5000,5000,5000,5000,5000,5000,5000,5000,5000,5000,5000,5000,5000,5000,5000,5000,5000,5000,5000,5000,5000,5000,5000,5000,5000
320.79,5000,5000,5000,5000,5000,5000,5000,5000,5000,5000,5000,5000,5000,5000,5000,5000,5000,5000,5000,5000,5000,5000,5000,5000,5000,5000,5000,480.64,5000,5000,5000,5000,5000,5000,5000,5000,5000,5000
5000,5000,5000,5000,5000,5000,5000,453,5000,5000,5000,5000,5000,5000,5000,5000,5000,5000,5000,5000,417.79,5000,5000,5000,495.44,245.38,430.91,257.95,5000,5000,5000,5000,475.31,5000,5000,5000,5000,5000,5000
5000,471.44,490.45,5000,300.83,5000,5000,414.38,216.58,172.24,5000,5000,5000,5000,5000,394.5,416.75,5000,5000,361.83,5000,5000,421.04,5000,5000,353.18,178.61,5000,5000,5000,5000,278.61,5000,442.57,5000,172.67,5000,5000,5000
56.31,33.34,85.35,55.54,60.49,99.73,86.6,111.37,79.29,101.34,5000,111.46,88.94,5000,5000,5000,5000,160.29,5000,64.64,85.97,87.37,86.16,88.24,83.69,89.18,89.89,85.04,95,76.95,102.64,96.15,89.61,141.32,5000,39.65,5000,143.64,5000
5000,5000,5000,5000,5000,5000,5000,5000,5000,5000,5000,5000,5000,5000,5000,5000,5000,5000,5000,5000,5000,5000,5000,5000,5000,5000,5000,5000,5000,5000,5000,5000,5000,5000,5000,5000,5000,5000,5000
5000,116.07,304.56,133.88,5000,5000,5000,5000,5000,5000,5000,482.63,486.14,5000,5000,5000,5000,5000,434.22,147.95,455.06,415.64,412.55,416.93,5000,5000,5000,5000,5000,439.04,5000,5000,5000,5000,356.86,5000,5000,5000,5000
5000,5000,5000,5000,5000,5000,5000,5000,5000,5000,5000,5000,5000,5000,5000,5000,5000,5000,5000,5000,5000,5000,5000,5000,5000,5000,5000,5000,5000,5000,5000,5000,5000,5000,5000,5000,5000,5000,5000
1.62,1,58.8,31.32,5.85,202.38,4.21,6.47,42.51,8.83,58.96,50.54,64.09,72.86,72.76,51.92,51.05,2.46,6.45,34.19,15.15,11.19,11.12,11.32,5.03,44.61,43.13,5.01,3.88,46.32,4.42,5.52,30.31,6.29,33.63,2.97,5000,0.62,5000
0.41,0.67,5000,21.48,0.15,5000,10.54,3.82,57.3,5000,125.13,65.31,235.06,49.87,50.6,65.17,64.34,5000,185.06,5.5,21.23,4.99,4.93,4.87,5.49,31.34,30.7,5.52,4.91,23.88,3.57,12.79,36.71,352.14,145.92,0.31,417.62,214.74,5000
35.46,27.56,26.16,22.04,20.57,54.23,28.38,79.08,58.81,15.21,30.12,53.89,52.43,35.35,35.35,53.54,55.44,22.09,44.72,76.91,34.64,37.55,37.22,33.02,34.48,24.46,29.88,35.43,30.72,280.42,17.29,51.3,14.31,60.17,54.63,24.97,306.89,15.61,5000
5000,5000,5000,5000,5000,5000,5000,5000,5000,5000,5000,5000,5000,5000,5000,5000,5000,5000,5000,5000,5000,5000,5000,5000,5000,5000,5000,5000,5000,5000,5000,5000,5000,5000,82.14,5000,248.36,5000,5000
5000,5000,383.76,5000,5000,5000,5000,5000,5000,5000,5000,5000,5000,5000,5000,5000,5000,5000,5000,5000,5000,5000,5000,5000,5000,5000,5000,5000,5000,5000,5000,5000,5000,5000,8.1,5000,221.75,5000,5000
5000,5000,5000,5000,5000,5000,5000,5000,5000,5000,5000,5000,5000,5000,5000,5000,5000,5000,5000,5000,5000,5000,5000,5000,5000,284.48,5000,5000,5000,5000,5000,5000,5000,5000,53,5000,378.86,5000,5000
5000,5000,5000,5000,5000,5000,5000,5000,5000,5000,5000,5000,5000,5000,5000,5000,5000,5000,5000,5000,5000,5000,5000,5000,5000,5000,5000,5000,5000,5000,5000,5000,5000,5000,5000,5000,5000,5000,5000
5000,5000,5000,5000,5000,5000,5000,5000,5000,5000,5000,5000,5000,5000,5000,5000,5000,5000,5000,5000,5000,5000,5000,5000,5000,5000,5000,5000,5000,5000,5000,404.31,5000,5000,223.57,5000,386.05,5000,5000
17.33,58.62,173.54,64.43,35.09,65.28,35.57,43.08,175.36,39.95,37.74,44.15,40.15,51.19,51.1,42.13,43.71,37.52,39.1,268.87,43.59,42.44,41.53,42.5,34.56,42.84,42.65,34.79,36.57,57.49,35.36,40.34,39.58,31.27,75.53,38.72,5000,23.35,5000
5000,5000,5000,407.17,5000,5000,5000,5000,5000,5000,5000,5000,5000,5000,5000,5000,5000,5000,5000,5000,5000,5000,5000,5000,5000,5000,5000,5000,5000,5000,5000,5000,5000,5000,5000,5000,5000,5000,5000
5000,5000,5000,5000,5000,5000,5000,5000,5000,5000,5000,5000,5000,5000,5000,5000,5000,223.42,5000,5000,5000,5000,5000,5000,5000,5000,5000,5000,5000,5000,5000,5000,5000,5000,5000,5000,5000,5000,5000
5000,5000,5000,5000,5000,5000,5000,5000,5000,5000,5000,5000,5000,5000,5000,5000,5000,141.4,5000,5000,5000,5000,5000,5000,5000,5000,5000,5000,5000,5000,5000,5000,5000,5000,5000,5000,5000,5000,5000
5000,5000,5000,5000,5000,5000,5000,5000,5000,5000,5000,5000,5000,5000,5000,5000,5000,5000,5000,5000,5000,5000,5000,5000,5000,5000,5000,5000,5000,5000,5000,5000,5000,5000,5000,5000,5000,5000,5000
5000,5000,5000,5000,5000,5000,77.23,5000,5000,5000,5000,5000,5000,5000,5000,5000,5000,5000,5000,5000,5000,5000,5000,5000,5000,5000,5000,5000,5000,5000,5000,5000,5000,5000,5000,5000,5000,5000,5000
5000,5000,5000,473.42,5000,5000,70.78,175.17,307.04,297.11,5000,268.91,5000,5000,5000,263.23,272.97,5000,5000,5000,48.99,5000,5000,115.25,157.99,59.24,115.03,159.59,177.24,5000,180.27,437.92,141.71,5000,5000,316.31,5000,5000,5000
5000,5000,5000,173,5000,5000,223.5,5000,446.85,5000,5000,5000,5000,5000,5000,5000,5000,5000,5000,5000,247.62,5000,5000,5000,93.29,105.08,120.82,95.73,5000,5000,61.13,216.52,91.83,5000,5000,250.09,5000,5000,5000
46.91,34.57,41.98,0.04,6.69,5000,7.34,17.4,251.07,0.13,19.95,202.68,232.3,196.41,193.59,203.99,205.76,108.36,79.09,5000,11.01,21.39,21.71,9.78,9.32,13.94,13.65,9.47,8.58,58.2,7.33,12.55,7.05,100.7,237.64,4.33,5000,22.83,5000
1.32,1.25,5000,28.19,392.97,5000,24.05,418.62,364.67,276.02,5000,5000,5000,5000,5000,5000,5000,91.88,5000,7.5,0.52,5000,5000,110.51,76.54,51.18,107.51,77.15,0.35,0.43,69.58,0.37,49.26,5000,1.33,250.84,356.27,5000,5000
98.32,5000,5000,202.4,5000,5000,5000,5000,397.49,5000,5000,5000,5000,5000,5000,5000,5000,5000,5000,5000,129.14,5000,5000,244.61,249.03,347.24,240.03,5000,128.81,5000,194.49,101.97,5000,5000,5000,5000,5000,5000,5000
0.65,0.87,5000,4.28,446.32,5000,247.21,5000,369.78,5000,5000,5000,5000,5000,5000,5000,5000,116.11,5000,4.19,5000,5000,5000,5000,123.81,72.34,49.54,96.97,5000,5000,465.92,482.88,173.37,5000,5000,488.31,5000,5000,5000
153.88,5000,5000,203.14,5000,5000,5000,5000,5000,5000,5000,5000,5000,5000,5000,5000,5000,5000,5000,5000,166.8,5000,5000,5000,5000,5000,243.67,5000,164.73,5000,5000,5000,5000,5000,5000,486.37,5000,5000,5000
1.8,1.18,5000,0.36,5000,104.19,61.48,329.53,337.25,5000,5000,5000,5000,5000,5000,5000,5000,5000,5000,11.2,0.49,0.68,0.69,0.7,0.64,331.03,185.17,0.65,199.02,494.41,140.37,244.58,207.99,5000,1.28,5000,347.53,5000,5000
109.72,5000,5000,219.07,230.08,5000,5000,5000,337.52,259.16,5000,5000,5000,5000,5000,5000,5000,5000,5000,5000,71.7,255.07,249.77,58.96,142.25,150.37,146,154.39,140.11,5000,411.78,108.07,167.3,5000,5000,294.32,5000,5000,5000
0.5,0.95,292.33,30.8,44.92,5000,18.23,35.29,248.83,140.66,106.38,5000,335.74,5000,5000,5000,5000,142.03,71.34,4.3,0.51,29.76,29.2,13.98,18.96,32.54,31.97,18.99,16.95,94.8,24.51,31.82,21.2,5000,1.52,45.16,355.77,115.15,5000
67.28,5000,98.14,30.48,16.11,5000,10.16,32.07,261.18,27.63,25.38,255.43,43.48,90.67,88.81,249.14,257.98,18.59,86.96,432.95,10.22,44.08,43.5,8.49,16.78,20.57,15.35,16.45,9,10.85,20.49,5.6,11.05,5000,329.87,24.27,5000,14.04,5000
8.82,23.36,96.18,42.75,7.83,5000,7.94,15.21,250.57,2.54,127.76,308.09,333.07,397.34,397.01,312.66,312.85,38.43,263.4,294.06,7.44,10.77,10.66,10.72,10.14,21.07,13.62,10.09,9.52,78.88,12.78,12.76,9.83,68.29,227.59,15.44,5000,81.93,5000
96.44,5000,5000,111.83,47.77,5000,65.53,88.89,263.64,39.2,245.73,294.39,262.76,5000,5000,283.6,291.49,405.57,260.54,458.08,28.2,98.29,97.63,42.83,29.34,32.48,53.12,29.97,66.55,267.59,100.32,36.51,30.52,230.08,140.53,42.19,5000,108.66,5000
5000,5000,5000,5000,5000,5000,5000,5000,5000,5000,5000,5000,5000,5000,5000,5000,5000,5000,5000,5000,5000,5000,5000,5000,229.74,383.7,5000,231.09,117.76,5000,5000,5000,5000,5000,5000,5000,5000,5000,5000
5000,5000,5000,320.65,5000,86.7,5000,122.66,5000,5000,5000,5000,5000,5000,5000,5000,5000,5000,5000,5000,1.24,5000,5000,5000,5000,110.52,122.6,288.46,5000,2.55,155.41,81.52,8.67,5000,5000,5000,5000,1.21,5000
5000,5000,5000,5000,5000,5000,5000,5000,5000,5000,5000,5000,5000,5000,5000,5000,5000,373.11,5000,5000,5000,5000,5000,203.87,5000,297.82,466.06,5000,5000,5000,5000,5000,5000,5000,5000,5000,5000,5000,5000
133.86,1.49,5000,176.89,137.31,5000,151.38,50.36,287.89,103.23,476.05,5000,478.6,5000,5000,5000,5000,387.96,5000,55.65,132.07,135.38,133.21,100.29,81.63,90.06,90.56,82.36,122.79,395.9,109.12,114.64,78.79,2.79,7.17,160.43,5000,150.66,5000
5000,5000,5000,286.84,5000,5000,5000,5000,5000,5000,5000,5000,5000,5000,5000,5000,5000,5000,5000,5000,98.61,227.55,225.52,5000,232.56,5000,311.89,5000,5000,5000,5000,5000,5000,5000,5000,5000,5000,5000,5000
383.11,5000,5000,5000,5000,5000,263.02,5000,5000,5000,5000,5000,5000,5000,5000,5000,5000,5000,5000,5000,5000,262.44,261.42,5000,176.19,291.8,110.69,5000,268.45,5000,155.96,5000,110.78,5000,5000,5000,5000,5000,5000
5000,5000,5000,5000,5000,5000,5000,213.37,5000,5000,5000,5000,5000,168.63,170.19,5000,5000,5000,63.07,5000,254.38,5000,5000,5000,5000,5000,5000,5000,5000,393.21,5000,5000,5000,5000,5000,5000,2.41,5000,5.55
5000,5000,5000,168.32,38.15,5000,5000,334.39,5000,5000,5000,5000,5000,5000,5000,5000,5000,5000,5000,5000,5000,5000,5000,5000,5000,287.34,5000,5000,5000,5000,5000,5000,5000,5000,5000,5000,6.17,5000,7.52
5000,5000,5000,426.79,211.45,5000,235.24,5000,310.4,197.42,5000,5000,5000,214.57,210.93,5000,5000,24.12,5000,5000,219.71,5000,5000,5000,221.01,5000,106.46,5000,5000,5000,111.18,5000,5000,283.35,5000,5000,1.75,62.88,4.93
5000,5000,5000,5000,36.22,372.54,5000,37.91,5000,53.76,5000,402.94,5000,157.81,157.11,402.68,405.3,5000,239.93,5000,5000,5000,5000,5000,5000,209.87,233.75,341.24,5000,48.2,227.59,5000,5000,99.68,5000,5000,1.74,5000,35.69
5000,5000,5000,80.71,208.5,5000,5000,155.87,5000,5000,5000,5000,5000,5000,5000,5000,5000,5000,5000,5000,258.23,5000,5000,184.35,5000,5000,5000,5000,5000,5000,182.21,334.33,213.26,78.26,5000,291.03,1.7,244.16,1.53
5000,5000,5000,5000,45.21,5000,5000,194.88,5000,41.73,5000,5000,5000,5000,5000,5000,5000,5000,414.6,236.24,147.95,5000,5000,49.35,167.58,328.29,5000,5000,5000,128.13,121.62,464.46,183.01,86.41,5000,5000,1.58,307.65,21.92
5000,5000,46.39,5000,40.9,5000,5000,118.04,5000,35.73,5000,351.78,5000,367.72,374.31,349.31,361.23,5000,335.88,5000,5000,5000,5000,391.92,32.8,5000,5000,33.01,5000,139.13,40.67,191.37,133.68,112.03,5000,5000,1.58,92.2,8.12
388.91,5000,89.56,44.13,43.56,5000,5000,176.28,327.54,135.92,146.73,44.6,360.69,5000,5000,44.26,44.86,5000,280.16,5000,5000,239.72,237.68,87.29,363.7,78.19,17.17,5000,230.99,5000,48.75,17.15,5000,137.58,136.35,296.8,1.59,303.01,2.71
385.58,5000,5000,437.98,56.79,5000,5000,64.75,164.79,1.89,5000,5000,317.41,118.95,118.71,5000,5000,88.99,273.65,5000,68.08,246.51,242.9,165.96,15.98,191.98,5000,16.23,438.62,91.63,77.84,16.6,47.12,183.07,62.78,5000,1.56,121.27,15.17
127.79,5000,28.28,5000,24.76,5000,5000,74.54,322.38,3.18,192.45,22.87,383.52,58.18,58.19,22.69,22.77,75.31,95.59,5000,249.78,407.22,370.32,33.57,268.44,418.46,5000,495.63,35.1,91.64,71.05,124.86,32.7,145.08,5000,149.84,1.47,5000,7.42
129.16,5000,16.15,219.9,20.63,5000,5000,42.25,352.26,30.98,23.22,247.65,231.17,24.68,25.09,245.62,251.16,144.55,93.86,5000,5000,19.11,18.93,33.18,5000,5000,39.53,70.38,244.91,159.12,0.44,73.58,89.58,69.5,240.95,5000,1.64,265.53,2.75
368.81,5000,140.81,314.38,72.67,5000,123.6,45.55,5000,241.36,101.17,42.02,32.73,218.91,217.92,41.5,42,26.18,121.84,5000,5000,414.54,5000,5000,3.28,139.84,5000,3.26,5000,15.99,205.24,66.47,164.7,10.27,297.56,448.7,1.45,32.35,2.01
5000,5000,5000,5000,5000,318.82,5000,5000,5000,287.26,5000,5000,5000,5000,5000,5000,5000,18.75,300.95,5000,5000,5000,5000,5000,5000,5000,165.33,5000,5000,5000,212.56,5000,5000,5000,5000,5000,2.43,5000,2.2
5000,5000,5000,5000,5000,5000,5000,5000,5000,176.22,5000,5000,5000,5000,5000,5000,5000,5000,5000,5000,5000,5000,5000,5000,5000,5000,5000,5000,5000,5000,5000,5000,5000,5000,5000,5000,2.05,174.77,5.13
5000,5000,5000,85.99,106.07,5000,99.29,225.29,5000,146.44,5000,5000,5000,22.47,21.98,5000,5000,405.88,5000,5000,5000,5000,5000,5000,5000,5000,5000,5000,5000,5000,461.97,5000,5000,278.62,5000,5000,5.37,5000,1
5000,5000,5000,41.16,282.84,5000,5000,5000,294.76,419.67,5000,5000,5000,5000,5000,5000,5000,5000,5000,5000,5000,5000,5000,5000,5000,5000,5000,184.18,5000,5000,199.81,5000,5000,5000,5000,5000,2.04,5000,26.19
5000,5000,5000,5000,5000,5000,158.43,5000,5000,5000,5000,5000,5000,5000,5000,5000,5000,5000,5000,5000,5000,5000,5000,164.97,5000,326.59,5000,5000,5000,5000,5000,140.88,5000,193.34,5000,5000,2.15,5000,7.39
5000,5000,5000,5000,362.55,5000,5000,340.24,5000,5000,5000,5000,5000,81.01,80.53,5000,5000,5000,5000,5000,5000,5000,5000,5000,302.29,106.79,5000,5000,5000,5000,5000,5000,49.89,332.21,5000,5000,1.8,5000,1.08
5000,5000,5000,5000,5000,5000,5000,5000,5000,5000,5000,5000,213.21,5000,5000,5000,5000,5000,5000,5000,5000,102.03,99.49,5000,5000,46.76,115.85,5000,5000,5000,214.63,5000,5000,92.79,5000,5000,2.05,82.09,9.31
5000,5000,5000,5000,102.95,5000,5000,469.01,5000,5000,326.06,5000,5000,5000,5000,5000,5000,5000,5000,5000,5000,77.68,77.34,5000,5000,370.65,5000,5000,5000,85.15,104.27,5000,5000,94.61,5000,5000,1.91,5000,25.18
5000,5000,5000,5000,5000,5000,5000,5000,5000,5000,5000,5000,5000,5000,5000,5000,5000,5000,5000,5000,5000,5000,5000,5000,5000,5000,5000,5000,5000,5000,5000,5000,5000,5000,5000,5000,5000,5000,5000
5000,5000,5000,5000,5000,5000,5000,5000,5000,5000,5000,5000,5000,5000,5000,5000,5000,5000,5000,5000,5000,5000,5000,5000,5000,5000,5000,5000,5000,5000,5000,5000,5000,5000,5000,5000,5000,5000,5000
5000,5000,5000,5000,5000,5000,5000,5000,5000,5000,415.78,5000,5000,5000,5000,5000,5000,5000,5000,241.04,5000,474.17,5000,5000,5000,5000,5000,5000,329.69,5000,5000,5000,5000,5000,5000,5000,5000,5000,5000
5000,5000,5000,5000,5000,5000,5000,5000,5000,5000,5000,5000,5000,5000,5000,5000,5000,5000,5000,5000,5000,5000,5000,5000,5000,5000,5000,5000,5000,5000,5000,5000,5000,5000,5000,5000,5000,5000,5000
5000,5000,5000,5000,5000,5000,5000,5000,5000,5000,5000,5000,5000,5000,5000,5000,5000,5000,5000,5000,5000,5000,5000,5000,5000,5000,5000,5000,5000,5000,5000,5000,5000,5000,5000,5000,5000,5000,5000
271.09,122.17,263.25,209.74,423.39,5000,78.45,272.74,282.4,303.95,301.61,312.98,5000,448.83,447.15,5000,5000,200.94,5000,276.02,5000,241.64,238.43,242.83,229.45,5000,374.71,229.61,227.81,258.9,193.58,286.39,180,416.7,264.65,99.02,5000,5000,5000
5000,5000,5000,5000,5000,5000,5000,5000,5000,5000,5000,5000,5000,5000,5000,5000,5000,5000,5000,5000,5000,5000,5000,5000,318.45,5000,5000,5000,5000,5000,5000,5000,398.55,5000,5000,5000,5000,5000,5000
5000,5000,5000,5000,5000,5000,5000,5000,5000,5000,5000,5000,5000,5000,5000,5000,5000,5000,5000,5000,5000,5000,5000,5000,5000,5000,5000,5000,5000,5000,5000,5000,5000,5000,5000,5000,5000,5000,5000
5000,5000,5000,5000,5000,5000,5000,5000,5000,5000,5000,5000,5000,5000,5000,5000,5000,5000,5000,5000,5000,5000,5000,5000,5000,5000,5000,5000,5000,5000,5000,5000,5000,5000,5000,5000,5000,5000,5000
5000,5000,5000,5000,5000,5000,5000,5000,5000,5000,337.81,5000,5000,5000,5000,5000,5000,5000,5000,5000,5000,5000,5000,5000,5000,5000,5000,5000,5000,5000,5000,5000,5000,5000,5000,5000,5000,5000,5000
125.34,89.06,213.71,92.61,160.99,390.07,150.44,213.08,222.52,271.89,295.15,336.32,289.15,420.17,426.84,302.62,326.51,438.42,291.15,135.69,128.96,130.13,131.33,130.17,140.77,199.3,176.29,140.57,153.46,212.44,195.41,208.83,173.4,451.31,448.9,109.7,5000,5000,5000
157.76,81.58,220.15,89.43,211.46,299.1,146.86,208.01,188.64,274.57,261.17,288.04,257.15,399.99,398.27,283.08,305.15,297.17,335.27,125.54,118.26,119.12,115.29,116.47,137.99,150.03,152.98,137.36,136.66,222.99,164.29,193.88,155.44,5000,5000,127.89,5000,5000,5000
172.21,91.95,235.35,86.3,172.8,356.75,171.66,202.48,245.77,270.85,295.96,301.86,340.5,463.51,463.06,332.03,356.96,456.57,5000,133.31,122.91,136.31,135.8,136.07,138.97,159.78,160.11,141.14,150.76,214.89,192.23,211.87,154.71,5000,5000,100.13,5000,5000,5000
113.98,84.09,265.71,90.37,178.45,299.37,149.62,223.56,216.1,271.88,250.06,278.01,314.48,319.96,319.51,259.01,272.57,5000,285.99,134.68,134.61,127.45,126.53,130.08,145.84,168.6,169.15,148.51,147.4,207.59,189.26,202.88,153.7,5000,5000,106.05,5000,5000,5000
113.64,91.6,258.6,89.19,176.92,357.78,172.67,243.92,214.4,275.64,258.02,265.01,254.08,415.53,413.5,327,351.34,442.08,351.04,126.7,135.71,134.16,129.7,129.94,145.25,149.7,163.9,151.62,151.21,210.31,182.69,210.66,165.91,5000,5000,114.8,5000,5000,5000
266.87,107.88,248.43,90.28,216.73,324.69,156.87,224.95,247.1,286.35,271.36,294.55,332.42,424.35,423.69,323.84,349.42,5000,5000,140.77,133.32,132.24,131.17,132.25,147.55,167.1,166.36,152.91,145.79,212.95,185.1,213.57,163.5,5000,5000,111.61,5000,5000,5000
236.62,97.4,266.51,92.32,229.91,314.28,159.63,219.87,221.85,349.53,251,322.07,299.86,347.65,346.39,281.57,297.96,316.06,328.44,131.14,127.84,133.7,132.94,134.95,138.74,160.77,155.21,142.98,154.21,207.42,174.03,218.42,148.38,5000,351.06,107.39,5000,5000,5000
245.21,5000,5000,5000,5000,5000,5000,5000,5000,5000,266.14,5000,5000,5000,5000,5000,5000,5000,5000,5000,5000,5000,5000,5000,5000,437.53,5000,5000,5000,5000,5000,5000,5000,5000,5000,275.95,5000,5000,5000
5000,156.9,371.02,327.95,197.03,475.04,124.55,5000,391.42,166.36,108.92,240.78,116.86,272.97,271.28,240.44,251.97,5000,272.07,461.17,207.68,244.09,236.58,237.8,176.49,168.96,154.74,185.72,191.23,428.81,460.27,5000,212.58,322.22,5000,5000,5000,205.17,5000
5000,5000,5000,5000,5000,5000,5000,5000,5000,5000,5000,5000,5000,5000,5000,5000,5000,5000,5000,5000,5000,5000,5000,5000,5000,5000,5000,5000,5000,5000,5000,5000,5000,5000,5000,5000,5000,5000,5000
5000,279.45,5000,5000,5000,5000,5000,5000,5000,5000,259.54,5000,357.98,5000,5000,5000,5000,5000,5000,5000,5000,5000,5000,5000,5000,433.23,416.6,5000,5000,5000,5000,5000,5000,5000,5000,322.21,5000,5000,5000
5000,5000,5000,5000,5000,5000,5000,5000,5000,5000,5000,5000,5000,5000,5000,5000,5000,5000,5000,5000,5000,5000,5000,5000,5000,5000,5000,5000,5000,5000,5000,5000,5000,5000,5000,5000,5000,5000,5000
5000,5000,5000,5000,5000,5000,5000,5000,5000,5000,5000,5000,5000,5000,5000,5000,5000,75.66,5000,5000,5000,5000,5000,5000,5000,5000,5000,5000,5000,5000,5000,5000,5000,5000,5000,5000,5000,5000,5000
232.04,5000,5000,5000,165.04,5000,221.91,264.25,333.29,204.82,470.77,311.3,277.1,274.49,273.74,297.08,304.78,284.41,227.46,5000,5000,229.88,226.21,5000,205.01,297.26,213.58,5000,5000,5000,279.54,5000,443.57,5000,294.26,233.65,5000,424.96,5000
171.69,432.8,347.94,5000,81.23,480.82,197.88,362.23,270.17,145.53,332.83,174.06,188.72,176.38,174.55,194.14,193.21,184.53,184.89,5000,132.33,242.11,238.43,220.29,201.26,200.36,304.07,175.66,301.27,317.89,278.74,237.67,107.36,5000,214.44,201.19,5000,325.44,5000
140.78,20.27,5000,5000,12.68,160.18,52.77,5000,273.47,91.57,6.59,228.22,265.36,23.57,23.45,229.16,236.06,158.22,31.05,136.1,19,32.05,31.61,26.62,29.07,152.77,234.24,37.76,92.34,12.02,96.44,50.21,41.81,189.16,42.17,8.41,5000,5000,5000
301.06,5000,5000,5000,184.79,5000,5000,5000,301.25,169.49,349.68,203.23,319.3,238.95,237.86,230.45,236.7,236.74,274.99,5000,5000,5000,477.63,243.12,246.16,320.74,338.47,469.05,5000,5000,333.14,5000,126.82,5000,294.37,368.86,5000,415.58,5000
5000,5000,5000,5000,358.78,5000,5000,5000,5000,5000,5000,5000,5000,5000,5000,5000,5000,5000,5000,5000,5000,5000,5000,5000,5000,5000,311.03,5000,5000,5000,5000,433.9,5000,5000,5000,5000,5000,5000,5000
174.69,319.27,304.04,5000,107.14,5000,211.93,257.94,267.21,130.45,224.83,159.61,166.49,194.38,188.49,218.14,222.75,197.59,161.56,5000,230.28,132.85,128.53,150.41,360.98,113.95,110.87,363.77,227.97,408.04,249.33,266.22,120.36,5000,215.11,211.55,5000,425.22,5000
5000,5000,5000,5000,340,5000,5000,5000,432.61,450.6,5000,5000,5000,5000,5000,5000,5000,5000,5000,5000,5000,5000,5000,5000,5000,308.39,264.59,5000,5000,5000,339.35,455.38,5000,5000,5000,5000,5000,5000,5000
270.88,481,350.08,5000,120.07,5000,171.88,5000,335.64,178.97,366.13,206.25,253.71,221.69,215.9,223.03,222.94,201.55,216.54,5000,190.95,207.07,210.36,207.05,180.14,244.63,259.2,205.6,197.25,356.8,156.85,177.97,172.34,268.07,265.61,253.27,5000,358.62,5000
398.75,5000,404.95,5000,131.68,5000,217.48,5000,359.02,197.39,407.38,287.8,339.8,289.94,289.27,277.96,277.83,309.35,296,5000,253.69,261.75,253.89,240.3,224.95,243.33,240.47,215.23,218.49,378.16,206.13,213.71,207.42,5000,317.51,280.8,5000,491.63,5000
357.45,5000,406.64,5000,139.72,5000,191.06,467.66,385.8,196.71,415.41,289.4,308.87,263.76,262.37,311.68,309.65,240.33,291.32,5000,241.04,218.69,212,196.1,212.61,227.21,237.42,216.34,203.4,357.19,159.67,200.04,164.72,474.94,350.15,251.25,5000,467.57,5000
287.78,464.35,312,5000,103.08,5000,163.53,364.83,322.46,182.87,307.74,210.44,208.94,201.65,196.65,202.76,202.58,0.7,226.36,5000,174.77,171.61,175.05,179.25,183.79,209.38,206.52,190.41,179.35,240.56,154.68,121.22,140.36,291.85,276.07,189.31,5000,299.78,5000
5000,5000,5000,5000,5000,5000,5000,5000,5000,5000,5000,5000,5000,5000,5000,5000,5000,5000,5000,5000,5000,5000,5000,5000,5000,5000,5000,5000,5000,5000,5000,5000,5000,5000,5000,310.89,5000,5000,5000
5000,5000,5000,5000,5000,5000,5000,5000,5000,5000,5000,5000,5000,5000,5000,5000,5000,5000,5000,5000,5000,5000,5000,5000,5000,5000,5000,5000,5000,5000,5000,5000,5000,5000,5000,5000,5000,5000,5000
5000,5000,5000,5000,5000,5000,5000,5000,5000,5000,5000,5000,5000,5000,5000,5000,5000,5000,5000,5000,5000,5000,5000,5000,5000,5000,5000,5000,5000,5000,5000,5000,5000,5000,5000,5000,5000,5000,5000
386.7,8.66,5000,5000,5000,5000,5000,8.25,97.44,5000,187.92,5000,1.65,5000,5000,5000,5000,79.6,154.97,5000,5000,286.75,335.17,288.67,372.1,5000,5000,5000,80.24,162.28,5000,224.05,130.04,12.1,220.32,499.21,163.34,5000,5000
5000,5000,5000,5000,5000,5000,5000,5000,5000,5000,5000,5000,5000,5000,5000,5000,5000,5000,5000,5000,5000,5000,5000,5000,5000,5000,5000,5000,5000,5000,5000,5000,5000,5000,5000,5000,5000,5000,5000
5000,5000,5000,5000,5000,5000,5000,5000,5000,5000,5000,5000,5000,5000,5000,5000,5000,5000,5000,5000,5000,5000,5000,5000,5000,5000,5000,5000,5000,5000,5000,5000,5000,5000,5000,5000,5000,5000,5000
5000,5000,5000,5000,5000,5000,5000,5000,5000,5000,5000,5000,5000,5000,5000,5000,5000,5000,5000,5000,5000,5000,5000,5000,5000,5000,5000,5000,5000,5000,5000,5000,5000,5000,5000,5000,5000,5000,5000
456.46,5000,5000,5000,5000,5000,5000,5000,5000,5000,5000,5000,5000,5000,5000,5000,5000,5000,5000,5000,5000,5000,5000,5000,5000,5000,5000,207.99,5000,5000,5000,5000,5000,5000,5000,5000,17.85,5000,5000
324.85,5000,5000,5000,5000,5000,5000,5000,5000,5000,5000,5000,5000,5000,5000,5000,5000,5000,5000,5000,5000,5000,5000,5000,5000,467.4,227.76,5000,156.14,5000,108.17,5000,5000,5000,5000,5000,232.34,61.67,5000
5000,5000,5000,5000,5000,5000,5000,5000,5000,5000,5000,5000,5000,5000,5000,5000,5000,5000,5000,5000,5000,5000,5000,5000,5000,5000,5000,5000,5000,5000,5000,5000,5000,5000,5000,5000,5000,5000,5000
5000,5000,5000,5000,5000,5000,5000,5000,5000,5000,5000,5000,5000,5000,5000,5000,5000,5000,5000,5000,5000,5000,5000,5000,5000,5000,5000,5000,5000,5000,5000,5000,5000,5000,5000,5000,5000,5000,5000
5000,5000,5000,5000,5000,5000,5000,5000,5000,5000,5000,5000,5000,5000,5000,5000,5000,5000,5000,5000,5000,5000,5000,5000,5000,5000,5000,5000,5000,5000,5000,5000,5000,5000,5000,5000,5000,5000,5000
5000,116.89,5000,229.17,5000,5000,224.75,83.42,5000,5000,5000,5000,5000,5000,5000,5000,5000,5000,5000,5000,5000,5000,5000,5000,258.88,254.59,216.54,5000,192.08,191.81,130.92,69.87,254.39,276.29,5000,5000,111.43,454.97,5000
5000,5000,5000,5000,5000,5000,5000,5000,5000,5000,5000,5000,5000,5000,5000,5000,5000,5000,5000,5000,5000,5000,5000,5000,5000,5000,5000,5000,5000,5000,5000,5000,5000,5000,5000,5000,5000,5000,5000
5000,5000,5000,5000,5000,5000,5000,5000,5000,350.57,5000,5000,5000,5000,5000,5000,5000,5000,5000,5000,5000,5000,5000,5000,5000,5000,5000,5000,5000,5000,5000,5000,5000,360.73,5000,5000,5000,416.91,5000
53.16,209.01,5000,5000,355.08,5000,219.91,181.26,440.82,353.46,5000,5000,5000,5000,5000,5000,5000,5000,5000,5000,5000,5000,5000,5000,135.31,5000,354.68,135.59,234.53,362.04,278.08,241.73,5000,5000,5000,169.22,5000,286.13,5000
5000,5000,5000,5000,5000,5000,5000,5000,5000,5000,5000,5000,5000,5000,5000,5000,5000,5000,5000,5000,5000,5000,5000,5000,5000,5000,5000,5000,5000,5000,5000,5000,5000,5000,5000,5000,5000,5000,5000
5000,5000,5000,5000,5000,5000,5000,5000,5000,5000,5000,5000,5000,5000,5000,5000,5000,5000,5000,5000,5000,5000,5000,5000,5000,5000,5000,5000,5000,5000,5000,5000,5000,5000,5000,5000,5000,5000,5000
5000,5000,5000,5000,5000,5000,5000,5000,5000,5000,5000,5000,5000,5000,5000,5000,5000,5000,5000,5000,5000,5000,5000,5000,5000,427.62,5000,5000,5000,5000,5000,5000,5000,5000,5000,5000,300.42,5000,5000
5000,5000,5000,205.18,5000,5000,36.83,5000,301.28,5000,312.97,5000,5000,5000,5000,5000,5000,5000,5000,5000,245.07,5000,5000,5000,5000,5000,248.2,5000,5000,354.58,5000,5000,5000,356.02,5000,462.15,5000,5000,5000
5000,5000,5000,5000,5000,5000,324.42,5000,5000,468.26,5000,5000,5000,5000,5000,5000,5000,5000,5000,5000,5000,5000,481.8,5000,5000,5000,5000,5000,5000,5000,5000,5000,328.62,5000,5000,5000,5000,5000,5000
5000,5000,5000,5000,5000,5000,5000,5000,5000,5000,392.16,5000,5000,5000,5000,5000,5000,5000,5000,5000,5000,5000,5000,5000,5000,5000,5000,5000,5000,5000,5000,5000,5000,5000,5000,5000,5000,5000,5000
310.09,12.38,5000,46.39,5000,5000,63.58,469.73,52.44,5000,131.69,5000,30.85,5000,5000,5000,5000,262.47,5000,226.46,29.41,238.85,228.06,230.71,117.61,41.08,109.5,124.38,51.01,422.11,72.4,5000,165.21,198.16,5000,150.89,5000,5000,5000
5000,5000,5000,29.12,5000,5000,5000,5000,5000,5000,5000,5000,5000,5000,5000,5000,5000,2.4,5000,5000,5000,277.18,485.64,5000,5000,351.24,319.7,5000,398.89,75.53,266.53,5000,91.44,5000,5000,5000,5000,5000,5000
5000,5000,5000,5000,5000,5000,5000,5000,5000,5000,5000,5000,5000,5000,5000,5000,5000,5000,5000,5000,5000,5000,5000,5000,5000,5000,5000,5000,5000,5000,5000,5000,5000,5000,5000,51.27,5000,5000,5000
276.6,5000,5000,48.48,5000,92.66,5000,97.63,440.62,5000,5000,73.8,191.61,174.17,173.16,5000,5000,445.08,5000,5000,120.58,158.57,151.7,158.71,100.21,95.56,184.38,96.41,88.46,320.12,447,5000,162.35,5000,430.03,167.78,5000,329.3,5000
5000,5000,5000,5000,5000,5000,5000,5000,5000,5000,5000,5000,5000,5000,5000,5000,5000,5000,5000,5000,5000,5000,5000,5000,5000,435.81,5000,5000,5000,5000,5000,5000,5000,5000,5000,5000,5000,5000,5000
5000,5000,5000,5000,389,5000,5000,5000,5000,439.65,392.8,409.59,356.5,336.37,335.02,5000,5000,5000,388.74,5000,496.18,5000,5000,416.57,5000,5000,5000,5000,5000,5000,5000,5000,439.13,5000,5000,5000,5000,5000,5000
5000,5000,389.87,5000,195.28,5000,5000,5000,5000,247.24,161.65,196.41,210.51,226.42,230.71,203.95,197.5,203.03,215.48,5000,414.06,411.47,411.64,372.99,410.74,5000,5000,391.11,398.26,343.47,345.51,349.46,349.3,471.78,392.19,5000,5000,5000,5000
37.98,32.35,98,67.88,118.61,41.59,36.4,97.01,90.61,140.17,85.53,11.46,36.75,22.09,21.55,123.44,132.48,227.19,124.49,71.02,38.69,76.46,76.07,77.78,58.81,48.4,92.1,27.44,76.35,118.87,56.36,103.76,16,203.63,21.36,18.74,1.26,32.85,214.46
20.13,53.98,10.15,119.62,95.23,86.13,19.21,44.91,106.75,63.98,38.66,6.9,81.15,4.34,4.32,137.02,148.48,114.84,99.76,72.84,25.24,61.85,59.84,61.16,9.45,41.39,95.03,9.48,72.32,99.8,24.63,41.23,67.57,153.98,19.25,7.24,2.25,58.58,5000
5000,354.16,5000,5000,5000,5000,5000,5000,5000,5000,280.2,5000,5000,5000,5000,5000,5000,5000,481.69,5000,234.66,5000,5000,5000,5000,5000,5000,5000,5000,5000,5000,5000,5000,5000,7.38,5000,5000,5000,5000
5000,5000,5000,5000,5000,5000,5000,247.36,328.2,5000,5000,5000,5000,5000,5000,5000,5000,5000,5000,5000,5000,5000,5000,5000,5000,247.66,5000,5000,5000,5000,5000,5000,5000,5000,5000,159.31,5000,5000,5000
5000,413.95,234.51,5000,16.43,276.75,98.28,45.2,212.58,63.88,47.57,80.69,49.25,80.22,80.06,80.82,81.6,211.74,309.61,249.34,261.06,56.86,56.68,57,111.99,5000,166.63,111.65,27.31,141.66,370.05,185.52,198.08,127.88,8.5,5000,5000,5000,5000
5000,5000,5000,5000,5000,5000,5000,5000,5000,5000,5000,5000,5000,5000,5000,5000,5000,5000,5000,5000,5000,5000,5000,5000,5000,5000,5000,5000,5000,5000,5000,5000,5000,5000,5000,5000,5000,5000,5000
5000,5000,5000,5000,5000,5000,5000,5000,5000,5000,5000,5000,5000,5000,5000,5000,5000,5000,5000,5000,5000,5000,5000,5000,5000,5000,5000,5000,5000,5000,5000,5000,5000,5000,5000,5000,5000,5000,5000
5000,5000,5000,5000,5000,5000,5000,5000,5000,5000,5000,5000,5000,5000,5000,5000,5000,5000,5000,5000,5000,5000,5000,5000,5000,5000,5000,5000,5000,5000,5000,5000,5000,5000,5000,5000,5000,5000,5000
5000,5000,5000,5000,5000,5000,5000,5000,5000,5000,5000,5000,5000,5000,5000,5000,5000,5000,5000,5000,5000,5000,5000,5000,5000,5000,5000,5000,5000,5000,5000,5000,5000,5000,5000,5000,5000,5000,5000
5000,5000,5000,5000,5000,5000,5000,5000,5000,5000,5000,5000,5000,5000,5000,5000,5000,5000,5000,5000,5000,5000,5000,5000,5000,5000,5000,5000,5000,5000,5000,5000,5000,5000,5000,5000,5000,5000,5000
5000,5000,5000,5000,5000,5000,5000,5000,5000,5000,5000,5000,5000,5000,5000,5000,5000,5000,5000,5000,5000,5000,5000,5000,5000,5000,5000,5000,5000,5000,5000,5000,5000,5000,5000,5000,5000,5000,5000
5000,5000,5000,5000,5000,5000,5000,5000,5000,5000,5000,5000,5000,5000,5000,5000,5000,5000,5000,5000,5000,5000,5000,5000,5000,5000,5000,5000,5000,5000,5000,5000,5000,5000,5000,5000,5000,5000,5000
5000,5000,5000,5000,5000,5000,5000,5000,5000,5000,5000,5000,5000,5000,5000,5000,5000,5000,5000,5000,5000,5000,5000,5000,5000,5000,5000,5000,5000,5000,5000,5000,5000,5000,5000,5000,5000,5000,5000
65.13,78.34,288.54,66.48,174.52,201.31,35.51,86.48,157.71,137.52,82.56,272.78,158.05,457.77,458.21,218.71,240.52,114.06,358.98,76.56,58.06,56.56,58.07,56.59,49.17,54.34,50.65,45.44,51.06,98.6,65.01,90.66,58.26,220.76,5000,72.76,5000,283.41,5000
59.06,69.86,209.07,70.21,102.64,144.26,30.52,74.07,167.55,114.86,71.24,89.11,93.4,428.99,437.51,244.6,272.03,106.11,312.28,65.4,51.42,47.92,47.82,46.52,44.64,46.73,44.65,44.86,52.71,90.47,56.18,79.66,45.34,217.76,307.54,66.84,5000,157.6,5000
80.84,98.12,151.64,166.29,201.39,242.74,53.54,128.44,284.68,243.25,89.25,251.28,200.47,5000,5000,5000,5000,177.98,403.34,98.89,86.92,82.02,81.86,82.41,69.94,80.37,75.58,75.75,79.81,177.17,102.7,146.86,71.79,476.79,5000,85.94,5000,325.3,5000
127.91,195.24,406.31,248.09,276.09,396.14,91.11,189.19,311.39,282.34,144.65,5000,280.58,5000,5000,5000,5000,345.21,5000,141.98,113,117.68,120.94,122.24,98.88,107.62,124.09,96.44,98.55,203.02,140.7,178.89,109.88,5000,5000,156.12,5000,5000,5000
163.64,240.04,5000,225.11,5000,5000,117.64,346.87,345.04,5000,208.84,5000,5000,5000,5000,5000,5000,381.57,5000,294.53,183.45,156.42,156.02,157.2,155.88,139.92,157.93,135.98,142.16,373.33,241.24,358.15,145.66,5000,5000,227.02,5000,5000,5000
207.53,346.23,5000,369.03,5000,5000,126.12,411.65,388.7,5000,189.67,5000,5000,5000,5000,5000,5000,5000,5000,306.33,181.18,163.31,162.74,163.63,158.68,196.25,152.86,159.84,164.74,485.21,270.9,344.47,142.34,5000,5000,199.96,5000,5000,5000
130.67,155.07,244,140.68,151.92,209.69,59.18,136.71,266.28,149.41,97.04,184.07,304.26,350.76,349.78,311.3,337.43,205.1,272.44,159.73,70.2,80.57,83.12,84.56,73.84,64.13,62.89,72.4,54.27,130.66,80.66,120.54,66.45,267.45,5000,116.57,5000,319.74,5000
174.56,139.5,447.43,114.42,142.29,217.6,51.53,129.36,274.57,136.77,97.62,363.37,162.7,326.26,325.62,299.89,319.48,237.47,292.89,130.35,85.68,72.67,75.29,73.26,57.88,71.1,66.19,64.27,69.28,125.39,78.55,127.54,70.38,483.44,5000,161.37,5000,238.74,5000
461.04,301.06,5000,235.04,218.09,336.1,92.06,178.99,304.86,206.78,125.56,5000,223.17,5000,5000,374.32,409.92,379.39,363,397.63,110.46,108.35,104.55,104.85,116.94,98.55,129.07,105.25,121.88,276.93,135.87,182.84,145.45,5000,5000,155.22,5000,447.17,5000
5000,5000,5000,5000,5000,5000,5000,5000,5000,5000,5000,5000,5000,5000,5000,5000,5000,5000,5000,5000,5000,5000,5000,5000,5000,5000,5000,5000,5000,5000,5000,5000,5000,5000,5000,5000,5000,5000,5000
5000,5000,5000,5000,5000,5000,5000,5000,5000,5000,5000,5000,5000,5000,5000,5000,5000,5000,5000,5000,5000,5000,5000,5000,5000,5000,5000,5000,5000,5000,5000,5000,5000,5000,5000,5000,5000,5000,5000
53.06,4.23,274.37,17.43,95.41,247.04,38.27,209.5,329.02,98.52,76.61,209.81,182.23,286.48,290.83,206.2,223.25,73.02,167.43,0.01,71.78,90.2,90.45,93.29,58.73,64.9,59.68,62.17,108.92,461.99,72.36,194.64,59.34,164.28,0.03,63.67,269.3,144.8,5000
230.56,29.65,199.55,489,5000,138.72,183.24,483.81,152.78,5000,119.07,324.05,356.64,5000,5000,5000,5000,496.42,254.41,5000,60.77,127.5,119.56,396.71,5000,279.48,221.86,70.28,5000,5000,174.85,5000,93.79,5000,399.68,5000,5000,446.39,5000
5000,416.7,5000,29.47,72.34,5000,339.22,361.55,444.65,5000,5000,5000,5000,214.06,213.82,5000,5000,246.76,494.48,5000,362.12,430.98,437.07,419.04,381.9,89.06,332.52,5000,154.81,69.17,337.06,5000,362.43,5000,38.22,466.98,5000,475.14,5000
91.77,75.06,5000,254.45,5000,5000,184.96,119.46,247.52,5000,150.35,5000,5000,5000,5000,5000,5000,5000,5000,5000,5000,238.1,225.5,139.18,83.25,139.61,283.34,289.4,341.36,5000,416.37,98.81,186.07,488.64,5000,434.19,5000,5000,5000
5000,5000,5000,5000,5000,5000,5000,5000,5000,5000,5000,5000,5000,5000,5000,5000,5000,5000,5000,5000,5000,5000,5000,5000,5000,5000,5000,5000,5000,5000,5000,5000,5000,5000,0.37,5000,0.46,5000,5000
5000,5000,5000,5000,5000,5000,5000,5000,5000,5000,5000,5000,5000,5000,5000,5000,5000,5000,5000,5000,5000,5000,5000,5000,5000,5000,5000,5000,5000,5000,5000,5000,5000,5000,0.35,5000,0.44,5000,5000
5000,5000,5000,5000,5000,5000,5000,5000,5000,5000,5000,5000,5000,5000,5000,5000,5000,5000,5000,5000,5000,5000,5000,5000,5000,5000,5000,5000,5000,5000,5000,5000,5000,5000,0.4,5000,0.72,5000,5000
5000,5000,5000,5000,5000,5000,5000,5000,5000,5000,5000,5000,5000,5000,5000,5000,5000,5000,5000,5000,5000,5000,5000,5000,5000,5000,5000,5000,5000,5000,5000,5000,5000,5000,5000,5000,5000,5000,5000
5000,5000,5000,5000,5000,5000,5000,5000,5000,5000,5000,5000,5000,5000,5000,5000,5000,5000,5000,5000,5000,5000,5000,5000,5000,5000,5000,5000,5000,5000,5000,5000,5000,5000,5000,5000,5000,5000,5000
5000,5000,5000,5000,5000,5000,5000,5000,5000,5000,5000,5000,5000,5000,5000,5000,5000,5000,5000,5000,5000,5000,5000,5000,5000,5000,5000,5000,5000,5000,5000,5000,5000,5000,5000,5000,5000,5000,5000
17.51,5000,9.13,15.7,27.39,0.74,20.92,0.46,0.54,201.78,16.42,30.65,55.34,17.65,17.19,30.39,30.95,15.19,5.21,3,22.48,40.48,39.14,19.73,51.79,2.77,2.45,98.4,132.59,55.31,12.79,52.49,2.23,15.29,124.2,12.62,0.4,8.42,0.12
5000,5000,5000,5000,5000,5000,5000,5000,5000,5000,5000,5000,5000,5000,5000,5000,5000,5000,5000,5000,5000,5000,5000,5000,5000,18.24,18.43,5000,5000,5000,5000,5000,5000,5000,5.97,5000,296.43,5000,5000
5000,5000,5000,225.85,5000,5000,5000,5000,5000,5000,5000,5000,5000,5000,5000,5000,5000,5000,5000,5000,5000,5000,5000,5000,5000,5000,5000,5000,5000,5000,5000,5000,5000,5000,3.87,5000,304.79,5000,5000
5000,5000,354.08,51.39,28.44,5000,5000,28.4,251.58,24.91,107,451.12,5000,5000,5000,460.67,458.05,10.55,209.8,5000,5000,5000,5000,5000,5000,5000,5000,5000,5000,121.53,24.19,25.36,5000,11.16,192.03,5000,5000,5.45,5000
5000,5000,5000,185.57,10.48,5000,5000,41.21,5000,71.42,182.65,5000,5000,5000,5000,5000,5000,80.52,5000,5000,10.17,18.85,19.51,19.23,5000,5000,5000,5000,42.34,162.24,30.77,307.28,24.49,14.11,5000,5000,5000,56.22,5000
179.08,123.49,414.32,5000,224.99,223.58,79,121.6,285.64,160.62,100.85,283.25,245.43,313.19,319.41,272.72,305.36,299.02,5000,0,121.33,295.63,261.53,248.42,128.64,116.21,116.11,131.28,103.04,157.87,161.72,224.98,66.03,5000,5000,77.96,5000,428.42,5000
5000,195.37,5000,5000,5000,5000,5000,5000,5000,5000,478.5,5000,5000,5000,5000,5000,5000,5000,5000,0,5000,5000,5000,5000,5000,5000,436.41,5000,5000,5000,5000,5000,5000,5000,5000,5000,5000,5000,5000
5000,5000,5000,5000,5000,5000,5000,5000,5000,5000,5000,5000,5000,5000,5000,5000,5000,5000,5000,0,5000,5000,5000,5000,5000,5000,5000,5000,5000,5000,5000,5000,5000,5000,5000,5000,5000,5000,5000
5000,5000,5000,5000,5000,5000,5000,5000,5000,5000,5000,5000,5000,5000,5000,5000,5000,5000,5000,0,5000,5000,5000,5000,5000,5000,5000,5000,5000,5000,5000,5000,5000,5000,5000,5000,5000,5000,5000
5000,5000,5000,5000,5000,5000,5000,5000,5000,5000,5000,5000,5000,5000,5000,5000,5000,152.46,5000,0,5000,5000,5000,5000,5000,5000,5000,5000,5000,5000,5000,5000,5000,5000,5000,5000,5000,5000,5000
5000,5000,5000,5000,5000,5000,5000,5000,5000,5000,5000,5000,5000,5000,5000,5000,5000,5000,5000,0,5000,5000,5000,5000,5000,5000,5000,5000,5000,5000,5000,5000,5000,5000,5000,5000,5000,5000,5000
5000,94.18,327.62,65.15,80.92,15.46,14.54,58.11,93.12,166.63,45.28,101.76,98.83,25.05,24.91,24.98,25.09,29.94,209.93,17.78,146.57,132.38,132.05,132.79,45.37,275.2,275.76,45.02,102.82,76.48,21.85,175.06,68.01,95.33,8.08,60.12,5000,261.17,5000
5000,5000,5000,5000,5000,5000,5000,5000,5000,5000,5000,5000,5000,5000,5000,5000,5000,5000,5000,5000,5000,5000,5000,5000,5000,5000,5000,5000,5000,5000,5000,5000,5000,5000,5000,5000,5000,5000,5000
5000,5000,5000,5000,5000,5000,5000,5000,5000,5000,5000,5000,5000,5000,5000,5000,5000,5000,5000,5000,5000,5000,5000,5000,5000,5000,5000,5000,5000,5000,5000,5000,5000,5000,5000,5000,5000,5000,34.3
5000,5000,5000,5000,5000,5000,5000,5000,5000,5000,5000,5000,5000,5000,5000,5000,5000,2.62,5000,5000,5000,5000,5000,5000,5000,5000,5000,5000,5000,5000,5000,5000,5000,5000,5000,5000,5000,1.98,5000
5000,5000,5000,5000,5000,5000,5000,5000,5000,5000,5000,5000,5000,5000,5000,5000,5000,2.62,5000,5000,5000,5000,5000,5000,5000,5000,5000,5000,5000,5000,5000,5000,5000,5000,5000,5000,5000,2.01,5000
5000,5000,5000,5000,5000,5000,5000,5000,5000,5000,5000,5000,5000,5000,5000,5000,5000,3.87,5000,5000,5000,5000,5000,5000,5000,5000,5000,5000,5000,5000,5000,5000,5000,5000,5000,5000,5000,3.06,5000
112.92,477.19,5000,417.53,152.02,413.44,160.58,410.1,381,370.8,373.77,351.48,466.66,472.62,472.62,347.55,349.81,5000,338.71,5000,291.51,409.22,434.23,324.02,195.99,415.33,394.91,192.47,422.61,418.33,228.49,327.97,324.69,5000,5000,102.78,5000,5000,5000
316.27,5000,5000,5000,103.3,5000,188.2,461.66,453.89,5000,401.89,5000,445.67,5000,5000,5000,5000,5000,5000,5000,319.33,492.33,470.67,312.01,249.06,299.14,298.23,230.99,280.1,367.83,344.37,380.53,320.15,5000,5000,96.66,5000,5000,5000
336.82,5000,5000,5000,250.79,5000,5000,5000,5000,5000,5000,5000,5000,5000,5000,5000,5000,5000,5000,5000,5000,5000,5000,5000,5000,5000,5000,5000,5000,5000,5000,5000,5000,5000,5000,246.35,5000,5000,5000
311.1,5000,5000,5000,251.51,5000,5000,5000,5000,5000,5000,5000,5000,5000,5000,5000,5000,5000,5000,5000,5000,5000,5000,5000,5000,5000,5000,5000,5000,5000,5000,5000,5000,5000,5000,297.07,5000,5000,5000
484.51,5000,5000,5000,415.24,5000,5000,5000,5000,5000,5000,5000,5000,5000,5000,5000,5000,5000,5000,5000,5000,5000,5000,5000,5000,5000,5000,5000,5000,5000,5000,5000,5000,5000,5000,465.5,5000,5000,5000
5000,5000,5000,5000,5000,5000,5000,5000,5000,5000,5000,5000,5000,5000,5000,5000,5000,5000,5000,5000,5000,5000,5000,5000,5000,5000,5000,5000,5000,5000,5000,5000,5000,5000,5000,5000,5000,5000,5000
5000,5000,5000,5000,462.64,5000,5000,5000,5000,5000,5000,5000,5000,5000,5000,5000,5000,5000,5000,5000,5000,5000,5000,5000,5000,5000,5000,5000,5000,5000,5000,5000,5000,5000,5000,5000,5000,5000,5000
5000,5000,5000,5000,5000,5000,5000,5000,5000,5000,5000,5000,5000,5000,5000,5000,5000,5000,5000,5000,5000,5000,5000,5000,5000,5000,5000,5000,5000,5000,5000,5000,5000,5000,5000,5000,5000,5000,5000
5000,5000,5000,5000,5000,5000,5000,5000,5000,5000,5000,5000,5000,5000,5000,5000,5000,5000,5000,5000,5000,5000,5000,5000,5000,5000,5000,5000,5000,5000,5000,5000,5000,5000,5000,5000,5000,5000,5000
5000,5000,5000,5000,5000,5000,5000,5000,5000,5000,473.96,5000,5000,5000,5000,5000,5000,0.67,5000,5000,5000,5000,5000,5000,5000,5000,5000,5000,5000,5000,5000,5000,5000,5000,5000,395.92,5000,5000,7.4
1.01,5000,5000,334.51,5000,5000,5000,5000,5000,5000,480.68,5000,5000,5000,5000,5000,5000,5000,5000,5000,5000,5000,5000,5000,5000,5000,5000,5000,5000,5000,5000,5000,5000,5000,5000,1,5000,5000,25.28
1.03,5000,5000,0.22,5000,5000,5000,5000,5000,5000,5000,5000,5000,5000,5000,5000,5000,5000,5000,5000,5000,5000,5000,5000,5000,5000,5000,5000,5000,5000,5000,5000,5000,5000,5000,183.19,5000,5000,2.1
1.02,59.16,5000,0.23,5000,5000,5000,5000,5000,5000,5000,5000,5000,5000,5000,5000,5000,0.68,5000,5000,5000,5000,5000,5000,5000,5000,5000,5000,5000,5000,5000,5000,5000,5000,5000,159.78,5000,5000,72.85
5000,5000,193.2,5000,167.09,177.04,316.98,146.01,158.2,157.9,64.26,83.21,84.84,76.86,76.9,61.59,61.69,113.45,92.33,280.47,196.26,202.81,200.59,278.81,230.7,5000,5000,189.79,303.8,136.83,159.06,97.32,275.24,470.64,90.19,5000,5000,5000,5000
5000,5000,228.14,66.58,203.5,77.82,272.99,87.57,107.95,224.12,107.56,59.85,72.53,119.66,119.51,68.83,70.59,95.29,134.98,252.01,62.22,79.15,80.38,153.66,242.18,136.79,159.78,186.83,260.02,147.62,79.99,111.39,268.95,5000,17.51,5000,5000,5000,5000
45.85,0.57,27.84,29.31,86.35,43.86,260.69,15.86,27.58,71.24,60.58,18.4,24.19,16.22,15.86,27.93,27.63,26.88,23.39,35.19,25.67,11.7,12.04,11.91,20.59,18.45,25.94,20.71,24.9,6.12,26.39,19.19,22.9,118.99,21.74,56.78,5000,76.42,5000
5000,5000,5000,5000,5000,5000,5000,5000,5000,5000,5000,5000,5000,5000,5000,5000,5000,5000,5000,5000,5000,5000,5000,5000,5000,5000,5000,5000,5000,5000,5000,5000,5000,5000,5000,5000,5000,5000,5000
60,47.51,164.57,113.85,261.21,129.98,204.44,260.06,265.81,278.82,95.16,102.89,103.66,131.29,128.97,125.31,127.93,259.27,132.71,93.98,203.3,206.33,206.21,207.97,207.56,266.1,255.9,198.7,200.19,267.85,238.21,280.08,289.47,456.91,192.93,95.31,5000,5000,5000
338.24,162.77,5000,262.81,5000,5000,5000,5000,488.53,5000,424.37,495.54,282.15,5000,5000,5000,5000,5000,5000,249.6,5000,463.82,391.39,5000,5000,483.02,486.48,5000,5000,5000,487.34,5000,5000,5000,5000,137.98,5000,5000,5000
458.22,381.36,484.45,5000,5000,457.1,5000,5000,5000,5000,5000,471.2,321.98,445.39,440.72,347.7,360.82,5000,480.36,5000,5000,5000,5000,5000,5000,5000,5000,5000,5000,5000,5000,5000,5000,5000,404.74,5000,5000,5000,5000
15.86,16.53,207.72,100.02,8.57,5000,12.48,22.51,265.84,9.64,13.71,32.46,94.6,30.38,30.15,21.42,21.96,7.06,24.01,5000,24.03,63.07,61.38,23.15,14.35,27.92,28.16,14.25,7.99,30,10.19,24.81,17.5,10.27,37.81,16.32,5000,9.09,5000
89.29,55.15,181.88,83.33,113.31,162.11,96.42,140.05,175.12,111.16,174.07,176.79,73.7,185.5,180.67,176.83,184.13,151.26,161.36,130.78,85.51,78.63,78.11,81.33,74.79,77.1,75.04,73.69,75.6,100.71,129.97,129.41,78.43,186,96.6,104.98,256.25,176.8,5000
163.35,149.04,271.08,105.52,170.3,252.16,119.71,187.45,271.66,170.69,267.91,213.25,121.48,233.77,232.41,226.26,235.11,248.24,255.09,145,96.62,92.1,91.08,91.95,92.76,102.6,99.18,91.39,92.45,154.02,154.63,170.51,99.06,210.86,128.92,149.4,287.17,288.5,5000
5000,211.19,5000,5000,155.12,5000,322.67,179.98,189.93,382.3,5000,5000,5000,5000,5000,5000,5000,5000,5000,5000,345.41,454.79,456.31,451.68,357.98,439.62,441.92,353.07,357.74,142.04,270.93,245.83,352.58,423.73,87.17,5000,5000,5000,5000
5000,394.15,5000,5000,312.46,5000,447.45,318.51,247.12,5000,5000,5000,5000,5000,5000,5000,5000,5000,5000,5000,5000,5000,5000,5000,5000,462.63,465.81,5000,5000,268.85,367.47,388.16,335.33,5000,379.04,5000,5000,5000,5000
150.11,69.82,5000,216.43,95.24,223.27,62.7,70.64,61.29,50.6,154.8,154,237.24,152.02,151.42,155.1,152.27,121.75,129.25,451.66,130.98,131.09,130.22,125.34,80.64,110.83,111.4,81.33,115.82,91.87,77.45,69.41,160.36,171.57,67.17,258.37,5000,248.48,5000
239.88,69.2,5000,77.66,34.87,81.35,34.23,33.57,33.47,27.21,125.44,134.77,138.59,133.25,132.83,135.19,133.58,176.29,189.65,109.33,46.74,46.68,46.32,45.1,33.63,65.75,65.44,33.84,34.32,34.92,33.91,34.59,63.72,36.66,79.73,33.32,5000,221.77,5000
131.93,4.53,5000,3.14,47.54,4.19,48.08,47.67,47.54,15.87,3.45,3.79,3.49,3.62,3.53,3.54,3.39,3.09,4.2,51.14,61.59,61.15,60.77,60.62,46.33,67.91,68.24,46.05,47.13,48.09,46.85,47.56,72.6,14.7,68.51,45.92,5000,2.86,5000
5000,139.27,5000,235.07,101.77,5000,99.78,142.98,184.21,61.39,169.96,103.28,91.05,102.26,101.92,102.87,102.84,100.42,120.69,346,124.09,142.38,142.06,143.76,109.63,149.79,149.36,109.41,113.72,99.66,101.99,112.52,145.59,125.26,119.61,181.16,5000,140.52,5000
5000,76.68,5000,40.79,59.29,66.25,56.99,56.73,53.63,31.96,23.19,22.3,42.48,21.8,21.58,21.83,21.78,17.38,23.98,73.07,81.32,71.43,71.87,71.56,55.5,102.39,103.16,55.92,57.44,59.3,54.93,58.66,93.48,31.25,65.33,98.04,5000,25.08,5000
158.04,55.71,5000,134.36,97.26,143.27,70.3,62.56,65.6,67.57,73.12,62.67,99.64,62.36,62.92,64.11,61.96,216.31,142.84,202.66,63.24,60.59,60.02,60.36,71.53,93.64,94.9,71.83,79.46,57.43,72.49,55.01,81.12,53.51,67.81,116.58,5000,125.63,5000
330.18,5000,290.2,84.28,111.84,39.41,139.23,15.68,15.03,5000,5000,5000,5000,5000,5000,5000,5000,5000,330.76,86.79,59.65,45.49,45.13,75.44,53.54,289.53,134.85,156.15,33.02,15.71,49.32,12.46,161.89,5000,331.06,165.16,5000,5000,5000
5000,5000,167.71,172.79,5000,138.32,155.61,38.06,30.79,5000,5000,350.63,247.32,5000,5000,5000,5000,5000,5000,118.4,120.24,181.91,180.99,159.56,156.77,209.49,243.19,170.65,211.61,36.07,55.97,43.54,177.36,5000,5000,5000,5000,5000,5000
404.06,10.41,5000,199.4,5000,5000,5000,5000,5000,5000,419.85,5000,5000,5000,5000,5000,5000,5000,5000,0.03,5000,5000,5000,5000,5000,308.08,417.35,5000,5000,5000,5000,5000,462.06,5000,5000,5000,5000,5000,5000
5000,31.44,5000,5000,5000,5000,5000,5000,5000,5000,5000,5000,5000,5000,5000,5000,5000,5000,5000,5000,5000,5000,5000,5000,5000,5000,443.39,5000,5000,5000,5000,5000,5000,5000,5000,5000,5000,5000,5000
5000,5000,5000,5000,5000,5000,5000,5000,5000,5000,5000,5000,5000,5000,5000,5000,5000,5000,5000,5000,5000,5000,5000,5000,5000,5000,5000,5000,5000,5000,5000,5000,5000,5000,5000,5000,5000,5000,5000
5000,5000,5000,5000,5000,5000,5000,5000,5000,5000,5000,5000,5000,5000,5000,5000,5000,5000,5000,5000,5000,5000,5000,5000,5000,5000,5000,5000,5000,5000,5000,5000,5000,5000,5000,5000,5000,5000,5000
221.5,8.68,5000,258.56,5000,5000,205.11,203.42,351.72,5000,61.75,5000,5000,5000,5000,5000,5000,5000,5000,0.02,155.79,160.44,161.06,165.38,210.14,148.4,215.02,132.36,154.54,306.83,102,173.45,5000,5000,5000,316.41,5000,5000,5000
5000,5000,5000,5000,5000,5000,5000,5000,5000,5000,5000,5000,5000,5000,5000,5000,5000,5000,5000,5000,5000,5000,5000,5000,5000,5000,5000,5000,5000,5000,5000,5000,5000,5000,5000,5000,5000,5000,5000
1.4,2.2,64.55,4.63,9.04,111.03,0.78,13.4,68.25,8.18,33.24,28.85,8.68,26.76,26.74,27.74,29.89,7.16,15.01,6.89,7.2,0.91,0.9,0.9,2.92,2.45,4.59,2.91,0.3,4.55,3.35,8.46,2.17,1.01,11.47,0.35,0.19,1.99,0.78
2.03,3.16,11.07,43.53,2.24,3.48,2.45,3.86,248.39,1.56,34.53,68.86,2.23,8.13,8.14,66.77,71.49,13.85,71.96,188.56,2.5,1.58,1.56,1.57,1.31,0.4,0.41,1.33,2.62,136.2,1.73,2.85,0.44,1.91,100.54,3.12,5000,5000,5000
3.29,4.64,5000,52.23,7.97,4.74,2.59,7.12,251.55,4.58,37.89,5000,3.98,5000,5000,5000,5000,5000,5000,5000,6.91,4.46,4.42,4.36,2.88,6.84,6.57,2.92,2.95,5000,4.5,9.69,6.86,2.17,5000,4.34,5000,5000,5000
6.63,0.68,3.85,97.82,5000,32.27,291.39,275.61,152.03,5000,5000,5000,5000,5000,5000,5000,5000,5000,1.22,48.39,3.11,3.11,3.1,3.14,5000,5000,5000,5000,5000,5000,5000,5000,5000,5000,3.94,5000,5000,5000,5000
5000,32.24,5000,5000,5000,55.79,330.04,5000,187.17,5000,5000,5000,5000,5000,5000,5000,5000,5000,38.71,75.54,5000,5000,5000,5000,5000,5000,5000,5000,5000,5000,5000,5000,287.51,5000,43.28,5000,5000,5000,5000
5000,11.27,13.44,327,5000,248.44,5000,93.24,76.24,5000,5000,5000,5000,5000,5000,5000,5000,5000,9.74,37.93,5000,5000,5000,5000,5000,17.3,25.63,5000,5000,5000,5000,5000,389.45,5000,3.84,5000,5000,5000,5000
5000,1.54,4.92,108.29,5000,201.96,5000,5000,5000,5000,5000,5000,5000,5000,5000,5000,5000,5000,1.86,33.3,5000,5000,5000,5000,5000,6.62,6.73,5000,5000,5000,5000,5000,4.98,5000,3.82,5000,5000,5000,5000
5000,158.75,5000,5000,5000,6.99,5000,129.69,68.75,5000,5000,5000,5000,5000,5000,5000,5000,5000,12.65,128.8,5000,5000,5000,5000,5000,5000,5000,5000,5000,5000,5000,5000,321.35,5000,3.9,5000,5000,5000,5000
5000,13.03,14.68,395.04,5000,189.81,5000,234.64,5000,5000,5000,5000,5000,5000,5000,5000,5000,5000,5000,34.13,5000,5000,5000,5000,5000,5000,5000,5000,5000,5000,5000,5000,342.53,5000,3.84,5000,5000,5000,5000
0.55,0.36,2.04,37.79,5000,2.01,302.89,1.95,1.95,5000,5000,5000,5000,5000,5000,5000,5000,5000,0.77,30.45,1.93,1.91,1.93,1.89,5000,1.97,1.97,5000,5000,5000,5000,5000,1.91,5000,4.05,2.94,5000,5000,5000
5000,1.51,7.99,252.96,5000,140.94,5000,41.16,99.76,5000,5000,5000,5000,5000,5000,5000,5000,33.03,2.56,34.36,5000,5000,5000,5000,5000,16.47,16.3,5000,5000,5000,5000,5000,415.01,5000,3.8,5000,5000,5000,5000
1.13,0.45,2.09,44.03,5000,1.25,270.83,2.51,2.5,5000,5000,5000,5000,5000,5000,5000,5000,5000,0.79,32.8,2.05,2.05,2,2.03,5000,2.28,2.27,5000,5000,5000,5000,5000,2.24,5000,3.95,5000,5000,5000,5000
5000,164.52,5000,5000,5000,165.17,5000,87.69,152.67,5000,5000,5000,73.42,5000,5000,5000,5000,5000,5000,80.42,5000,5000,5000,5000,5000,5000,5000,5000,5000,5000,5000,5000,267.57,5000,3.83,5000,5000,5000,5000
1.16,0.49,2.16,44.46,5000,91.31,315.09,2.2,2.19,5000,5000,5000,5000,5000,5000,5000,5000,5000,0.82,32.66,2.07,2.07,2.05,2.02,5000,2.48,2.49,5000,5000,5000,5000,5000,2.47,5000,3.95,3.14,5000,5000,5000
5000,21.14,15.35,400.65,5000,210.14,352.29,5000,5000,5000,5000,5000,5000,5000,5000,5000,5000,5000,12.16,80.25,5000,5000,5000,5000,5000,5000,5000,5000,5000,5000,5000,5000,470.38,5000,3.83,5000,5000,5000,5000
5000,4.49,5.7,286.26,5000,5000,257.46,286.42,5000,5000,5000,5000,5000,5000,5000,5000,5000,5000,2.6,37.65,5000,5000,5000,5000,5000,17.14,19.56,5000,5000,5000,5000,5000,364.24,5000,3.85,5000,5000,5000,5000
1.11,0.73,2.55,52.25,5000,30.67,270.31,30.16,8.46,5000,5000,5000,5000,5000,5000,5000,5000,5000,1.11,28.83,2.47,2.46,2.47,2.46,5000,2.75,2.78,5000,5000,5000,5000,5000,2.73,5000,4.7,5000,5000,5000,5000
5000,0.59,4.17,45.73,5000,91.89,259.47,22.41,14.11,5000,5000,5000,5000,5000,5000,5000,5000,5000,1.11,29.57,2.54,2.58,2.54,2.56,5000,2.8,2.78,5000,5000,5000,5000,5000,2.7,5000,3.83,5000,5000,5000,5000
5000,427.7,5000,5000,5000,50.7,5000,5000,5000,5000,5000,5000,5000,5000,5000,5000,5000,5000,5000,348.43,5000,5000,5000,5000,5000,5000,5000,5000,5000,5000,5000,5000,5000,5000,3.89,5000,5000,5000,5000
25.66,0.89,3.22,54.71,5000,5000,5000,39.09,4.75,5000,5000,5000,5000,5000,5000,5000,5000,5000,1.24,29,2.66,2.65,2.63,2.67,5000,3.92,3.98,5000,5000,5000,5000,5000,3.89,5000,3.97,5000,5000,5000,5000
5000,5000,5000,5000,5000,5000,5000,5000,5000,5000,5000,5000,5000,5000,5000,5000,5000,5000,5000,5000,5000,5000,5000,5000,5000,5000,5000,5000,5000,5000,5000,5000,5000,5000,0.33,5000,0.78,5000,5000
5000,5000,5000,5000,5000,5000,5000,5000,5000,5000,5000,5000,5000,5000,5000,5000,5000,5000,5000,5000,5000,5000,5000,5000,5000,5000,5000,5000,5000,5000,5000,5000,5000,5000,0.27,5000,0.55,5000,5000
131.92,217.11,5000,272.65,369.02,483.5,143.32,311.17,361.68,373.69,252.48,442.89,349.11,490.13,479.13,469.28,5000,363.53,5000,237.58,178.07,166.09,165.94,165.39,151.88,156.08,156.27,160.06,151.45,307.64,240.58,305.78,149.53,5000,5000,137.86,5000,5000,5000
262.11,5000,5000,5000,5000,5000,406.4,5000,5000,5000,463.59,5000,5000,5000,5000,5000,5000,5000,5000,5000,5000,5000,492.35,5000,397,321.07,310.6,5000,494.48,5000,5000,5000,387.96,5000,5000,262.39,5000,5000,5000
5000,5000,5000,5000,5000,5000,5000,5000,5000,5000,5000,5000,5000,5000,5000,5000,5000,5000,5000,5000,5000,5000,5000,5000,5000,5000,5000,5000,5000,5000,5000,5000,5000,5000,5000,5000,5000,5000,5000
5000,5000,5000,5000,5000,5000,5000,5000,5000,5000,5000,5000,5000,5000,5000,5000,5000,5000,5000,5000,5000,5000,5000,5000,5000,5000,5000,5000,5000,5000,5000,5000,5000,5000,5000,5000,5000,5000,5000
5000,5000,5000,5000,5000,5000,5000,5000,5000,5000,5000,5000,5000,5000,5000,5000,5000,5000,5000,5000,5000,5000,5000,5000,5000,5000,5000,5000,5000,5000,5000,5000,5000,5000,5000,5000,5000,5000,5000
5000,5000,5000,5000,5000,5000,5000,5000,5000,5000,5000,5000,5000,5000,5000,5000,5000,5000,5000,5000,5000,5000,5000,5000,5000,5000,5000,5000,5000,5000,5000,5000,5000,5000,5000,5000,5000,5000,5000
5000,5000,5000,5000,5000,5000,5000,5000,5000,5000,5000,5000,5000,5000,5000,5000,5000,5000,5000,5000,5000,5000,5000,5000,5000,5000,5000,5000,5000,5000,5000,5000,5000,5000,5000,5000,5000,5000,5000
7.15,9.97,107.59,1.38,66.38,66.96,66.09,65.16,65.35,64.05,67.15,44.68,64.86,64.18,64.17,62.58,65.61,66.98,66.34,22.98,71.98,72.16,73.07,71.98,66.31,70.46,69.34,66.26,66.23,64.65,64.98,64.93,69.24,60.57,12.99,65.48,5000,0.52,5000
15.67,28.87,176.14,1.42,121.18,122.25,117.77,118.02,117.91,116.54,121.36,96.82,117.73,116.62,116.67,114.4,119.95,120.72,120.52,47,127.85,128.14,127.79,127.5,120.59,125.28,125.4,119.65,119.51,117.98,117.81,117.16,122.57,110.52,16.67,117.87,245.16,0.77,5000
139.94,5.58,149.19,3.42,129.93,134.32,128.96,129.11,128.75,127.92,132.39,79.87,128.73,126.71,126.54,126.05,130.16,131.7,130.99,41.58,133,132.38,132.02,132.29,130.37,130.69,130.8,131.86,130.06,127.81,128.02,128.37,132.12,122.57,16.53,128.49,20.07,0.91,5000
5000,18.73,107.1,73,27.06,1.19,2.99,8.41,2.7,439.32,58.73,1.3,1.04,247.23,246.41,214.82,212.03,1.43,168.44,100.49,167.19,45.05,43.74,101.1,2.51,63.4,44,2.4,325.37,2.44,8.18,3.55,14.94,5000,352.26,2.42,5000,5000,5000
5000,4.8,5000,61.08,165.91,478.71,257.76,98.09,472.44,5000,5000,2.09,1.37,447.31,447.53,5000,5000,74.89,5000,55.06,7.01,27.94,27.34,39,2.02,5000,58.09,2.01,56.72,3.43,46.14,2.79,294.88,5000,5000,5000,5000,5000,5000
204.05,375.72,375.26,227.24,272.43,302.34,181.46,259.33,304.48,264.54,267.4,287.48,256.98,321.62,321,248.25,257.08,428.94,264.32,441.04,244.4,209.69,204.81,213.2,173.94,171.21,158.78,174.99,213.37,211.92,133.78,148.8,240.32,5000,350.72,25.08,5000,307.24,5000
5000,5000,5000,5000,5000,5000,5000,5000,5000,5000,5000,5000,5000,5000,5000,5000,5000,5000,5000,5000,5000,5000,5000,5000,5000,5000,5000,5000,5000,5000,5000,5000,5000,5000,5000,5000,5000,5000,5000
5000,5000,5000,5000,5000,5000,5000,5000,5000,5000,5000,5000,5000,5000,5000,5000,5000,5000,5000,5000,5000,5000,5000,5000,5000,5000,5000,5000,5000,5000,5000,5000,5000,5000,5000,5000,5000,5000,5000
5000,5000,5000,5000,5000,5000,5000,5000,5000,5000,5000,5000,5000,5000,5000,5000,5000,5000,5000,5000,5000,5000,5000,5000,5000,5000,5000,5000,5000,5000,5000,5000,5000,5000,5000,5000,5000,5000,5000
5000,5000,5000,5000,5000,5000,5000,5000,5000,5000,5000,5000,5000,5000,5000,5000,5000,5000,5000,5000,5000,5000,5000,5000,5000,5000,5000,5000,5000,5000,5000,5000,5000,5000,5000,97.45,5000,5000,5000
5000,5000,5000,5000,5000,5000,5000,5000,5000,5000,5000,5000,5000,5000,5000,5000,5000,5000,5000,5000,5000,5000,5000,5000,5000,5000,5000,5000,5000,5000,5000,5000,5000,5000,5000,5000,5000,5000,5000
5000,5000,5000,5000,5000,5000,5000,5000,5000,5000,5000,5000,5000,5000,5000,5000,5000,5000,5000,5000,5000,5000,5000,5000,5000,5000,5000,5000,5000,5000,5000,5000,5000,5000,5000,5000,5000,5000,5000
193.7,440.32,406.34,185.74,194.71,325.48,199.62,221.29,331.59,278.88,300.43,297.83,237.18,361.43,359.96,295.08,299.22,281.57,309.26,404.12,185.17,266.33,259.11,298.56,201.11,218.82,198.94,193.04,187.74,150.54,225.25,283.85,205.14,5000,343.53,162.44,5000,283.68,5000
5000,5000,5000,5000,5000,5000,5000,5000,5000,5000,5000,5000,5000,5000,5000,5000,5000,5000,5000,5000,5000,5000,5000,5000,5000,5000,5000,5000,5000,5000,5000,5000,5000,5000,5000,5000,5000,5000,5000
5000,5000,5000,5000,5000,5000,5000,5000,5000,5000,5000,5000,5000,5000,5000,5000,5000,5000,5000,5000,5000,5000,5000,5000,5000,5000,5000,5000,5000,5000,5000,5000,5000,5000,5000,5000,5000,5000,5000
7.09,2.8,8.02,5.51,6.93,15.13,19.23,8.48,5.52,11.86,4.6,8.44,1.5,9.58,9.58,11.35,11.5,4.16,1.24,19.71,22.09,16.41,16.29,23.34,1.74,20.74,11.51,1.69,16.24,0.46,1.41,0.42,14.89,7.27,7.28,14.84,337.21,21.14,5000
267.15,345.94,193.27,488.52,235.25,448.05,91.8,462.11,121.8,367.04,443.75,38.91,117.33,452.4,443.45,119.33,122.87,46.44,29.12,5000,160.92,354.53,292.42,460.71,279.54,267.2,110.61,275.27,190.61,168.05,159.24,26.94,164.66,452.63,5000,315.35,5000,5000,5000
5000,5000,5000,5000,5000,5000,5000,5000,5000,5000,5000,5000,5000,5000,5000,5000,5000,5000,5000,5000,5000,5000,5000,5000,5000,5000,5000,5000,5000,5000,5000,5000,5000,5000,5000,284.66,5000,5000,5000
5000,5000,5000,5000,5000,5000,5000,5000,5000,5000,5000,5000,5000,5000,5000,5000,5000,5000,5000,5000,5000,5000,5000,5000,5000,5000,5000,5000,5000,5000,5000,5000,5000,5000,5000,5000,5000,5000,5000
5000,5000,5000,5000,5000,5000,5000,5000,5000,5000,5000,5000,5000,5000,5000,5000,5000,5000,5000,5000,5000,5000,5000,5000,5000,5000,5000,5000,5000,5000,5000,5000,5000,5000,5000,5000,5000,5000,5000
5000,5000,5000,5000,5000,5000,5000,5000,5000,5000,5000,5000,5000,5000,5000,5000,5000,5000,5000,5000,5000,5000,5000,5000,5000,5000,5000,5000,5000,5000,5000,5000,5000,5000,5000,5000,5000,5000,5000
5000,5000,5000,5000,5000,5000,5000,5000,5000,5000,5000,5000,5000,5000,5000,5000,5000,5000,5000,5000,5000,5000,5000,5000,5000,5000,5000,5000,5000,5000,5000,5000,5000,5000,5000,5000,5000,5000,5000
5000,5000,5000,308,93.74,5000,208.87,493.92,162.1,337.43,377.42,421.31,5000,102.64,102.68,54.28,55.57,365.84,5000,5000,371.96,142.99,140.28,141.18,27.68,212.74,384.62,27.64,100.68,311.69,329.07,359.83,374.53,5000,5000,148.67,5000,391.17,5000
5000,5000,5000,5000,5000,5000,5000,5000,5000,5000,5000,5000,5000,5000,5000,5000,5000,5000,5000,5000,5000,5000,5000,5000,5000,5000,5000,5000,5000,5000,5000,5000,5000,5000,5000,5000,5000,5000,5000
5000,5000,5000,5000,5000,5000,5000,5000,5000,5000,5000,5000,5000,5000,5000,5000,5000,5000,5000,5000,5000,5000,5000,5000,5000,5000,5000,5000,5000,5000,5000,5000,5000,5000,5000,5000,5000,5000,5000
5000,405.73,5000,367.26,170.37,5000,234.56,279.65,329.21,220.35,5000,5000,5000,5000,5000,5000,5000,5000,5000,5000,280.05,275.3,274.43,295.96,213.72,266.47,266.28,213.72,231.99,240.75,269.42,237.63,257.1,244.89,365.83,5000,5000,5000,5000
5000,5000,5000,338.63,142.2,5000,266.92,307.66,353.05,176.82,5000,5000,5000,5000,5000,5000,5000,5000,5000,5000,298.64,293.03,293.58,277.93,219.66,296.38,296.42,221,231.67,230.86,175.45,185.75,296.31,192.29,5000,5000,5000,5000,5000
5000,5000,5000,360.54,156.24,5000,291.58,401.7,406.23,242.94,5000,5000,5000,5000,5000,5000,5000,5000,5000,5000,384.69,337.93,332.97,346.98,262.46,327.87,320.02,262.16,300.87,309.48,281.42,310.3,253.81,259.21,5000,5000,5000,5000,5000
5000,291.32,5000,294.2,126.78,5000,148.34,201.51,222.99,115.88,478.87,200.18,295.07,201.2,201.04,200.16,197.67,481.19,292.22,5000,227.53,181.01,179.69,210.21,182.22,239.68,239.96,181.98,178.27,179.41,168.05,155.48,191.32,148.24,270.11,5000,5000,5000,5000
5000,5000,5000,322.25,126.13,5000,169.79,221.52,284.45,110.43,312.13,405.83,252.61,415.01,414.33,400.15,401.09,5000,5000,5000,222.42,303.49,300.03,293.7,172.24,240.82,240.72,171.07,176.87,182.66,198.2,168.96,242.85,193.52,182.94,5000,5000,5000,5000
5000,5000,5000,5000,208.37,5000,322.97,387.95,482.02,268.84,5000,5000,5000,5000,5000,5000,5000,5000,5000,5000,415.32,401.58,388.56,398.45,313.01,414.44,415.15,312.73,383.91,396.75,359.44,388.89,393.17,322.01,5000,5000,5000,5000,5000
5000,5000,5000,357.02,174.1,5000,275.09,250.18,408.38,178.28,306.92,382.86,475.21,5000,5000,384.53,380.67,425.24,416.79,5000,382.91,314.95,313.46,337.67,293.58,338.08,339.13,295.85,265.44,327.09,276.45,239.56,277.03,250.97,5000,5000,5000,5000,5000
5000,5000,5000,369.17,241.58,5000,360.72,478.3,5000,251.75,5000,463.61,5000,461.19,460.85,460.03,455.67,483.05,490.83,5000,443.45,363.58,360.33,351.65,354.36,476.37,477.19,326.11,346.67,328.33,346.9,351.6,367.51,276.35,5000,5000,5000,5000,5000
5000,487.3,5000,379.15,178.48,5000,290.7,406.92,392.54,169.52,315.16,5000,358.93,5000,5000,5000,5000,369.15,327.35,5000,331.23,405.87,354.18,354.74,273.02,350.21,346.22,273.4,275.77,345.76,230.28,285.72,334.78,182.39,406.27,5000,5000,5000,5000
5000,430.21,5000,351.88,243,5000,405,449.2,477.46,215.01,5000,5000,5000,5000,5000,5000,5000,5000,5000,5000,431.16,447.12,455.89,490.27,366.98,464.8,468.65,376.05,415.41,420.54,346.07,413.04,373.65,269.79,5000,5000,5000,5000,5000
5000,308.56,5000,337.25,180.54,5000,324.67,443.14,493.13,202.57,472.35,5000,5000,5000,5000,5000,5000,5000,5000,5000,325.5,436.87,440.14,468.74,274.68,284.37,285.25,279.34,341.12,354.06,356.74,278.82,338.82,261.14,399.74,5000,5000,5000,5000
5000,5000,5000,362.25,181.8,5000,358.13,426.89,449.01,236.72,5000,5000,5000,5000,5000,5000,5000,5000,5000,5000,401.6,357.91,348.64,374.42,337.98,318.15,315.87,347.64,298.57,308.99,270.45,254.5,261.42,212.41,5000,5000,5000,5000,5000
5000,5000,5000,378.5,195.05,5000,291.58,379.52,404.62,226.9,5000,5000,5000,5000,5000,5000,5000,470.27,5000,5000,359.57,300.37,295.58,377.54,262.38,353.67,333.08,262.57,298.33,319.77,236.11,302.29,295.56,303.33,5000,5000,5000,5000,5000
5000,5000,5000,481.95,215.49,5000,284.88,412.47,413.27,274.03,5000,5000,5000,5000,5000,5000,5000,5000,5000,5000,371.14,352.37,349.73,360.97,354.38,308.1,313.17,356.64,345.79,378.88,281.62,309.38,331.97,441.27,5000,5000,5000,5000,5000
5000,5000,5000,437.92,215.47,5000,320.9,368.43,487.47,294.93,5000,5000,5000,5000,5000,5000,5000,5000,5000,5000,408.23,398.6,391.75,416.07,346.88,429.77,428.44,359.12,375.17,299.04,391.73,367.75,386.53,364.67,5000,5000,5000,5000,5000
5000,5000,5000,385.93,223.62,5000,252.24,386.41,427.42,225.3,410.57,5000,5000,5000,5000,5000,5000,5000,462.78,5000,407.91,318.57,318.01,303.92,303.21,343.5,343.19,303.04,371.49,415.28,303.47,310.85,328.96,255.89,5000,5000,5000,5000,5000
5000,5000,5000,374.84,184.15,5000,259.74,308.49,437.57,206.97,456.59,5000,463.24,5000,5000,5000,5000,5000,386.56,5000,334.79,339.02,336.5,396.65,263,281.32,283.68,261,304.73,311.19,286.1,279.56,305.54,275.96,5000,5000,5000,5000,5000
5000,5000,5000,369.4,187.35,5000,319.51,366.11,420.93,281.49,5000,5000,5000,5000,5000,5000,5000,5000,5000,5000,423.15,447.86,432.46,413.13,341.46,372.57,371.55,361.91,273.45,364.95,273.37,309.67,323.08,365.47,415.19,5000,5000,5000,5000
5000,399.81,5000,330.63,161.93,5000,279.81,353.01,389.51,267.54,447.18,5000,406.31,5000,5000,5000,5000,5000,5000,5000,332.47,318.33,315.74,305.14,286.48,334.36,339.61,288.77,258.41,295.94,208.04,275.96,348.85,283.54,5000,5000,5000,5000,5000
5000,5000,5000,377.99,215.92,5000,366.85,447.54,372.89,278.44,5000,5000,446.19,5000,5000,5000,488.53,5000,5000,5000,366.47,365.78,370.77,400.31,342.65,388.13,390.83,341.9,319.71,364.97,302.59,255.07,360.14,286.73,5000,5000,5000,5000,5000
231.83,18.63,76.75,5000,397.39,5000,5000,5000,5000,266.38,447.45,457.64,453.58,470.5,469.55,5000,5000,5000,5000,5000,5000,5000,5000,5000,5000,5000,5000,5000,5000,5000,5000,5000,5000,5000,5000,184.69,5000,5000,5000
5000,5000,5000,5000,5000,5000,5000,5000,5000,5000,5000,5000,5000,5000,5000,5000,5000,5000,5000,5000,5000,5000,5000,5000,5000,5000,5000,5000,5000,5000,5000,5000,113.29,5000,5000,5000,5000,5000,5000
5000,5000,5000,5000,5000,5000,5000,5000,5000,5000,5000,5000,5000,5000,5000,5000,5000,5000,5000,5000,5000,5000,5000,5000,5000,5000,5000,5000,5000,5000,5000,5000,5000,5000,5000,5000,5000,5000,5000
5000,5000,5000,5000,5000,5000,5000,5000,5000,5000,5000,5000,5000,5000,5000,5000,5000,5000,5000,5000,5000,5000,5000,5000,5000,5000,5000,5000,5000,5000,5000,5000,5000,5000,5000,5000,5000,5000,5000
5000,5000,5000,5000,5000,5000,5000,5000,5000,5000,5000,5000,5000,5000,5000,5000,5000,5000,5000,5000,5000,5000,5000,5000,5000,5000,5000,5000,5000,5000,5000,5000,122.29,5000,5000,5000,5000,5000,5000
5000,5000,5000,5000,5000,5000,5000,5000,5000,5000,5000,5000,5000,5000,5000,5000,5000,5000,5000,5000,5000,5000,5000,5000,5000,5000,5000,5000,5000,5000,5000,5000,5000,5000,5000,5000,5000,5000,5000
82.31,5000,5000,5000,41.02,5000,5000,5000,5000,79.33,5000,5000,5000,5000,5000,5000,5000,65.11,16.43,5000,5000,5000,5000,5000,5000,5000,454.61,5000,5000,66.35,462.41,5000,106,5000,18.71,104.67,5000,184.83,5000
5000,5000,5000,5000,5000,5000,5000,5000,5000,5000,5000,5000,425.54,5000,5000,5000,5000,5000,5000,5000,5000,5000,5000,5000,5000,5000,5000,5000,5000,5000,5000,5000,5000,5000,5000,5000,5000,5000,5000
5000,5000,5000,5000,5000,5000,5000,5000,5000,5000,5000,5000,5000,5000,5000,5000,5000,5000,5000,5000,5000,5000,5000,5000,5000,5000,5000,5000,5000,5000,5000,5000,5000,5000,5000,5000,5000,5000,5000
5000,5000,5000,5000,5000,5000,5000,5000,5000,5000,5000,5000,5000,5000,5000,5000,5000,5000,5000,5000,5000,5000,5000,5000,5000,5000,5000,5000,5000,5000,5000,5000,5000,5000,5000,5000,5000,5000,5000
5000,5000,5000,5000,5000,5000,5000,5000,5000,5000,5000,5000,5000,5000,5000,5000,5000,5000,5000,5000,5000,5000,5000,5000,5000,5000,5000,5000,5000,5000,5000,5000,5000,5000,5000,5000,5000,5000,5000
5000,5000,5000,5000,5000,5000,5000,5000,5000,5000,5000,5000,5000,5000,5000,5000,5000,5000,5000,5000,5000,5000,5000,5000,5000,5000,5000,5000,5000,5000,5000,5000,5000,5000,5000,5000,5000,5000,5000
5000,5000,5000,5000,5000,5000,5000,5000,5000,5000,5000,5000,5000,5000,5000,5000,5000,5000,5000,5000,5000,5000,5000,5000,5000,5000,5000,5000,5000,5000,5000,5000,5000,5000,5000,5000,5000,5000,5000
5000,330.82,254.42,5000,253.34,291.88,5000,5000,469.26,382.55,310.15,336.21,256.88,325.86,317.21,375.75,403.27,5000,364.86,5000,5000,5000,5000,5000,5000,5000,5000,5000,5000,433.37,5000,5000,5000,5000,338.43,5000,5000,5000,5000
5000,5000,5000,5000,5000,5000,5000,5000,5000,5000,5000,5000,5000,5000,5000,5000,5000,5000,5000,5000,5000,5000,5000,5000,5000,5000,5000,5000,5000,5000,5000,5000,5000,5000,5000,5000,5000,5000,5000
5000,5000,5000,5000,5000,5000,5000,5000,5000,5000,5000,5000,5000,5000,5000,5000,5000,5000,5000,5000,5000,5000,5000,5000,5000,5000,5000,5000,5000,5000,5000,5000,5000,5000,5000,5000,5000,5000,5000
5000,5000,5000,5000,5000,5000,5000,5000,5000,5000,5000,5000,5000,5000,5000,5000,5000,5000,5000,5000,5000,5000,5000,5000,5000,5000,5000,5000,5000,5000,5000,5000,5000,5000,5000,5000,5000,5000,5000
5000,5000,5000,5000,5000,5000,5000,5000,5000,5000,5000,5000,5000,5000,5000,5000,5000,5000,5000,5000,5000,5000,5000,5000,5000,5000,5000,5000,5000,5000,5000,5000,5000,5000,5000,5000,5000,5000,5000
5000,5000,5000,5000,5000,5000,5000,5000,5000,5000,5000,5000,5000,5000,5000,5000,5000,5000,5000,5000,5000,5000,5000,5000,5000,5000,5000,5000,5000,5000,5000,5000,5000,5000,5000,5000,5000,5000,5000
5000,490.48,5000,20.17,5000,5000,5000,5000,5000,5000,5000,5000,82.27,5000,5000,5000,5000,5000,5000,90.92,119.86,277.64,275.13,279.03,278.77,5000,5000,277.15,281.09,5000,5000,5000,298.31,5000,80.24,5000,180.89,5000,5000
5000,5000,5000,40.88,5000,5000,5000,5000,5000,5000,5000,5000,5000,5000,5000,5000,5000,5000,5000,166.98,298.07,292.34,281.9,290.26,298.51,5000,5000,292.47,295.5,5000,5000,5000,294.06,5000,263.13,5000,361.36,5000,5000
5000,5000,5000,104.73,5000,5000,5000,5000,5000,5000,5000,5000,5000,5000,5000,5000,5000,5000,5000,5000,303.06,301.7,297.98,306.6,316.17,5000,5000,316.42,313.27,5000,5000,5000,316.27,5000,227.61,5000,363.44,5000,5000
5000,5000,5000,381.15,5000,5000,5000,5000,5000,5000,5000,5000,5000,5000,5000,5000,5000,5000,5000,5000,385.76,379.75,380.87,382.8,394.44,5000,5000,370.66,368.3,5000,5000,5000,375.77,5000,5000,5000,5000,5000,5000
5000,5000,5000,5000,5000,5000,5000,5000,5000,5000,5000,5000,5000,5000,5000,5000,5000,5000,5000,5000,423.11,415.15,397.52,389.68,431.56,5000,5000,406.32,430.69,5000,5000,5000,412.82,5000,5000,5000,5000,5000,5000
5000,5000,5000,5000,5000,5000,5000,5000,5000,5000,5000,5000,5000,5000,5000,5000,5000,5000,5000,5000,389.76,410.68,419.33,408.35,421.95,5000,5000,415.02,442.43,5000,5000,5000,428.27,5000,5000,5000,5000,5000,5000
5000,5000,5000,5000,5000,5000,5000,5000,5000,5000,5000,5000,5000,5000,5000,5000,5000,5000,5000,5000,407.85,414.7,414.96,412.97,426.04,5000,5000,442.89,427.97,5000,5000,5000,424.14,5000,5000,5000,5000,5000,5000
