abcdsat_r18,CaDiCaL,Candy,cms55-main-all4fixed,COMiniSatPS_Pulsar_drup,expGlucose,expMC_LRB_VSIDS_Switch,expMC_LRB_VSIDS_Switch_2500,expMC_VSIDS_LRB_Switch_2500,GHackCOMSPS_drup,glu_mix,glucose4.2.1,Glucose_Hack_Kiel_fastBVE,glucose-3.0_PADC_10,glucose-3.0_PADC_3,glucose3.0,gluHack,inIDGlucose,Lingeling,Maple_CM,Maple_CM_Dist,Maple_CM_ordUIP,Maple_CM_ordUIP+,Maple_LCM_M1,Maple_LCM_Scavel_200_fix2,Maple_LCM_Scavel_fix2,Maple_LCM+BCrestart,Maple_LCM+BCrestart_M1,MapleCOMSPS_CHB_VSIDS_drup,MapleCOMSPS_LRB_VSIDS_drup,MapleCOMSPS_LRB_VSIDS_2_fix,MapleLCMDistChronoBT,Minisat-v2.2.0-106-ge2dd095,Riss7.1-fix,smallsat,Sparrow2Riss-2018-fixfix,YalSAT
550.93,5000,5000,5000,5000,5000,5000,5000,5000,5000,5000,5000,5000,5000,5000,5000,5000,5000,5000,5000,5000,5000,5000,5000,5000,5000,5000,5000,5000,5000,5000,5000,5000,5000,5000,5000,5000
5000,5000,5000,5000,5000,5000,5000,5000,5000,5000,5000,5000,5000,5000,5000,5000,5000,5000,5000,5000,5000,5000,5000,5000,5000,5000,5000,5000,5000,5000,5000,5000,5000,5000,5000,5000,5000
5000,5000,5000,5000,5000,5000,5000,5000,5000,5000,5000,5000,5000,5000,5000,5000,5000,5000,5000,5000,5000,5000,5000,5000,5000,5000,5000,5000,5000,5000,5000,5000,5000,5000,5000,5000,5000
5000,5000,5000,5000,5000,5000,5000,5000,5000,5000,5000,5000,5000,5000,5000,5000,5000,5000,5000,5000,5000,5000,5000,5000,5000,5000,5000,5000,5000,5000,5000,5000,5000,5000,5000,22.33,2.03
5000,5000,5000,5000,5000,5000,5000,5000,52.83,5000,5000,5000,5000,5000,5000,5000,5000,5000,5000,5000,5000,5000,5000,5000,5000,5000,5000,5000,5000,5000,5000,5000,285.56,5000,5000,1.12,0.01
5000,5000,5000,5000,5000,5000,5000,5000,5000,5000,5000,5000,5000,5000,5000,5000,5000,5000,5000,5000,5000,5000,5000,5000,5000,5000,5000,5000,5000,5000,5000,5000,5000,5000,5000,6.38,49.59
5000,5000,5000,5000,101.56,5000,5000,5000,5000,5000,5000,5000,5000,5000,5000,5000,5000,5000,5000,5000,5000,5000,5000,5000,5000,5000,90.01,5000,5000,5000,5000,5000,5000,5000,5000,0.13,0.05
5000,5000,5000,5000,406.43,5000,5000,5000,5000,5000,5000,5000,5000,5000,5000,5000,5000,5000,5000,86.12,5000,85.7,84.33,5000,5000,5000,5000,5000,5000,5000,5000,5000,5000,5000,5000,1.11,0.16
5000,5000,5000,5000,5000,5000,5000,5000,5000,5000,5000,5000,5000,5000,5000,5000,5000,5000,5000,5000,5000,5000,5000,5000,5000,5000,5000,5000,5000,5000,5000,5000,5000,5000,5000,0.47,0.03
5000,5000,5000,5000,5000,5000,5000,5000,5000,5000,5000,5000,5000,5000,5000,5000,5000,5000,5000,5000,2420.06,5000,5000,5000,5000,5000,112.88,5000,5000,5000,5000,5000,5000,5000,5000,0.48,0.01
5000,96.91,5000,5000,5000,5000,5000,5000,5000,5000,5000,5000,5000,5000,5000,5000,5000,5000,5000,5000,5000,5000,5000,5000,5000,5000,5000,5000,5000,5000,5000,5000,5000,5000,5000,166.25,431.94
5000,5000,5000,5000,5000,5000,5000,5000,5000,5000,5000,5000,5000,5000,5000,5000,5000,5000,5000,5000,5000,5000,5000,5000,5000,5000,5000,5000,5000,5000,5000,5000,5000,5000,5000,4.11,1.04
5000,5000,5000,5000,5000,5000,5000,5000,5000,5000,5000,5000,5000,5000,5000,5000,5000,5000,5000,5000,5000,5000,5000,5000,5000,317.42,5000,5000,5000,5000,5000,5000,5000,5000,5000,0.47,1.53
5000,5000,5000,5000,5000,5000,5000,5000,5000,5000,5000,5000,5000,5000,5000,5000,5000,5000,5000,5000,5000,5000,5000,5000,5000,5000,5000,5000,5000,5000,5000,5000,5000,5000,5000,0.43,0.04
5000,5000,5000,5000,5000,5000,5000,5000,5000,5000,5000,5000,5000,5000,5000,5000,5000,5000,5000,5000,5000,5000,5000,5000,5000,5000,5000,5000,5000,5000,5000,34.69,5000,5000,5000,0.73,0.08
5000,5000,5000,5000,5000,5000,5000,5000,5000,5000,5000,5000,5000,5000,5000,5000,5000,5000,5000,194.11,5000,182.87,180.07,5000,5000,5000,5000,5000,5000,5000,5000,5000,5000,5000,5000,0.6,0
5000,5000,5000,5000,5000,136.48,5000,5000,5000,5000,5000,5000,5000,5000,5000,5000,5000,5000,5000,5000,5000,5000,5000,5000,5000,5000,5000,5000,5000,5000,5000,5000,5000,5000,5000,0.19,0.41
5000,5000,5000,5000,5000,5000,5000,5000,37.9,5000,5000,5000,5000,5000,5000,5000,5000,5000,5000,5000,5000,5000,5000,5000,518.21,5000,5000,5000,5000,5000,5000,5000,5000,5000,5000,1.06,0.3
473.75,5000,5000,5000,5000,5000,5000,165.52,5000,5000,5000,5000,5000,5000,5000,5000,5000,5000,5000,5000,5000,5000,5000,5000,5000,5000,5000,5000,5000,5000,5000,5000,15.44,5000,5000,0.66,0.33
5000,5000,5000,5000,5000,5000,5000,5000,5000,5000,5000,5000,5000,5000,5000,5000,5000,5000,5000,5000,5000,5000,5000,5000,5000,504.27,5000,5000,5000,205.23,5000,5000,5000,5000,5000,0.49,0.48
5000,5000,5000,5000,5000,5000,5000,250.24,5000,5000,5000,274.16,5000,5000,5000,5000,5000,5000,5000,5000,5000,5000,5000,5000,5000,5000,5000,5000,5000,5000,5000,5000,114.91,5000,247.23,0.47,0.38
5000,5000,5000,5000,5000,5000,5000,5000,5000,5000,5000,5000,5000,5000,5000,5000,5000,5000,5000,5000,5000,5000,5000,5000,5000,5000,5000,5000,5000,5000,5000,5000,5000,5000,5000,1.11,0.75
5000,5000,5000,5000,5000,5000,5000,5000,5000,5000,5000,5000,5000,5000,5000,5000,5000,5000,5000,5000,5000,5000,5000,5000,5000,5000,5000,5000,5000,5000,5000,3.49,5000,5000,5000,12.97,4.35
5000,5000,5000,5000,5000,5000,5000,5000,5000,5000,5000,5000,5000,5000,5000,5000,5000,5000,5000,5000,5000,5000,5000,5000,5000,5000,5000,5000,5000,5000,5000,5000,5000,5000,5000,5000,5000
403.8,5000,5000,5000,274.2,5000,5000,234.43,5000,92.1,354.79,3.6,5000,556.14,564.78,5000,413.71,378.42,232.28,233.87,256.46,233.19,234.74,5000,421.46,451.03,5000,5000,5000,300.27,515.82,5000,5000,5000,220.36,5000,5000
5000,5000,5000,5000,5000,5000,5000,5000,5000,5000,5000,5000,5000,5000,5000,5000,5000,5000,5000,5000,5000,5000,5000,5000,5000,5000,5000,5000,5000,5000,5000,5000,5000,5000,5000,5000,5000
5000,5000,5000,5000,5000,5000,5000,5000,5000,5000,5000,5000,5000,5000,5000,5000,5000,5000,5000,5000,5000,5000,5000,5000,5000,5000,5000,5000,5000,5000,5000,5000,5000,5000,5000,5000,5000
5000,5000,5000,5000,5000,5000,5000,5000,5000,5000,5000,5000,5000,5000,5000,5000,5000,5000,5000,5000,5000,5000,5000,5000,5000,5000,5000,5000,5000,5000,5000,5000,5000,5000,5000,5000,5000
5000,5000,5000,5000,5000,5000,5000,5000,5000,5000,5000,5000,5000,5000,5000,5000,5000,5000,5000,5000,5000,5000,5000,5000,5000,5000,5000,5000,5000,5000,5000,5000,5000,5000,5000,5000,5000
5000,5000,5000,5000,5000,5000,5000,5000,5000,5000,5000,5000,5000,5000,5000,5000,5000,5000,5000,5000,5000,5000,5000,5000,5000,5000,5000,5000,5000,5000,5000,5000,5000,5000,5000,5000,5000
5000,5000,5000,5000,5000,5000,5000,5000,5000,5000,5000,5000,5000,5000,5000,5000,5000,5000,5000,5000,5000,5000,5000,5000,5000,5000,5000,5000,5000,5000,5000,5000,5000,5000,5000,5000,5000
5000,5000,5000,5000,5000,5000,5000,5000,5000,5000,5000,5000,5000,5000,5000,5000,5000,5000,5000,5000,5000,5000,5000,5000,5000,5000,5000,5000,5000,5000,5000,5000,5000,5000,5000,5000,5000
5000,5000,5000,5000,5000,5000,5000,5000,5000,5000,5000,5000,5000,5000,5000,5000,5000,5000,5000,5000,5000,5000,5000,5000,5000,5000,5000,5000,5000,5000,5000,5000,5000,5000,5000,5000,5000
5000,5000,5000,5000,5000,5000,5000,5000,5000,5000,5000,5000,5000,5000,5000,5000,5000,5000,5000,5000,5000,5000,5000,5000,5000,5000,5000,5000,5000,5000,5000,5000,5000,5000,5000,5000,5000
5000,5000,5000,5000,5000,5000,5000,5000,5000,5000,5000,5000,5000,5000,5000,5000,5000,5000,5000,5000,5000,5000,5000,5000,5000,5000,5000,5000,5000,5000,5000,5000,5000,5000,5000,5000,5000
5000,5000,5000,5000,5000,5000,5000,5000,5000,5000,5000,5000,5000,5000,5000,5000,5000,5000,5000,5000,5000,5000,5000,5000,5000,5000,5000,5000,5000,5000,5000,5000,5000,5000,5000,5000,5000
488.74,5000,5000,5000,5000,5000,5000,5000,5000,5000,5000,5000,5000,5000,5000,5000,5000,5000,5000,5000,5000,5000,5000,5000,5000,5000,5000,5000,5000,5000,5000,5000,5000,5000,396.1,5000,5000
5000,5000,5000,5000,5000,5000,5000,5000,5000,5000,5000,5000,5000,5000,5000,5000,5000,5000,5000,5000,5000,5000,5000,5000,5000,5000,5000,5000,5000,5000,5000,5000,5000,5000,5000,5000,5000
5000,159.85,360.65,5000,283.4,5000,5000,272.64,5000,241.85,313.41,230.39,275.96,302.28,303.79,281.22,5000,335.63,5000,5000,462.33,5000,5000,266.83,341.66,265.33,263.4,273.98,5000,5000,5000,267.67,5000,510.39,244.19,5000,5000
5000,5000,5000,5000,5000,5000,5000,5000,5000,5000,5000,5000,5000,5000,5000,5000,5000,5000,5000,5000,5000,5000,5000,5000,5000,5000,5000,5000,5000,5000,5000,5000,5000,5000,5000,5000,5000
519.78,309.38,5000,5000,5000,5000,5000,5000,5000,583.3,5000,576.09,5000,5000,5000,5000,5000,5000,5000,5000,5000,5000,5000,5000,5000,5000,5000,5000,5000,5000,5000,5000,5000,5000,5000,5000,5000
5000,5000,5000,5000,5000,5000,5000,5000,5000,5000,5000,5000,5000,5000,5000,5000,5000,5000,5000,5000,5000,5000,5000,5000,5000,5000,5000,5000,5000,5000,5000,5000,5000,5000,5000,5000,5000
5000,5000,5000,5000,5000,5000,5000,5000,5000,5000,5000,5000,5000,5000,5000,5000,571.86,5000,5000,5000,5000,5000,5000,5000,5000,5000,5000,5000,5000,5000,5000,5000,5000,5000,5000,5000,5000
5000,5000,5000,5000,5000,5000,5000,5000,5000,5000,5000,5000,5000,5000,5000,5000,5000,5000,5000,5000,5000,5000,5000,5000,5000,5000,5000,5000,5000,5000,5000,5000,5000,5000,5000,5000,5000
333.18,5000,5000,5000,5000,5000,5000,5000,5000,5000,290.53,5000,5000,5000,5000,5000,5000,5000,5000,5000,5000,5000,5000,5000,5000,5000,5000,5000,5000,5000,5000,5000,5000,5000,302.75,5000,5000
5000,5000,5000,5000,5000,5000,5000,5000,5000,5000,5000,5000,5000,5000,5000,5000,5000,5000,5000,5000,5000,5000,5000,5000,5000,5000,5000,5000,5000,5000,5000,5000,5000,5000,5000,5000,5000
5000,165.68,410.54,473.75,230.71,503.56,5000,138.68,2669.38,189.21,136.27,154.6,302.95,325.05,322.32,311.69,5000,307.28,439.46,257.86,234.35,263.65,255.3,236.32,215.85,265.56,230.36,209.7,472.36,5000,513.38,193.76,468.71,538.86,230.52,5000,5000
5000,5000,5000,5000,5000,5000,5000,5000,5000,5000,5000,5000,5000,5000,5000,5000,5000,5000,5000,5000,5000,5000,5000,5000,5000,5000,5000,5000,5000,5000,5000,5000,5000,5000,5000,5000,5000
5000,5000,5000,5000,5000,5000,5000,5000,5000,5000,5000,5000,5000,5000,5000,5000,5000,5000,5000,5000,5000,5000,5000,5000,5000,5000,5000,5000,5000,5000,5000,5000,5000,5000,5000,5000,5000
5000,5000,5000,5000,5000,5000,5000,5000,5000,5000,5000,5000,5000,5000,5000,5000,5000,5000,5000,5000,5000,5000,5000,5000,5000,5000,5000,5000,5000,5000,5000,5000,5000,5000,5000,5000,5000
5000,5000,5000,5000,5000,5000,5000,5000,5000,5000,2878.08,5000,5000,5000,5000,5000,597.87,5000,5000,5000,5000,5000,5000,5000,5000,5000,5000,5000,5000,5000,5000,5000,5000,5000,5000,5000,5000
5000,5000,5000,5000,5000,5000,5000,5000,5000,5000,5000,5000,5000,5000,5000,5000,5000,5000,5000,5000,5000,5000,5000,5000,5000,5000,5000,5000,5000,5000,5000,5000,5000,5000,5000,5000,5000
5000,5000,5000,5000,5000,5000,5000,5000,5000,5000,5000,5000,5000,5000,5000,5000,5000,5000,5000,5000,5000,5000,5000,5000,5000,5000,5000,5000,5000,5000,5000,5000,5000,5000,5000,5000,5000
5000,5000,5000,5000,5000,5000,5000,5000,5000,5000,5000,5000,5000,5000,5000,5000,5000,5000,5000,5000,5000,5000,5000,5000,5000,5000,5000,5000,5000,5000,5000,5000,5000,5000,5000,5000,5000
5000,5000,5000,5000,5000,5000,5000,5000,5000,5000,5000,5000,5000,5000,5000,5000,5000,5000,5000,5000,5000,5000,5000,5000,5000,5000,5000,5000,5000,5000,5000,5000,5000,5000,5000,5000,5000
5000,5000,5000,5000,5000,5000,5000,5000,5000,5000,5000,5000,5000,5000,5000,5000,5000,5000,5000,5000,5000,5000,5000,136.67,5000,5000,5000,138.19,5000,5000,5000,5000,5000,5000,5000,5000,5000
5000,5000,5000,5000,5000,5000,5000,5000,2691.86,5000,5000,5000,5000,5000,5000,200.69,5000,5000,5000,5000,5000,5000,5000,5000,5000,5000,145.53,5000,5000,5000,5000,359.86,5000,5000,362.01,5000,5000
601.23,5000,5000,5000,5000,5000,5000,5000,5000,5000,5000,5000,5000,5000,5000,5000,5000,585.65,5000,5000,5000,5000,5000,143.96,212.74,588.95,432.29,5000,5000,5000,5000,418.42,5000,5000,342.68,5000,5000
457.54,459.52,577.28,223.51,504.15,5000,304.91,375.15,447.03,474.57,433.99,5000,5000,62.31,62.07,5000,5000,5000,5000,266.62,5000,268.55,258.97,272.96,348.57,416.3,5000,238.16,215.06,5000,290.71,5000,538.91,5000,254.84,5000,5000
5000,5000,5000,5000,213.6,5000,368.28,356.71,2688.2,5000,5000,235.44,101.5,5000,5000,113.32,5000,5000,119.06,198.84,5000,199.28,197.93,381.25,297.91,345.62,376.29,5000,601.6,429.01,5000,391.36,5000,156.54,526.09,5000,5000
5000,5000,5000,5000,5000,5000,5000,5000,5000,5000,5000,5000,5000,5000,5000,5000,5000,5000,5000,5000,5000,5000,5000,5000,5000,5000,5000,5000,5000,5000,5000,5000,5000,5000,5000,5000,5000
5000,5000,5000,5000,5000,5000,5000,5000,5000,5000,5000,5000,5000,5000,5000,5000,269.2,5000,5000,5000,5000,5000,5000,5000,5000,5000,5000,5000,5000,5000,5000,5000,5000,5000,5000,5000,5000
5000,5000,5000,5000,5000,5000,5000,5000,5000,5000,486.72,5000,5000,5000,5000,5000,5000,5000,511.7,5000,5000,5000,5000,5000,5000,5000,5000,5000,5000,5000,5000,5000,5000,5000,5000,5000,5000
5000,5000,5000,5000,480.7,5000,5000,287.73,237.41,5000,5000,5000,5000,5000,5000,5000,341.21,5000,5000,5000,5000,5000,5000,5000,460.96,602.76,342.42,5000,543.37,5000,453.06,5000,5000,5000,533.37,5000,5000
95.45,5000,5000,5000,134.11,5000,5000,312.64,5000,5000,514.06,293.35,5000,442.47,442.08,5000,12.95,5000,5000,227.6,5000,227.34,222.6,5000,218.21,173.84,112.58,211.67,5000,520.66,191.69,216.99,473.54,5000,618.43,5000,5000
5000,306.67,458.36,5000,34.24,5000,5000,242.59,5000,101.05,5000,231.56,5000,5000,5000,273.32,225.24,39.85,5000,5000,5000,5000,5000,86.55,5000,179.1,5000,305.32,162.92,264.08,575.51,537.82,5000,528.82,5000,5000,5000
5000,5000,5000,5000,5000,5000,5000,5000,5000,5000,5000,5000,5000,5000,5000,5000,5000,5000,5000,5000,5000,5000,5000,5000,5000,5000,5000,5000,5000,5000,5000,5000,5000,5000,5000,5000,5000
5000,5000,5000,5000,5000,5000,5000,5000,5000,5000,5000,5000,5000,5000,5000,5000,5000,5000,5000,5000,5000,5000,5000,5000,5000,5000,5000,5000,5000,5000,5000,5000,5000,5000,5000,5000,5000
351.43,5000,5000,5000,5000,5000,5000,5000,5000,5000,5000,5000,5000,5000,5000,5000,5000,5000,5000,5000,3243.63,5000,2601.95,5000,5000,5000,5000,5000,5000,5000,5000,5000,5000,5000,5000,5000,5000
5000,5000,5000,5000,5000,5000,489.55,5000,5000,5000,5000,587.79,5000,5000,5000,5000,5000,5000,5000,5000,5000,5000,5000,5000,267.95,482.56,5000,282.9,5000,5000,5000,404,5000,5000,5000,5000,5000
5000,507.29,510.74,622.81,334.02,5000,446.17,405.57,233.78,186.14,5000,5000,5000,5000,5000,447.96,5000,5000,414.17,5000,1404.99,5000,5000,5000,381.59,196.48,1272.61,5000,5000,307.35,5000,5000,463.08,5000,188.55,5000,5000
62,36.08,88.95,59.2,63.12,110.06,115.09,91.02,80.42,106.61,5000,96.7,116.36,5000,5000,5000,177.05,5000,73.71,97.42,95.82,100.12,94.86,90.55,96.54,97.76,99.72,92.06,84.05,102.4,111.79,94.15,152.55,5000,44.04,5000,5000
5000,5000,5000,5000,5000,5000,5000,5000,5000,5000,5000,5000,5000,5000,5000,5000,5000,5000,5000,5000,5000,5000,5000,5000,5000,5000,5000,5000,5000,5000,5000,5000,5000,5000,5000,5000,5000
5000,127.67,322.65,146.53,5000,5000,5000,5000,5000,603.72,5000,530.43,505.44,5000,5000,5000,5000,461.81,166.98,2529.21,2102.39,2538.5,2516.3,2661.87,5000,5000,2515.06,2642.98,473.34,5000,5000,2655.48,5000,382.51,5000,5000,5000
5000,5000,5000,5000,5000,5000,5000,5000,5000,5000,5000,5000,5000,5000,5000,5000,5000,5000,5000,5000,5000,5000,5000,5000,5000,5000,5000,5000,5000,5000,5000,5000,5000,5000,5000,5000,5000
1.79,1.09,60.45,31.29,6.13,213.08,6.74,4.36,43.04,8.93,61.64,66.66,52.72,74.28,74.66,52.31,2.65,6.8,38.13,12.55,16.6,12.6,12.34,5.41,45.2,44.01,4.21,5.43,47.38,5.94,4.8,31.67,6.77,38.58,3.31,5000,5000
0.42,0.68,5000,23.08,0.16,600.75,4.05,11.35,61.09,570.49,135.03,246.66,68.2,53.54,53.19,68.96,5000,194.25,6.09,5.21,23.18,5.21,5.28,5.91,34.26,32.93,5.32,5.9,25.33,13.77,3.91,39.63,369.79,154.8,0.34,452.3,5000
36.73,29.31,27.19,23.51,20.97,57.44,80.84,31.07,62.77,16.85,31.04,53.52,56.97,37.58,37.68,57.23,22.94,46.96,81.34,35.01,37,39.85,39.57,36.93,26.75,31.98,33.05,37.3,285.68,54.07,18.41,15.58,63.83,57.63,26.17,347.01,5000
5000,5000,5000,5000,5000,5000,5000,5000,5000,5000,5000,5000,5000,5000,5000,5000,5000,5000,5000,5000,5000,5000,5000,5000,5000,5000,5000,5000,5000,5000,5000,5000,5000,86.93,5000,279.85,5000
5000,5000,385.89,5000,5000,5000,5000,5000,5000,5000,5000,5000,5000,5000,5000,5000,5000,5000,5000,5000,5000,5000,5000,5000,5000,5000,5000,5000,5000,5000,5000,5000,5000,8.75,5000,255.32,5000
5000,5000,5000,5000,5000,5000,5000,5000,5000,5000,5000,5000,5000,5000,5000,5000,5000,5000,5000,5000,5000,5000,5000,5000,306.78,5000,5000,5000,5000,5000,5000,5000,5000,57.48,5000,425.16,5000
5000,5000,5000,5000,5000,5000,5000,5000,5000,5000,5000,5000,5000,5000,5000,5000,5000,5000,5000,5000,5000,5000,5000,5000,5000,5000,5000,5000,5000,5000,5000,5000,5000,5000,5000,5000,5000
5000,5000,5000,5000,5000,5000,5000,5000,5000,5000,5000,5000,5000,5000,5000,5000,5000,5000,5000,5000,5000,5000,5000,5000,5000,5000,5000,5000,5000,437.38,5000,5000,5000,243.16,5000,449.11,5000
19.22,61.18,178.55,67.76,41.32,70.59,48.36,40.43,171.44,44.49,42.42,44.48,50.02,58.42,58.51,49.3,44.43,43.98,276.86,47.99,49.65,49,47.88,40.32,46.86,46.96,42.5,41.49,62.56,46.73,42.12,45.67,36.02,79.13,43.87,5000,5000
5000,5000,5000,442.97,5000,5000,5000,5000,5000,5000,5000,5000,5000,5000,5000,5000,5000,5000,5000,5000,5000,5000,5000,5000,5000,5000,5000,5000,5000,5000,5000,5000,5000,5000,5000,5000,5000
5000,5000,5000,5000,5000,5000,5000,5000,5000,5000,5000,5000,5000,5000,5000,5000,5000,5000,5000,5000,5000,5000,5000,5000,5000,5000,5000,5000,5000,5000,5000,5000,5000,5000,5000,5000,5000
5000,5000,5000,5000,5000,5000,5000,5000,5000,5000,5000,5000,5000,5000,5000,5000,5000,5000,5000,5000,5000,5000,5000,5000,5000,5000,5000,5000,5000,5000,5000,5000,5000,5000,5000,5000,5000
5000,5000,5000,5000,5000,5000,5000,5000,5000,5000,5000,5000,5000,5000,5000,5000,5000,5000,5000,5000,5000,5000,5000,5000,5000,5000,5000,5000,5000,5000,5000,5000,5000,5000,5000,5000,5000
576.35,5000,5000,5000,5000,5000,5000,85.81,5000,5000,5000,5000,5000,5000,5000,5000,5000,5000,5000,5000,5000,5000,5000,5000,5000,5000,5000,5000,5000,5000,5000,5000,5000,5000,5000,5000,5000
5000,5000,5000,516.83,5000,5000,189.7,77.62,2543.89,324.56,5000,5000,292.85,5000,5000,297.77,5000,5000,5000,129.45,53.63,5000,5000,174.63,65.24,126.5,194.27,175.67,5000,473.04,193.14,156.45,5000,5000,343.49,5000,5000
5000,5000,5000,185.38,562.8,5000,5000,249.79,2590.01,5000,5000,5000,5000,5000,5000,5000,5000,5000,5000,293.11,270.43,299.93,290.93,101.51,114.58,131.56,284.51,106.58,5000,233.04,67.41,100.92,5000,5000,271.04,5000,5000
51.09,38.48,44.13,0.05,7.23,5000,18.42,8.22,1146.13,0.14,21.88,246.75,221.98,211.54,211.4,223.71,117.57,85.54,5000,11.08,11.92,24.22,23.44,10.38,15.15,15.14,9.66,10.83,62.82,13.97,8.31,7.78,105.81,253.85,4.67,5000,5000
1.44,1.36,5000,30.6,424.58,5000,448.16,26.19,2489.2,297.25,5000,5000,5000,5000,5000,5000,5000,5000,8.42,122.54,0.58,5000,5000,84.32,57.64,117.74,0.38,84.89,0.47,0.41,76.67,52.95,5000,1.48,276.56,418.42,5000
104.76,5000,5000,218.84,5000,5000,592.97,5000,5000,615.76,5000,5000,5000,5000,5000,5000,5000,5000,5000,265.74,140.92,5000,5000,279.6,382.16,263.6,141.1,5000,5000,111.24,211.87,5000,5000,5000,5000,5000,5000
0.71,0.93,5000,4.67,493.9,5000,5000,275.18,2656.08,5000,5000,5000,5000,5000,5000,5000,5000,5000,4.79,5000,5000,5000,5000,141.58,81.09,55.4,5000,107.95,5000,537.02,523.38,192.14,5000,5000,543.32,5000,5000
168.96,5000,5000,222.7,5000,5000,5000,5000,5000,5000,5000,5000,5000,5000,5000,5000,5000,5000,5000,5000,184.63,5000,5000,5000,5000,262.49,182.94,5000,5000,5000,5000,5000,5000,5000,526.81,5000,5000
1.86,1.24,5000,0.39,5000,110.31,351.67,68.01,2490.11,5000,5000,5000,5000,5000,5000,5000,5000,5000,12.65,0.77,0.56,0.76,0.77,0.71,362.75,205.18,220.09,0.71,537.21,265.75,159.21,229.98,5000,1.37,5000,404.47,5000
116.09,5000,5000,239.48,248.65,5000,5000,5000,2612.85,289.5,5000,5000,5000,5000,5000,5000,5000,5000,5000,66.21,78.52,280.62,280.88,152.33,168.04,159.07,157.32,171.8,5000,118.26,445.46,178.95,5000,5000,316.48,5000,5000
0.55,1.04,311.69,34.06,50.49,5000,37.99,20.1,2489.38,153.83,116.88,358.29,566.84,5000,5000,567.91,156.56,78.61,4.93,15.04,0.57,32.42,31.88,20.93,35.04,33.91,18.41,20.67,102.04,34.15,26.46,23.07,553.77,1.63,49.08,397.29,5000
71.53,596.06,102.76,33.13,17.29,5000,34.06,11.21,1917.1,30.34,27.61,47.91,275.86,97.29,97.81,280.49,20.47,96.69,474.13,9.36,11.02,48.92,48.85,17.78,21.73,16.49,9.97,18.1,11.93,6.17,22.67,12.37,5000,359.23,26.22,5000,5000
9.74,24.72,97.92,45.51,8.19,583.82,15.75,8.46,2491.18,2.7,137.77,362.91,332.9,425.71,437.1,340,210.93,282.23,324.9,11.92,8.2,11.9,11.78,11.13,22.73,15.02,10.56,11.17,87.91,14.07,14.35,10.71,71.96,248.07,17.17,5000,5000
95,5000,601.46,120.05,50.9,5000,93.81,72.74,2491.68,44.29,269.68,289.91,318.27,5000,5000,321.83,440.36,286.06,500.35,49.5,31.81,108.41,107.29,31.83,35.24,57.45,72.57,32.19,279.69,39.34,109.57,33.07,248.69,156.15,45.39,5000,5000
613.78,5000,5000,5000,5000,5000,5000,5000,5000,5000,5000,5000,5000,5000,5000,5000,5000,5000,5000,5000,5000,5000,5000,257.78,420.85,5000,131.73,254.49,5000,5000,5000,5000,5000,5000,5000,5000,5000
5000,5000,5000,350.48,5000,96.69,133.16,5000,2610.99,5000,5000,5000,5000,5000,5000,5000,5000,5000,5000,5000,1.35,5000,5000,280.12,123.22,135.71,5000,5000,2.85,90.55,172.35,9.55,5000,5000,5000,5000,5000
5000,5000,5000,5000,5000,5000,5000,5000,5000,5000,5000,5000,5000,5000,5000,5000,5000,5000,5000,223.08,5000,5000,5000,5000,325.71,514.25,5000,5000,5000,5000,5000,5000,5000,5000,5000,5000,5000
142.66,1.64,5000,187.45,147.52,5000,53.35,158.99,2526.55,115.24,517.5,520.12,5000,5000,5000,5000,425.8,5000,61.85,110.93,144.11,146.49,144.69,89.22,98.31,97.94,134.61,89.51,422.6,126.83,118.32,85.77,3.09,8.13,171.82,5000,5000
5000,5000,5000,311.48,5000,5000,5000,5000,5000,5000,5000,5000,5000,5000,5000,5000,5000,5000,5000,5000,109.1,249.5,250.95,256,5000,334.21,5000,5000,5000,5000,5000,5000,5000,5000,579.09,5000,5000
425.55,5000,5000,5000,5000,5000,5000,294.82,5000,5000,5000,5000,5000,5000,5000,5000,5000,5000,5000,304.28,5000,288.59,291.2,188.95,320.47,124.48,294.31,5000,5000,5000,166.49,121.45,5000,5000,5000,5000,5000
5000,5000,5000,5000,5000,5000,227.12,5000,5000,5000,5000,5000,5000,178.47,179.42,5000,5000,66.74,5000,5000,273.03,5000,5000,5000,5000,5000,5000,5000,413.38,5000,5000,5000,5000,5000,604.31,2.62,5.95
5000,5000,5000,179.15,40.08,5000,356.99,5000,3477.23,5000,5000,5000,5000,5000,5000,5000,5000,5000,5000,5000,5000,5000,5000,5000,307.32,5000,5000,5000,5000,5000,5000,5000,544.36,5000,5000,7.07,8.55
5000,5000,5000,457.64,222.06,5000,5000,252.11,5000,211.56,5000,5000,5000,223.75,223.5,5000,26.15,5000,5000,5000,232.84,5000,5000,232.05,580.08,111.16,5000,285.3,5000,5000,116.14,5000,299.63,5000,5000,1.98,5.45
5000,5000,5000,5000,37.44,382.33,39.86,5000,5000,57.61,5000,5000,415.7,166.42,166.16,424.11,5000,253.82,5000,5000,5000,5000,5000,5000,221.25,243.05,5000,5000,50.26,5000,237.18,5000,103.39,5000,5000,1.96,40.59
5000,5000,5000,84.38,219.47,5000,163.17,5000,5000,5000,5000,5000,5000,5000,5000,5000,5000,5000,5000,199.93,5000,1927.13,1935.65,5000,5000,5000,5000,5000,5000,354.55,192.93,225.16,81.7,5000,308.71,1.95,1.73
5000,5000,5000,5000,49.19,5000,207.47,5000,5000,43.77,5000,5000,5000,5000,5000,5000,5000,423.1,267.37,50.86,157.18,5000,5000,176.27,346.15,589.54,5000,5000,133.88,490.89,124.86,192.78,88.04,5000,5000,1.81,24.62
5000,5000,46.88,5000,42.95,5000,123.96,5000,2647.52,38.02,5000,5000,370.63,388.52,388.57,375.56,5000,351.16,5000,5000,5000,5000,5000,34.64,5000,5000,5000,35.37,148.02,199.24,42.66,139.12,114.77,5000,5000,1.82,9.09
413.25,5000,92.43,47.15,46.16,5000,184.09,603.42,5000,144.86,158.28,379.61,47.82,5000,5000,47.61,5000,292.62,5000,91.22,5000,251.64,246.98,5000,82.08,18.1,241.46,5000,5000,17.85,50.49,5000,138.72,144.08,315.31,1.83,2.99
409.38,5000,522.25,466.55,61.68,5000,69.29,5000,176.87,1.97,5000,340.04,5000,126.39,126.34,5000,94.01,287.37,605.02,175.22,73.66,262.44,256.85,16.97,200.48,5000,5000,17.03,96.55,17.53,81.2,50.06,189.37,65.69,5000,1.79,16.8
135.29,5000,29.13,562.43,26.07,5000,80.27,5000,5000,3.33,201.24,384.94,24.47,61.65,61.52,24.46,78.88,99.35,5000,35.12,258.22,302.04,297.42,5000,438.98,542.86,37.63,287,96.19,129.87,75.3,34.15,148.06,5000,157.86,1.65,8.28
137.34,5000,16.77,234,21.63,5000,45.47,5000,2559.81,33.01,24.37,245.18,262.7,26.02,26.52,264.39,149.18,96.13,5000,35.45,5000,20.32,19.92,270.83,5000,41.63,252.75,73.56,166.66,77.75,0.46,93.76,70.63,251.58,5000,1.93,3.02
389.02,5000,145.28,335.24,77.65,5000,48.14,132.04,5000,262.01,108.02,35.03,44.65,231.76,231.29,44.44,28.15,128.35,5000,419.19,296.72,5000,5000,3.42,147.92,5000,5000,3.42,16.71,69.82,216.74,173.15,10.84,309.66,483.64,1.68,2.27
5000,5000,5000,5000,526.04,335.54,5000,5000,5000,304.76,5000,5000,5000,5000,5000,5000,20,319.58,5000,5000,5000,5000,5000,5000,5000,175.35,5000,5000,5000,5000,226.46,5000,5000,5000,5000,2.75,2.48
5000,5000,5000,5000,5000,5000,562.36,5000,5000,188.8,5000,5000,5000,5000,5000,5000,5000,5000,5000,5000,5000,5000,5000,5000,5000,5000,5000,5000,5000,5000,596.38,5000,5000,5000,5000,2.28,5.54
5000,5000,5000,91.89,111.74,5000,242.86,107.29,5000,157.14,5000,5000,5000,23.65,23.69,5000,429.02,5000,5000,5000,5000,5000,5000,5000,5000,5000,5000,5000,5000,5000,485.7,5000,288.4,5000,5000,6.13,1.07
5000,5000,5000,43.5,302.49,5000,542.82,5000,852,446.36,5000,5000,5000,5000,5000,5000,5000,5000,5000,5000,5000,5000,5000,5000,5000,589.13,5000,193.08,5000,5000,209.18,5000,5000,5000,5000,2.35,29.29
5000,5000,5000,5000,5000,5000,5000,168.15,2087.21,5000,5000,5000,5000,5000,5000,5000,535.54,5000,5000,176.26,5000,5000,5000,5000,341.22,5000,5000,5000,5000,147.14,536.13,5000,201.02,5000,5000,2.44,8.24
5000,5000,5000,5000,385.72,5000,369.04,5000,5000,5000,5000,5000,5000,86.98,85.67,5000,5000,5000,5000,5000,5000,5000,5000,5000,112.21,5000,5000,5000,5000,5000,5000,52.35,346.83,5000,5000,2.09,1.2
5000,5000,5000,5000,588.57,5000,5000,5000,4379.42,5000,5000,227.42,5000,5000,5000,5000,5000,5000,5000,5000,5000,109.68,106.85,5000,49.9,122.75,5000,5000,5000,5000,230.55,5000,95.7,5000,5000,2.19,10.06
5000,5000,5000,5000,108.92,5000,491.17,5000,5000,5000,349.91,5000,5000,5000,5000,5000,5000,5000,5000,619.66,5000,82.09,80.09,5000,384.48,5000,5000,5000,89.87,5000,109.79,5000,98.4,5000,5000,2.15,28.01
5000,5000,5000,5000,5000,5000,5000,5000,5000,5000,5000,5000,5000,5000,5000,5000,5000,5000,5000,5000,5000,5000,5000,5000,5000,5000,5000,5000,5000,5000,5000,5000,5000,5000,5000,5000,5000
5000,5000,5000,5000,5000,5000,5000,5000,5000,5000,5000,5000,5000,5000,5000,5000,5000,5000,5000,5000,5000,5000,5000,5000,5000,5000,5000,5000,5000,5000,5000,5000,5000,5000,5000,5000,5000
5000,1941.08,819.79,3334.16,707.41,1137.2,1180.86,2675.81,245.41,3878.84,357.92,1155.18,1260.69,635.23,653.88,620.62,3405.01,1555.38,900.17,2815.97,2993.22,2757.57,2711.73,2557.34,5000,5000,2767.83,2744.42,1059.41,1424.35,871.59,2975.64,3204.68,737.06,5000,1938.11,5000
5000,5000,595.51,5000,5000,5000,5000,5000,5000,5000,445.98,5000,5000,5000,5000,5000,5000,5000,289.49,5000,5000,5000,5000,5000,5000,5000,5000,5000,5000,5000,5000,5000,5000,5000,5000,5000,5000
5000,5000,5000,5000,5000,5000,5000,5000,5000,5000,5000,5000,5000,5000,5000,5000,5000,5000,5000,5000,5000,5000,5000,5000,5000,5000,5000,5000,5000,5000,5000,5000,5000,5000,5000,5000,5000
5000,5000,5000,5000,5000,5000,5000,5000,5000,5000,5000,5000,5000,5000,5000,5000,5000,5000,5000,5000,5000,5000,5000,5000,5000,5000,5000,5000,5000,5000,5000,5000,5000,5000,5000,5000,5000
291.1,130.5,279.5,230.99,452.14,5000,293.48,84.07,594.58,326.03,315.18,578.61,333.51,476.19,476.67,5000,214.79,5000,310.13,260.7,5000,260.05,259.31,249.48,574.65,401.75,247.2,249.62,281,307.95,212.53,195.62,449.19,290.08,109.62,5000,5000
5000,5000,5000,5000,5000,5000,5000,5000,5000,5000,5000,5000,5000,5000,5000,5000,5000,5000,5000,5000,5000,5000,5000,5000,5000,5000,5000,5000,5000,5000,5000,5000,5000,5000,5000,5000,5000
2097.09,5000,1061.48,964.63,2109.13,5000,2522.51,4368.63,2803.05,1719.02,205.36,2691.25,1372.4,3236.63,3140.25,2966.39,2997.82,3212.42,860.04,1313.49,2497.67,1324,1336.48,1252.28,555.39,552.24,126.86,1598.3,623.2,1047.6,925.19,591.85,1155.16,809.37,515.48,3086.13,5000
5000,5000,5000,5000,5000,5000,5000,5000,5000,5000,5000,5000,5000,5000,5000,5000,5000,5000,5000,5000,5000,5000,5000,5000,5000,5000,5000,5000,5000,5000,5000,5000,5000,5000,5000,5000,5000
5000,5000,5000,5000,5000,5000,5000,5000,5000,5000,5000,5000,5000,5000,5000,5000,5000,5000,5000,5000,5000,5000,5000,5000,5000,5000,5000,5000,5000,5000,5000,5000,5000,5000,5000,5000,5000
5000,5000,5000,5000,5000,5000,5000,5000,5000,5000,364.47,5000,5000,5000,5000,5000,5000,5000,5000,5000,5000,5000,5000,5000,5000,5000,5000,5000,5000,5000,5000,5000,5000,5000,5000,5000,5000
138.77,98.69,222.8,99.6,173.04,405.98,223.77,161.59,234.38,292.75,317.12,298.74,365,439.28,453.62,335.53,461.82,301.83,151.03,142.53,138.68,139.59,138.71,150.95,214.8,188.24,163.83,150.13,223.24,220.58,207.01,184,476.6,486.1,117.57,5000,5000
174.85,88.85,229.68,95.99,225.22,331.65,215.69,163.44,203.2,292.31,273.95,274.12,310.48,427.55,434.94,316.04,314.88,352.24,142.68,126.07,131.53,125.69,127.18,146.08,159.69,162.66,146.19,146.9,240.13,206.36,179.91,165.67,5000,5000,136.24,5000,5000
191.37,100.5,246.07,93.99,185.25,384.19,217.09,185.89,269.31,280.8,324.86,373.11,321.72,490.13,503.46,372.31,482.74,5000,148.77,148.57,133.79,146.46,145.17,147.86,170.2,165.85,156.73,150.61,225.95,219.96,204.76,164.53,5000,5000,108.85,5000,5000
127.91,93.5,281.76,100.1,193.74,324.66,241.05,163.14,234.57,303.02,265.18,330.6,294.14,339.45,339.36,290.92,555.01,300,152,141.62,145.3,137.3,136.85,156.87,178.97,179.45,158.24,164.71,219.86,211.18,202.02,164.05,622.19,5000,115.46,5000,5000
126.09,100.48,272.09,97.36,191.92,395.67,251.43,186.26,228.78,295.12,276.21,266.03,281.57,438.29,437.99,374.59,463.33,365.52,143.76,140.66,146.41,145,139.64,156.31,156.99,174.42,162.48,157.86,218.03,224.48,196.58,172.58,5000,5000,123.85,5000,5000
295.58,116.53,254.95,97.61,226.88,356.83,237.38,169.64,254.02,304.84,295.97,343.39,312.68,447.71,447.61,369.65,569.4,5000,155.67,143.02,148.05,143.01,142.14,161.96,183.42,172.87,160.34,161.4,226.16,228.32,198.72,175.63,5000,5000,121.63,5000,5000
266.4,108.41,286.4,102.53,256.95,344.84,237.15,175.5,245.97,377.17,264.96,313.08,343.54,368.61,369.87,314.45,345.8,334.22,146.23,140.14,136.18,139.96,139.34,153.33,165.46,165.42,164.98,153.75,223.37,227.77,186.61,163.38,5000,375.91,117.18,5000,5000
272.93,5000,5000,5000,5000,5000,5000,5000,5000,5000,292.68,5000,5000,5000,5000,5000,5000,5000,5000,5000,5000,5000,5000,5000,482.57,5000,5000,5000,5000,5000,5000,5000,5000,5000,305.88,5000,5000
5000,172.28,389.54,353.15,217.82,523.83,5000,133.88,2617.33,177.94,117.85,128.55,259.27,291.78,292.25,271.52,5000,285.29,503.12,271.19,221.13,268.68,260.11,194.92,189.25,170.09,211.38,205.7,458.32,5000,488.44,234.15,369.18,556.94,566.6,5000,5000
5000,5000,5000,5000,5000,5000,5000,5000,5000,5000,5000,5000,5000,5000,5000,5000,5000,5000,5000,5000,5000,5000,5000,5000,5000,5000,5000,5000,5000,5000,5000,5000,5000,5000,5000,5000,5000
5000,301.03,5000,5000,592.5,5000,5000,5000,5000,555.09,284.24,394.36,5000,5000,5000,5000,5000,5000,5000,5000,5000,5000,5000,5000,477.87,458.6,5000,5000,5000,5000,5000,5000,5000,5000,355.49,5000,5000
5000,5000,5000,5000,5000,5000,5000,5000,5000,5000,5000,5000,5000,5000,5000,5000,5000,5000,5000,5000,5000,5000,5000,5000,5000,5000,5000,5000,5000,5000,5000,5000,5000,5000,5000,5000,5000
5000,5000,5000,5000,5000,5000,5000,5000,5000,5000,5000,5000,5000,5000,5000,5000,5000,5000,5000,5000,5000,5000,5000,5000,5000,5000,5000,5000,5000,5000,5000,5000,5000,5000,5000,5000,5000
239.6,5000,547.64,5000,183.12,5000,281.1,252.67,1289.85,225.95,498.51,303.85,341.65,301.05,306.99,343.3,304.05,247.39,5000,5000,285.74,257.67,248.17,228.37,326.74,236.34,293.64,5000,611.17,559.74,307.54,542.8,5000,324.31,256.84,5000,5000
185.45,459.09,366.95,5000,88.4,514.84,386.67,217.14,744.16,159.46,347.24,199.25,191.31,191.28,191.16,211.59,200.12,195.3,5000,238.95,143.45,264.47,260.96,225.43,215.58,325.63,291.38,191.73,350.2,259.94,303.72,115.35,5000,234.01,218.42,5000,5000
148.08,22.03,528.41,5000,13.7,173.18,613.66,57.98,666.2,97.37,7.26,298.33,249.91,26.1,26.88,257.76,179.48,33.85,152.59,28.16,21.78,35.15,34.82,31.88,171.66,254.27,101.68,41.71,13.18,53.74,101.98,45.68,206.17,46.37,9.3,5000,5000
330.96,5000,515.06,5000,206.87,5000,5000,5000,1197.93,192.48,368.66,333.56,219.61,265.99,265.72,262.8,260.21,297.1,5000,266.32,613.37,304.1,291.46,271.18,352.51,371.27,481.47,488.24,5000,545.13,366.2,142.88,5000,328.02,401.97,5000,5000
5000,5000,5000,5000,392.95,5000,5000,5000,2529.27,5000,5000,5000,5000,5000,5000,5000,5000,5000,5000,5000,5000,5000,5000,5000,5000,348.92,5000,5000,5000,480.1,5000,5000,5000,5000,577.02,5000,5000
197.5,342.57,324.01,5000,117.56,5000,277.43,231.65,1000.35,143.64,239.56,180.18,174.86,207.38,205.8,243.95,215.05,170.2,5000,157.24,254.95,142.49,141.21,284.68,125.41,119.04,249.44,299.26,440.01,289.72,273.37,132.34,5000,234.73,231.62,5000,5000
5000,5000,5000,5000,372.27,5000,5000,5000,2539.29,496.53,5000,5000,5000,5000,5000,5000,599.25,5000,5000,5000,5000,5000,5000,5000,338.47,299.15,5000,5000,5000,499.55,361.68,308.41,5000,5000,5000,5000,5000
298.01,517.84,371.35,5000,130.97,5000,570.59,181.96,602.33,196.35,388.72,272.84,224.01,242.17,235.79,245.84,214.97,231.24,5000,226.79,205.39,226.82,226.28,196.28,267.34,276.9,216.85,225.03,384.7,194.48,175.62,183.38,287.89,288.27,271.72,5000,5000
419.73,5000,429.29,5000,144.45,5000,5000,238.44,1039.76,218.76,437.31,365.06,310.63,315.5,324.04,309.35,332.75,311.06,5000,268.53,277.28,288.51,278.5,245.76,264.63,259.75,245.36,236.62,408.09,237.6,223.97,227.37,5000,341.82,307.89,5000,5000
394.43,5000,431.97,5000,153.41,5000,495.26,208.23,1005.41,215.31,436.88,331.6,312.73,286.78,292.42,329.21,259.27,312.7,5000,211.89,271.46,236.63,234.07,232.59,243.6,260.77,226.16,233.31,393.03,223.4,173.53,179.22,506.27,377.04,267.76,5000,5000
313.42,498.26,332.6,5000,112.48,5000,382.24,178.28,713.28,193.07,329.96,220.86,227.06,216.51,216.29,220.14,231.62,242.94,5000,195.23,191.09,186.87,185.34,199.76,226.78,220.92,195.32,212.43,256.32,131.65,173.44,157.4,312.63,294.44,206.95,5000,5000
5000,5000,5000,5000,5000,5000,5000,5000,5000,5000,5000,5000,5000,5000,5000,5000,5000,5000,5000,5000,5000,5000,5000,5000,5000,5000,5000,5000,5000,5000,5000,5000,5000,5000,342.73,5000,5000
5000,5000,5000,5000,5000,5000,5000,5000,5000,5000,5000,5000,5000,5000,5000,5000,5000,5000,5000,5000,5000,5000,5000,5000,5000,5000,5000,5000,5000,5000,5000,5000,5000,5000,5000,5000,5000
5000,5000,5000,5000,5000,5000,5000,5000,5000,5000,5000,5000,5000,5000,5000,5000,5000,5000,5000,5000,5000,5000,5000,5000,5000,5000,5000,5000,5000,5000,5000,5000,5000,5000,5000,5000,5000
421.12,9.48,5000,5000,5000,5000,9.12,5000,106.04,5000,203.32,1.81,5000,5000,5000,5000,159.55,163.09,5000,5000,5000,5000,5000,5000,5000,5000,87.74,288.68,174.08,245.28,5000,141.81,13.74,242.44,543.49,183.67,5000
5000,5000,5000,5000,5000,5000,5000,5000,5000,5000,5000,5000,5000,5000,5000,5000,5000,5000,5000,5000,5000,5000,5000,5000,5000,5000,5000,5000,5000,5000,5000,5000,5000,5000,5000,5000,5000
5000,5000,5000,5000,5000,5000,5000,5000,5000,5000,5000,5000,5000,5000,5000,5000,5000,5000,5000,5000,5000,5000,5000,5000,5000,5000,5000,5000,5000,5000,5000,5000,5000,5000,5000,5000,5000
497.19,5000,5000,5000,5000,5000,5000,5000,5000,5000,5000,5000,5000,5000,5000,5000,5000,5000,5000,5000,5000,5000,5000,5000,5000,5000,5000,221.79,5000,5000,5000,5000,5000,5000,5000,20.08,5000
358.3,5000,5000,5000,5000,5000,555.39,5000,5000,5000,5000,5000,5000,5000,5000,5000,5000,5000,5000,5000,5000,5000,5000,5000,513.79,249.76,171.9,5000,5000,5000,117.05,5000,5000,5000,5000,269.18,5000
5000,5000,5000,5000,5000,5000,5000,5000,5000,5000,5000,5000,5000,5000,5000,5000,5000,5000,5000,5000,5000,5000,5000,5000,5000,5000,5000,5000,5000,5000,5000,5000,5000,5000,5000,5000,5000
5000,5000,5000,5000,5000,5000,5000,5000,5000,5000,5000,5000,5000,5000,5000,5000,5000,5000,5000,5000,5000,5000,5000,5000,5000,5000,5000,5000,5000,5000,5000,5000,5000,5000,5000,5000,5000
5000,124.75,5000,246.2,5000,5000,86.77,240.86,2696.01,5000,5000,5000,5000,5000,5000,5000,5000,5000,5000,318.01,5000,5000,5000,281.61,276.14,241.38,209.23,5000,203.98,75.48,143.33,275.41,305.68,5000,5000,127.22,5000
5000,5000,5000,5000,5000,5000,5000,5000,3222.69,5000,5000,5000,5000,5000,5000,5000,5000,5000,5000,5000,5000,5000,5000,5000,469.95,5000,5000,5000,5000,5000,613.97,5000,5000,5000,5000,339.02,5000
524.78,5000,5000,215.4,5000,5000,5000,39.25,2578.28,5000,331.44,5000,5000,5000,5000,5000,5000,5000,5000,5000,260.57,5000,5000,5000,596.99,261.66,5000,5000,381.13,5000,5000,5000,381.17,5000,488.29,5000,5000
5000,5000,5000,5000,5000,5000,548.29,5000,5000,495.36,5000,5000,5000,5000,5000,5000,5000,5000,5000,5000,3143.88,5000,5000,5000,5000,5000,2808.51,5000,5000,5000,5000,5000,5000,5000,5000,5000,5000
5000,5000,5000,5000,5000,5000,5000,5000,5000,5000,409.11,5000,5000,5000,5000,5000,5000,5000,5000,5000,5000,5000,5000,5000,5000,5000,5000,5000,5000,5000,5000,5000,5000,5000,5000,5000,5000
345.92,13.7,5000,50.18,5000,5000,486.9,68.62,56.45,5000,140.51,33.91,5000,5000,5000,5000,280.4,5000,249.43,250.18,31.67,249.69,246.3,126.68,44.37,114.72,55.91,139.03,439.38,5000,78.62,183.59,216.95,585.89,165.22,5000,5000
5000,5000,5000,31.48,5000,5000,5000,547.16,5000,5000,5000,5000,5000,5000,5000,5000,2.67,5000,5000,572.41,607.91,572.2,5000,5000,371.14,346.87,310.86,5000,82.39,603.31,300.56,100.71,5000,5000,5000,5000,5000
5000,5000,5000,5000,5000,5000,5000,5000,5000,5000,5000,5000,5000,5000,5000,5000,5000,5000,5000,5000,5000,5000,5000,5000,5000,5000,5000,5000,5000,5000,5000,5000,5000,5000,56.18,5000,5000
308.36,5000,5000,51.74,586.44,101.22,103.94,495.5,2692.47,5000,5000,203.34,80.32,191.78,191.86,5000,482.99,5000,5000,172.06,128.2,167.94,160.94,109.72,103.57,195.72,95.45,102.06,344.22,5000,491.35,181.9,5000,467.98,187.46,5000,5000
5000,5000,5000,5000,5000,5000,5000,5000,5000,5000,5000,5000,5000,5000,5000,5000,5000,5000,5000,5000,5000,5000,5000,5000,459.92,5000,5000,5000,5000,5000,5000,5000,5000,5000,5000,5000,5000
5000,5000,5000,5000,410.52,5000,5000,5000,5000,469.3,414.14,379.43,436.16,356.43,356.62,5000,5000,411.16,5000,918.45,1313.88,5000,1247.24,1112.84,5000,5000,989.29,990.1,5000,5000,574.94,1094.5,5000,534.45,5000,5000,5000
5000,5000,408.72,5000,202.74,5000,5000,878.4,5000,267.31,171.98,220.45,211.89,242.3,247.65,212.33,217.06,228.53,5000,847.76,897.11,994.92,1030.08,721.36,5000,5000,924.92,768,366.72,370.77,371.69,833.67,514.8,421.83,5000,5000,5000
42.52,34.94,104.37,74.13,129.99,45.59,102.99,39.77,97.96,148.41,92.39,41.81,12.7,23.61,23.79,143.28,245.56,136.32,78.78,83.07,40.29,82.8,82.81,62.84,52.14,97.04,81.63,29.62,128.69,111.88,61.84,18.14,222.45,23.13,20.82,1.45,241.27
22.73,59.78,11.31,129.68,103.4,96.74,48.63,21.67,116.72,71.58,41.76,90.66,7.71,4.84,4.84,158.15,128.95,106.95,80.02,66.1,27.39,66.06,66.41,10.33,42.91,106,76.81,10.38,108.31,45.95,26.37,72.08,173.56,21.16,8.14,2.54,5000
5000,373.97,5000,5000,5000,5000,5000,5000,5000,5000,296.7,5000,5000,5000,5000,5000,5000,511.18,5000,5000,251.75,5000,5000,5000,5000,5000,5000,5000,5000,5000,5000,5000,5000,8.09,5000,5000,5000
5000,5000,5000,5000,5000,5000,265.5,5000,5000,5000,5000,5000,5000,5000,5000,5000,5000,5000,5000,5000,5000,5000,5000,5000,266.64,5000,5000,5000,5000,5000,5000,5000,543.71,5000,170.15,5000,5000
5000,437.04,246.88,5000,17.39,308.75,48.39,104.3,226.82,67.8,50.54,52.99,86.25,85.22,85.12,87.78,223.86,330.03,280.98,61.29,5000,61.67,60.9,121.38,5000,176.84,29.37,120.12,149.51,198.03,396.93,214.48,137.29,9.34,5000,5000,5000
5000,5000,5000,5000,5000,5000,5000,5000,5000,5000,5000,5000,5000,5000,5000,5000,5000,5000,5000,5000,5000,5000,5000,5000,5000,5000,5000,5000,5000,5000,5000,5000,5000,5000,5000,5000,5000
5000,5000,5000,5000,5000,5000,5000,5000,5000,5000,5000,5000,5000,5000,5000,5000,5000,5000,5000,5000,5000,5000,5000,5000,5000,5000,5000,5000,5000,5000,5000,5000,5000,5000,5000,5000,5000
5000,5000,5000,5000,5000,5000,5000,5000,5000,5000,5000,5000,5000,5000,5000,5000,5000,5000,5000,5000,5000,5000,5000,5000,5000,5000,5000,5000,5000,5000,5000,5000,5000,5000,5000,5000,5000
5000,5000,5000,5000,5000,5000,5000,5000,5000,5000,5000,5000,5000,5000,5000,5000,5000,5000,5000,5000,5000,5000,5000,5000,5000,5000,5000,5000,5000,5000,5000,5000,5000,5000,5000,5000,5000
5000,5000,5000,5000,5000,5000,5000,5000,5000,5000,5000,5000,5000,5000,5000,5000,5000,5000,5000,5000,5000,5000,5000,5000,5000,5000,5000,5000,5000,5000,5000,5000,5000,5000,5000,5000,5000
5000,5000,5000,5000,5000,5000,5000,5000,5000,5000,5000,5000,5000,5000,5000,5000,5000,5000,5000,5000,5000,5000,5000,5000,5000,5000,5000,5000,5000,5000,5000,5000,5000,5000,5000,5000,5000
5000,5000,5000,5000,5000,5000,5000,5000,5000,5000,5000,5000,5000,5000,5000,5000,5000,5000,5000,5000,5000,5000,5000,5000,5000,5000,5000,5000,5000,5000,5000,5000,5000,5000,5000,5000,5000
5000,5000,5000,5000,5000,5000,5000,5000,5000,5000,5000,5000,5000,5000,5000,5000,5000,5000,5000,5000,5000,5000,5000,5000,5000,5000,5000,5000,5000,5000,5000,5000,5000,5000,5000,5000,5000
73.17,86.87,307.69,73.65,192.68,224.71,94.05,39.75,172.77,152.54,89.78,176.24,303.1,504.13,495.63,255.87,122.31,381.59,85.91,62.25,64.1,62.69,62.29,55.18,59.79,56.04,56.7,50.86,113.34,104.08,73.34,63.23,245.54,5000,82.53,5000,5000
65.6,77.19,220.27,78.15,113.32,156.91,81.64,33.85,178.64,126.74,78.34,104.25,96.54,451.12,450.39,287.54,112.96,324.9,71.95,51.22,56.39,51.18,51.13,49.17,51.45,47.64,56.26,49.44,100.01,88.5,62.27,48.54,249.75,320.87,73.94,5000,5000
90.05,104.93,155.41,180.07,218.16,268.47,135.37,58.79,436.67,259.3,99.34,222.82,269.25,5000,5000,5000,194.65,425.11,111.3,94.93,96.78,91.16,91.07,74.39,85.12,82.51,87.29,82.94,191.35,159.14,114.46,79.12,559.51,5000,95.74,5000,5000
140.59,205.75,404.75,267.47,293.27,435.25,198.21,99.73,574.76,306.87,159.16,303.59,5000,5000,5000,604.31,373.7,5000,158.59,130.8,121.09,131.7,129.88,107.3,113.36,135.29,108.18,105,222.65,202.08,160.14,124.63,5000,5000,173.1,5000,5000
179.64,252.96,5000,244.58,592.6,5000,378.29,129.24,1103.77,5000,228.94,5000,5000,5000,5000,5000,411.21,5000,327.05,171.9,201.67,171.89,170.73,164.31,153.35,172.48,150.85,153.22,410.57,394.62,264.91,159.56,5000,5000,251.44,5000,5000
232.53,377.98,5000,406.52,5000,5000,451.16,139.21,1711.38,5000,209.04,5000,5000,5000,5000,5000,5000,5000,344.9,180.79,194.82,179.41,178.89,173.49,214.23,162.88,173.84,179.87,529.1,380.95,297.19,161.38,5000,5000,222.28,5000,5000
142.94,163.27,240.66,151.82,163.53,231.82,147.52,64.3,311.33,161.41,106.13,317.06,195.69,370.67,370.21,357.35,217.44,283.81,175.18,91.26,73.65,87.69,89.95,80.06,69.55,70.04,58.87,78.5,139.47,135,88.25,72.74,298.01,5000,127.91,5000,5000
189.82,146.96,441.7,123.98,154.85,240.51,141.19,56.59,331.79,148.48,108.63,181.64,379.47,346.27,351.92,337.74,255.38,304.02,142.99,79.64,96.45,82.35,80.2,62.73,79.7,71.82,78.38,70.31,136.69,139.84,86.05,76.65,552.47,5000,179,5000,5000
515.76,334.54,5000,261.49,244.24,366.41,192.89,104.15,611.59,230.3,139.7,248.57,5000,5000,5000,455.31,409.67,401.4,447.4,117.66,124.05,116.87,116.69,128.09,111.03,144.5,137.14,118.37,312.32,206.78,153.03,158.67,5000,5000,174.64,5000,5000
5000,5000,5000,5000,5000,5000,5000,5000,5000,5000,5000,5000,5000,5000,5000,5000,5000,5000,5000,5000,5000,5000,5000,5000,5000,5000,5000,5000,5000,5000,5000,5000,5000,5000,5000,5000,5000
5000,5000,5000,5000,5000,5000,5000,5000,5000,5000,5000,5000,5000,5000,5000,5000,5000,5000,5000,5000,5000,5000,5000,5000,5000,5000,5000,5000,5000,5000,5000,5000,5000,5000,5000,5000,5000
58.34,4.58,286.39,18.54,103.28,267.88,226.84,42.01,951.31,104.43,84.8,198.6,221.38,308.07,307.33,236.94,79.65,178.17,0.01,102.54,79.55,101.5,98.55,64.26,73.4,62.4,121.57,65.79,482.71,203.77,81.76,65.19,182.9,0.03,70.82,313.02,5000
252.47,31.5,204.43,506.22,5000,146.03,495.46,195.42,163.36,571.77,130.45,391.3,354.85,5000,5000,5000,535.59,276.13,5000,5000,65.23,139.13,131.49,312.66,305.17,242.38,5000,78.95,5000,5000,188.83,103.33,5000,419.78,5000,5000,5000
5000,440.15,5000,31.01,77.63,5000,404.79,351.65,885.77,5000,5000,5000,5000,237.3,236.32,5000,277.78,553.17,5000,291.52,532.68,361.68,510.15,298.41,95.66,357.17,164.85,5000,74.89,5000,364.26,295.52,557.66,43.2,514.12,5000,5000
100.22,79.19,5000,270.64,5000,5000,129.65,203.04,270.71,5000,162.97,5000,5000,5000,5000,575.66,574.75,604.16,5000,147.18,5000,262.17,249.37,92.82,151.79,296.87,283.55,424.53,5000,112.77,457.71,207.18,531.19,5000,478.46,5000,5000
5000,5000,5000,5000,5000,5000,5000,5000,5000,5000,5000,5000,5000,5000,5000,5000,5000,5000,5000,5000,5000,5000,5000,5000,5000,5000,5000,5000,5000,5000,5000,5000,5000,0.41,5000,0.51,5000
5000,5000,5000,5000,5000,5000,5000,5000,5000,5000,5000,5000,5000,5000,5000,5000,5000,5000,5000,5000,5000,5000,5000,5000,5000,5000,5000,5000,5000,5000,5000,5000,5000,0.39,5000,0.48,5000
5000,5000,5000,5000,5000,5000,5000,5000,5000,5000,5000,5000,5000,5000,5000,5000,5000,5000,5000,5000,5000,5000,5000,5000,5000,5000,5000,5000,5000,5000,5000,5000,5000,0.45,5000,0.78,5000
5000,5000,5000,5000,5000,5000,5000,5000,5000,5000,5000,5000,5000,5000,5000,5000,5000,5000,5000,5000,5000,5000,5000,5000,5000,5000,5000,5000,5000,5000,5000,5000,5000,5000,5000,5000,5000
5000,5000,5000,5000,5000,5000,5000,5000,5000,5000,5000,5000,5000,5000,5000,5000,5000,5000,5000,5000,5000,5000,5000,5000,5000,5000,5000,5000,5000,5000,5000,5000,5000,5000,5000,5000,5000
5000,5000,5000,5000,5000,5000,5000,5000,5000,5000,5000,5000,5000,5000,5000,5000,5000,5000,5000,5000,5000,5000,5000,5000,5000,5000,5000,5000,5000,5000,5000,5000,5000,5000,5000,5000,5000
19.13,5000,9.71,16.58,29.12,0.81,0.5,22.51,0.58,211.01,17.21,58.28,32.63,18.68,18.6,33.98,15.95,5.64,3.42,20.89,24.82,45.93,43.54,56.98,3.05,2.6,148.32,102.41,58.66,56.74,13.85,2.43,16.72,135.11,13.68,0.46,0.13
5000,5000,5000,5000,5000,5000,5000,5000,5000,5000,5000,5000,5000,5000,5000,5000,5000,5000,5000,5000,5000,5000,5000,5000,19.71,19.76,5000,5000,5000,5000,5000,5000,5000,6.66,5000,338.66,5000
5000,5000,5000,248.37,5000,5000,5000,5000,5000,5000,5000,5000,5000,5000,5000,5000,5000,5000,5000,5000,5000,5000,5000,5000,5000,5000,5000,5000,5000,5000,5000,5000,5000,4.25,5000,345.5,5000
5000,5000,374.73,57.34,30.75,5000,32.03,5000,2498.5,27.43,118.23,597.21,495.88,5000,5000,501.39,11.65,231.47,5000,2883.26,2629.38,2633.92,5000,5000,5000,5000,2930,5000,132.99,28.46,26.82,5000,12.54,211.72,5000,550.59,5000
5000,5000,5000,199.56,11.4,5000,45.32,5000,2488.84,79.07,201.01,5000,5000,5000,5000,5000,88.53,5000,5000,21.72,11.47,21.71,21.77,5000,5000,5000,46.66,5000,178.59,337.33,34.32,27.14,15.44,5000,5000,5000,5000
198.73,129.15,420.58,5000,244.71,233.52,130.2,88.82,344.57,177.93,110.01,262.47,302.2,339.73,345.94,330.39,317.12,5000,0,267.59,126.46,287.78,280.64,137.77,127.56,122.82,111.54,142.07,172.84,250.28,171.93,71.61,5000,5000,85.81,5000,5000
5000,194.36,5000,5000,5000,5000,5000,5000,5000,5000,525.19,5000,5000,5000,5000,5000,5000,5000,0,596.48,5000,5000,5000,5000,595.07,462.42,5000,5000,5000,5000,5000,5000,5000,5000,5000,5000,5000
5000,5000,5000,5000,5000,5000,5000,5000,5000,5000,5000,5000,5000,5000,5000,5000,5000,5000,0,5000,5000,5000,5000,5000,5000,5000,5000,5000,5000,5000,5000,5000,5000,5000,5000,5000,5000
5000,5000,5000,5000,5000,5000,5000,5000,5000,5000,5000,5000,5000,5000,5000,5000,5000,5000,0,5000,5000,5000,5000,5000,5000,5000,5000,5000,5000,5000,5000,5000,5000,5000,5000,5000,5000
5000,5000,5000,5000,5000,5000,5000,5000,5000,5000,5000,5000,5000,5000,5000,5000,5000,5000,0,5000,5000,5000,5000,5000,5000,5000,5000,5000,5000,5000,5000,5000,5000,5000,5000,5000,5000
5000,5000,5000,5000,5000,5000,5000,5000,5000,5000,5000,5000,5000,5000,5000,5000,5000,5000,0,5000,5000,5000,5000,5000,5000,5000,5000,5000,5000,5000,5000,5000,5000,5000,5000,5000,5000
5000,98.94,344.63,68.84,85.8,17.19,62.14,15.61,97.63,177.88,48.86,105.66,106.72,26.32,26.42,26.69,31.68,223.38,20.49,141.87,158.01,141.25,141.98,48.59,294.68,292.96,108.58,48.61,82.73,185.89,23.39,73.09,103.47,8.76,65.82,5000,5000
5000,5000,5000,5000,5000,5000,5000,5000,5000,5000,5000,5000,5000,5000,5000,5000,5000,5000,5000,5000,5000,5000,5000,5000,5000,5000,5000,5000,5000,5000,5000,5000,5000,5000,5000,5000,5000
5000,5000,5000,5000,5000,5000,5000,5000,5000,5000,5000,5000,5000,5000,5000,5000,5000,5000,5000,5000,5000,5000,5000,5000,5000,5000,5000,5000,5000,5000,5000,5000,5000,5000,5000,5000,41.01
5000,5000,5000,5000,5000,5000,5000,5000,5000,5000,5000,5000,5000,5000,5000,5000,2.75,5000,5000,5000,5000,5000,5000,5000,5000,5000,5000,5000,5000,5000,5000,5000,5000,5000,5000,5000,5000
5000,5000,5000,5000,5000,5000,5000,5000,5000,5000,5000,5000,5000,5000,5000,5000,2.8,5000,5000,5000,5000,5000,5000,5000,5000,5000,5000,5000,5000,5000,5000,5000,5000,5000,5000,5000,5000
120.98,500.45,5000,441.88,162.04,452.75,436.9,173.67,469.66,388.58,390.55,488.42,366.58,498.67,497.26,365.44,5000,355.37,5000,333.21,300.91,554.73,497.05,210.95,451.6,431.81,401.57,208.46,450.88,349.78,244.16,311.29,5000,5000,111.78,5000,5000
337.16,5000,5000,5000,109.31,593.87,491.63,201.88,866.13,536.06,420.07,467.27,5000,589.75,587.38,5000,5000,5000,5000,331.45,342.52,516.62,516.7,270.58,323.45,323.3,295.49,246.05,394.67,408.46,367.93,318.69,5000,5000,104.25,5000,5000
345.39,5000,5000,5000,263.17,5000,5000,556.4,5000,5000,5000,5000,5000,5000,5000,5000,5000,5000,5000,5000,5000,5000,600.62,5000,5000,5000,5000,5000,5000,5000,604.11,5000,5000,5000,263.14,5000,5000
322.72,5000,5000,5000,267.9,5000,5000,5000,5000,5000,5000,5000,5000,5000,5000,5000,5000,5000,5000,5000,5000,5000,5000,5000,5000,5000,5000,5000,5000,5000,5000,5000,5000,5000,317.24,5000,5000
507.58,5000,5000,5000,434.15,5000,5000,5000,5000,5000,5000,5000,5000,5000,5000,5000,5000,5000,5000,5000,5000,5000,5000,5000,5000,5000,5000,5000,5000,5000,5000,5000,5000,5000,490.58,5000,5000
599.55,5000,5000,5000,559.91,5000,5000,5000,5000,5000,5000,5000,5000,5000,5000,5000,5000,5000,5000,5000,5000,5000,5000,5000,5000,5000,5000,5000,5000,5000,5000,5000,5000,5000,578.14,5000,5000
588.92,5000,5000,5000,494.71,5000,5000,5000,5000,5000,5000,5000,5000,5000,5000,5000,5000,5000,5000,5000,5000,5000,5000,5000,5000,5000,5000,5000,5000,5000,5000,5000,5000,5000,568.85,5000,5000
551.92,5000,5000,5000,5000,5000,5000,5000,5000,5000,500.64,5000,5000,5000,5000,5000,0.7,5000,5000,5000,5000,5000,5000,5000,5000,5000,5000,5000,5000,5000,5000,5000,5000,5000,416.78,5000,7.95
1.07,5000,5000,350.04,5000,5000,5000,5000,5000,5000,461.6,5000,5000,5000,5000,5000,5000,5000,5000,5000,5000,5000,5000,5000,5000,5000,5000,5000,5000,5000,5000,5000,5000,5000,1.11,5000,28.05
1.08,5000,5000,0.25,5000,5000,5000,5000,5000,5000,524.42,5000,5000,5000,5000,5000,5000,5000,5000,5000,5000,5000,5000,5000,5000,5000,5000,5000,5000,5000,5000,5000,5000,5000,191.23,5000,2.32
1.06,61.44,5000,0.25,5000,5000,5000,5000,5000,5000,5000,5000,5000,5000,5000,5000,0.7,5000,5000,5000,5000,5000,5000,5000,5000,5000,5000,5000,5000,5000,5000,5000,5000,5000,172.49,5000,86.09
5000,5000,203.7,5000,178.7,194.85,157.88,1275.07,170.66,170.77,68.98,91.49,90.8,85.31,83.48,66.53,122.95,100.89,316.78,355.87,214.02,220.25,218.3,252.53,5000,5000,864.92,204.2,147.63,106.23,172.8,815.43,516.85,99.48,5000,5000,5000
5000,5000,244.05,73.81,227.78,87.47,96.68,390.18,119.05,248.33,116.82,80.18,63.75,133.52,130.4,75.04,105.81,144.55,293.5,171.2,68.14,92.53,90.64,270.57,152.11,178.97,306.98,212.24,162.93,124.59,85.85,560.67,5000,19.68,5000,5000,5000
51.4,0.59,30.81,32.54,95.21,47.79,17.04,1471.28,30.47,79.18,64.91,26.62,20.83,17.57,17.55,30.46,29.32,25.87,39.19,12.99,28.59,13.02,13.38,22.87,20.21,28.26,27.48,22.89,6.76,20.74,29.01,25.16,128.77,24.09,62.34,572.69,5000
5000,5000,5000,5000,5000,5000,5000,5000,5000,5000,5000,5000,5000,5000,5000,5000,5000,5000,5000,5000,5000,5000,5000,5000,5000,5000,5000,5000,5000,5000,5000,5000,5000,5000,5000,5000,5000
65.76,50.64,168.84,120.45,264.67,136.98,264.46,214.67,269.73,286.46,96.12,106.04,107.39,136.11,133.43,132.9,267.23,134.5,104.06,219.87,211.07,219.29,219.18,221.26,282.96,269.83,209.56,210.68,281.89,296.65,253.67,281.11,458.1,202.25,103.69,5000,5000
374.34,174.34,556.73,281.14,5000,584.45,5000,5000,864.04,5000,449.9,302.17,521.35,601.15,599.32,562.2,5000,534.95,278.39,523.55,5000,522.5,440.37,545.47,520.39,529.53,524.51,5000,5000,5000,521.75,5000,5000,5000,150.77,5000,5000
504.52,414.3,507.26,540.3,5000,495.24,5000,5000,5000,5000,5000,340.94,492.38,469.07,468.46,378.69,5000,501.22,5000,5000,5000,5000,5000,5000,5000,5000,5000,5000,5000,5000,5000,5000,5000,434.79,5000,5000,5000
17.19,18.34,223.41,110.47,9.41,5000,24.81,13.92,2495.15,10.64,14.99,101.72,35.6,33.47,33.37,24.12,7.78,26.82,5000,24.98,26.37,68.11,67.1,15.55,30.12,30.05,8.7,15.32,34.3,27.1,11.24,18.87,11.06,41.86,17.63,5000,5000
99.99,61.48,198.52,91.82,121.88,179.39,148.77,102.91,183.78,119.95,183.64,81.85,192.59,193.46,193.28,197.95,160.62,166.44,140.39,86.77,91.4,84.37,83.91,77.48,82.4,82.84,80.9,79.07,105.82,136.76,140.41,84.02,203.32,102.31,114.43,295.13,5000
182.49,158.66,282.32,113.41,177.29,264.72,205.63,128.2,292.14,187.45,280.17,126.18,226.25,247.52,247.77,250.41,256.31,264.45,157.27,103.03,104.11,101.85,98.67,99.3,110.09,103.5,99.69,98.7,162.6,178.09,170.53,103.39,226.75,136.32,164.4,320.8,5000
5000,222.58,5000,576.56,171.87,5000,200.11,350.1,210.46,405.55,5000,5000,5000,5000,5000,5000,5000,5000,5000,496.51,390.98,496.54,494.24,388.58,485.08,484.55,390.75,389.72,157.48,275.9,304.69,423.45,450.08,94.33,5000,5000,5000
5000,406.56,5000,5000,332.33,5000,337.74,498.32,266.73,5000,5000,5000,5000,5000,5000,5000,5000,5000,5000,5000,609.07,5000,5000,5000,493.02,492.39,804.47,5000,288.02,411.17,395.72,361.23,5000,402.82,5000,5000,5000
164.62,73.78,5000,228.27,102.03,233.14,76.78,68.51,66.79,53.8,160.85,245.68,159.91,158.04,157.88,158.7,127.85,133.84,510.23,140.42,144.67,140.43,140.39,87.07,120.49,120.45,124.2,87.53,100.02,76.24,84.04,171.8,181.73,73.12,273.61,5000,5000
257.82,73.93,5000,82.93,38.73,85.07,37.3,37.92,37.04,28.84,132.89,143.78,140.74,139.15,139.73,139.94,184.66,200.08,119.51,51.25,52.43,51.46,51.55,37.25,71.55,72.02,38.43,37.56,39.22,38.32,38.75,70.01,39.63,87.65,37.1,5000,5000
147.58,4.88,5000,3.44,53.65,4.61,53.62,53.64,53.07,17.41,3.81,3.79,4.16,3.88,3.92,3.76,3.32,4.59,57.65,68.66,68.83,69.06,69.11,52.11,75.47,75.03,52.82,52.32,54.64,54.22,53.17,80.46,16.27,75.53,51.62,5000,5000
5000,148.21,5000,247.73,111.28,5000,153.99,108.73,196.51,63.72,174.26,94.03,107.43,106.13,106.11,106.63,103.44,125.08,390.17,154.78,137.02,155.34,154.89,119.1,161.26,161.58,124.3,120.15,108.94,123.63,112.48,158.57,133.53,129.05,195.81,5000,5000
5000,81.21,5000,43.02,65.6,68.75,62.32,63.28,59.4,33.86,23.94,43.9,23.03,22.5,22.48,22.5,18.08,24.94,80.93,79.1,89.78,79.34,79.77,61.57,110.97,112.01,63.78,61.91,65.87,64.86,61.03,101.67,34.18,71.43,106.73,5000,5000
167.38,59.22,5000,142.55,105.01,152.01,67.89,76.94,71.09,71.2,77.27,105.16,66.9,65.35,65.38,66.21,228.69,149.29,226.91,66.44,69.73,65.99,66.67,77.28,101.25,101.62,86.26,77.82,63.33,59.89,79.38,88.3,57.47,73.37,126.45,5000,5000
359.44,5000,309.38,92.45,122.39,42.33,17.15,152.11,16.45,5000,5000,5000,5000,5000,5000,5000,5000,356.39,98.58,86.55,66.78,49.74,50.28,58.66,314.21,146.37,36.28,171.98,16.78,13.72,52.98,181.32,5000,351.78,180.07,5000,5000
590.44,5000,177.23,183.41,5000,145.22,39.6,165.81,32.36,5000,5000,259.77,377.82,5000,5000,5000,5000,5000,136.16,173.22,130.17,197.85,200.14,170.52,226.95,263.77,230.8,186.65,39.1,47.47,59.56,189.34,5000,5000,5000,5000,5000
442.83,11.52,5000,220.28,5000,5000,5000,5000,5000,5000,448.23,5000,5000,5000,5000,5000,5000,5000,0.04,5000,5000,5000,5000,5000,343.08,451.65,5000,5000,5000,5000,5000,700.65,5000,5000,603.88,5000,5000
5000,34.33,5000,5000,5000,5000,5000,5000,5000,5000,5000,5000,5000,5000,5000,5000,5000,5000,5000,5000,5000,5000,5000,5000,5000,474.52,5000,5000,5000,5000,5000,5000,5000,5000,5000,5000,5000
5000,5000,5000,5000,5000,5000,5000,5000,5000,5000,5000,5000,5000,5000,5000,5000,5000,5000,5000,5000,5000,5000,5000,5000,5000,5000,5000,5000,5000,5000,5000,5000,5000,5000,5000,5000,5000
5000,5000,5000,5000,5000,5000,5000,5000,5000,5000,5000,5000,5000,5000,5000,5000,5000,5000,5000,5000,5000,5000,5000,5000,5000,5000,5000,5000,5000,5000,5000,5000,5000,5000,5000,5000,5000
237.37,9.24,5000,272.04,5000,5000,213.78,225.01,2243.46,5000,67.02,5000,5000,5000,5000,5000,5000,5000,0.02,177.87,172.72,171.34,177.24,226.45,164.14,230.47,165.87,145.75,328.43,185.4,111.8,5000,5000,5000,339.09,5000,5000
5000,5000,5000,5000,5000,5000,5000,5000,5000,5000,5000,5000,5000,5000,5000,5000,5000,5000,5000,5000,5000,5000,5000,5000,5000,5000,5000,5000,5000,5000,5000,5000,5000,5000,5000,5000,5000
1.59,2.5,70.84,5.15,10.22,126.28,15.14,0.88,76.14,9.27,35.65,9.63,31.54,29.35,29.2,33.3,7.91,16.5,7.66,1,7.94,1.01,1.02,3.3,2.7,5.03,0.32,3.2,5.13,9.52,3.72,2.35,1.12,12.87,0.39,0.21,0.89
2.21,3.35,11.72,42.73,2.46,3.81,4.14,2.68,550.87,1.71,37.71,2.43,70.05,8.84,9.09,74.11,14.92,72.83,198.85,1.7,2.69,1.68,1.7,1.43,0.44,0.44,2.81,1.45,146.69,3.09,1.86,0.47,2.08,108.46,3.44,5000,5000
3.73,5.19,5000,56.56,9.15,5.27,8.19,2.91,2457.91,5.13,41.28,4.26,5000,5000,5000,5000,5000,5000,5000,4.97,7.81,4.99,4.95,3.23,7.69,7.4,3.32,3.31,5000,11.02,5.07,7.6,2.4,5000,4.88,5000,5000
6.97,0.72,3.95,104.26,5000,35.14,293.06,2521.14,166.13,5000,5000,5000,5000,5000,5000,5000,5000,1.31,54.82,3.37,3.42,3.4,3.42,5000,5000,5000,5000,5000,5000,5000,5000,5000,5000,4.34,5000,5000,5000
5000,34.52,5000,5000,5000,58.44,5000,5000,199.9,5000,5000,5000,5000,5000,5000,5000,5000,40.47,85.9,5000,5000,5000,5000,5000,5000,5000,5000,5000,5000,5000,5000,2542.46,5000,46.27,5000,5000,5000
5000,12.12,14.31,347.21,5000,279.37,100.65,5000,83.8,5000,5000,5000,5000,5000,5000,5000,5000,10.23,43.39,5000,5000,5000,5000,5000,18.9,27.86,5000,5000,5000,5000,5000,2521.08,5000,4.24,5000,5000,5000
5000,1.66,5.19,115.21,5000,221.77,543.87,5000,5000,5000,5000,5000,5000,5000,5000,5000,5000,1.98,38.63,5000,5000,5000,5000,5000,7.29,7.39,5000,5000,5000,5000,5000,5.38,5000,4.27,5000,5000,5000
5000,170.31,5000,5000,5000,7.37,135.01,5000,72.52,5000,5000,5000,5000,5000,5000,5000,5000,13.28,147.99,5000,5000,5000,5000,5000,5000,5000,5000,5000,5000,5000,5000,3139.33,5000,4.24,5000,5000,5000
5000,13.97,15.77,419.94,5000,208.52,248.5,5000,5000,5000,5000,5000,5000,5000,5000,5000,5000,5000,38.92,5000,5000,5000,5000,5000,5000,5000,5000,5000,5000,5000,5000,2534.58,5000,4.25,5000,5000,5000
0.61,0.4,2.06,39.24,5000,2.16,2.06,2496.48,2.13,5000,5000,5000,5000,5000,5000,5000,5000,0.83,34.48,2.08,2.08,2.05,2.11,5000,2.11,2.15,5000,5000,5000,5000,5000,2.1,5000,4.38,3.15,5000,5000
5000,1.62,8.44,269.7,5000,156.01,44.56,3600.71,110.01,5000,5000,5000,5000,5000,5000,5000,5000,2.7,39.6,5000,5000,5000,5000,5000,18.21,18.26,5000,5000,5000,5000,5000,2534.22,5000,4.25,5000,5000,5000
1.2,0.49,2.25,47.3,5000,1.38,2.78,2496.15,2.76,5000,5000,5000,5000,5000,5000,5000,5000,0.85,37.76,2.26,2.26,2.26,2.27,5000,2.49,2.55,5000,5000,5000,5000,5000,2.46,5000,4.3,5000,5000,5000
5000,176.41,5000,5000,5000,174.52,92.91,5000,161.35,5000,5000,77.94,5000,5000,5000,5000,5000,5000,92.74,5000,5000,5000,5000,5000,5000,5000,5000,5000,5000,5000,5000,2776.63,5000,4.26,5000,5000,5000
1.23,0.55,2.3,47.49,5000,99.83,2.39,599.04,2.38,5000,5000,5000,5000,5000,5000,5000,5000,0.87,37.78,2.25,2.25,2.22,2.26,5000,2.74,2.74,5000,5000,5000,5000,5000,2.7,5000,4.36,3.42,5000,5000
5000,22.62,16.54,428.61,5000,228.51,5000,5000,5000,5000,5000,5000,5000,5000,5000,5000,5000,12.78,91.45,5000,5000,5000,5000,5000,5000,5000,5000,5000,5000,5000,5000,2807.41,5000,4.23,5000,5000,5000
5000,4.78,6.1,301.61,5000,5000,303.67,5000,5000,5000,5000,5000,5000,5000,5000,5000,5000,2.71,42.78,5000,5000,5000,5000,5000,18.7,21.24,5000,5000,5000,5000,5000,2676.78,5000,4.26,5000,5000,5000
1.2,0.79,2.73,55.75,5000,33.94,33.06,2850.78,8.98,5000,5000,5000,5000,5000,5000,5000,5000,1.17,33.28,2.71,2.71,2.68,2.7,5000,3.02,3.07,5000,5000,5000,5000,5000,2.94,5000,5.26,5000,5000,5000
5000,0.64,4.42,48.96,5000,104.21,24.16,2499.51,14.99,5000,5000,5000,5000,5000,5000,5000,5000,1.19,34.28,2.81,2.79,2.79,2.8,5000,3.06,3.07,5000,5000,5000,5000,5000,3,5000,4.25,5000,5000,5000
5000,457.57,5000,5000,5000,53.34,5000,5000,5000,5000,5000,5000,5000,5000,5000,5000,5000,5000,382.49,5000,5000,5000,5000,5000,5000,5000,5000,5000,5000,5000,5000,5000,5000,4.24,5000,5000,5000
27.32,0.97,3.39,57.95,5000,585.02,42.02,3152.3,5.08,5000,5000,5000,5000,5000,5000,5000,5000,1.35,33.45,2.88,2.9,2.9,2.89,5000,4.29,4.28,5000,5000,5000,5000,5000,4.23,5000,4.34,5000,5000,5000
5000,5000,5000,5000,5000,5000,5000,5000,5000,5000,5000,5000,5000,5000,5000,5000,5000,5000,5000,5000,5000,5000,5000,5000,5000,5000,5000,5000,5000,5000,5000,5000,5000,0.3,5000,0.64,5000
5000,5000,5000,5000,5000,5000,5000,5000,5000,5000,5000,5000,5000,5000,5000,5000,5000,5000,5000,5000,5000,5000,5000,5000,5000,5000,5000,5000,5000,5000,5000,5000,5000,0.36,5000,0.86,5000
149.83,241.32,5000,291.38,399.82,523.2,333.41,155.23,580.43,398.22,267.77,380.37,465.07,511.29,521.42,534.58,390.29,563.9,263.51,179.3,187.2,183.99,178.45,163.06,167.72,167.67,163.34,172.45,329.8,324.7,257.92,161.24,5000,5000,154.61,5000,5000
292.13,596.96,5000,5000,5000,5000,5000,359.95,5000,5000,502.71,5000,5000,5000,5000,5000,5000,5000,5000,413.04,533.63,412.69,461.48,389.52,349.72,347.9,437.42,513.97,5000,5000,5000,373.31,5000,5000,292.7,5000,5000
5000,5000,5000,5000,5000,5000,5000,5000,5000,5000,5000,5000,5000,5000,5000,5000,5000,5000,5000,5000,5000,5000,5000,5000,5000,5000,5000,5000,5000,5000,5000,5000,5000,5000,5000,5000,5000
5000,5000,5000,5000,5000,5000,5000,5000,5000,5000,5000,5000,5000,5000,5000,5000,5000,5000,5000,5000,5000,5000,5000,5000,5000,5000,5000,5000,5000,5000,5000,5000,5000,5000,5000,5000,5000
5000,5000,5000,5000,5000,5000,5000,5000,5000,5000,5000,5000,5000,5000,5000,5000,5000,5000,5000,5000,5000,5000,5000,5000,5000,5000,5000,5000,5000,5000,5000,5000,5000,5000,5000,5000,5000
5000,5000,5000,5000,5000,5000,5000,5000,5000,5000,5000,5000,5000,5000,5000,5000,5000,5000,5000,5000,5000,5000,5000,5000,5000,5000,5000,5000,5000,5000,5000,5000,5000,5000,5000,5000,5000
5000,5000,5000,5000,5000,5000,5000,5000,5000,5000,5000,5000,5000,5000,5000,5000,5000,5000,5000,5000,5000,5000,5000,5000,5000,5000,5000,5000,5000,5000,5000,5000,5000,5000,5000,5000,5000
8.11,11.27,114.86,1.52,74.4,75.94,74.45,73.4,73.72,71.8,75.94,72.71,50.85,73.48,73.7,74.62,75.74,75.16,26.12,81.66,82.05,82,81.82,76.61,77.71,77.92,76.28,75.53,75.26,74.54,75.64,80.17,70.45,15.99,74.51,5000,5000
18.51,32.29,178.5,1.47,133.21,136.15,132.54,132.23,132.48,128.33,135.14,131.05,107.59,132,130.18,133.19,135.25,133.91,54.1,146.17,146.01,144.98,146.15,134.48,137.93,137.98,138.06,138.96,133.15,133.09,135.25,138.15,127.26,18.61,132.04,284.32,5000
161.23,6.27,160.95,3.75,145.47,149.58,143.7,143.59,143.43,141.06,147.56,142.39,91.06,142.75,142.94,145.08,147.81,148.44,47.65,149.22,149.59,149.71,149.06,146.79,147.5,145.16,147.17,147.21,143.49,142.83,146.19,146.9,138.89,21.45,142.93,23.96,5000
528.02,19.15,109.32,80.53,30.39,1.32,8.98,3.28,2.97,483.61,63.77,1.15,1.46,262.07,264.7,225.74,1.57,184.31,117.82,110.28,190.24,49.39,49.15,2.73,70.93,48.31,349.79,2.74,2.83,4.09,9.08,16.64,5000,380.8,2.59,5000,5000
5000,5.23,5000,66.74,181.61,510.88,106.49,323.89,478.2,5000,5000,1.5,2.29,481.93,481.51,5000,79.43,5000,63.4,42.89,7.84,29.88,29.75,2.26,5000,64.78,62,2.27,3.8,3.11,51.57,5000,5000,5000,5000,5000,5000
225.64,405.03,404.73,246.75,294.12,333.96,278.24,195.17,417.94,289.89,284.23,276.34,312.97,344.1,346,272.83,449.82,280.38,489.08,227.73,261.01,220.02,221.99,185.77,183.3,169.72,227.38,185.27,230.32,155.7,143.45,257.6,5000,374.96,27.5,5000,5000
5000,5000,5000,5000,5000,5000,5000,5000,5000,5000,5000,5000,5000,5000,5000,5000,5000,5000,5000,5000,5000,5000,5000,5000,5000,5000,5000,5000,5000,5000,5000,5000,5000,5000,5000,5000,5000
5000,5000,5000,5000,5000,5000,5000,5000,5000,5000,5000,5000,5000,5000,5000,5000,5000,5000,5000,5000,5000,5000,5000,5000,5000,5000,5000,5000,5000,5000,5000,5000,5000,5000,5000,5000,5000
5000,5000,5000,5000,5000,5000,5000,5000,5000,5000,5000,5000,5000,5000,5000,5000,5000,5000,5000,5000,5000,5000,5000,5000,5000,5000,5000,5000,5000,5000,5000,5000,5000,5000,5000,5000,5000
5000,5000,5000,5000,5000,5000,5000,5000,5000,5000,5000,5000,5000,5000,5000,5000,5000,5000,5000,5000,5000,5000,5000,5000,5000,5000,5000,5000,5000,5000,5000,5000,5000,5000,104.5,5000,5000
5000,5000,5000,5000,5000,5000,5000,5000,5000,5000,5000,5000,5000,5000,5000,5000,5000,5000,5000,5000,5000,5000,5000,5000,5000,5000,5000,5000,5000,5000,5000,5000,5000,5000,5000,5000,5000
5000,5000,5000,5000,5000,5000,5000,5000,5000,5000,5000,5000,5000,5000,5000,5000,5000,5000,5000,5000,5000,5000,5000,5000,5000,5000,5000,5000,5000,5000,5000,5000,5000,5000,5000,5000,5000
206.4,466.16,428.3,197.6,210.38,357.46,233.36,214.63,399.83,305,318.89,258.88,319.42,386.74,387.23,317.83,300.24,330.03,453.55,284.73,198.56,271.15,268.7,218.84,236.35,215.09,199.24,205.66,163.19,303.8,235.53,219.7,5000,372.54,171.95,5000,5000
5000,5000,5000,5000,5000,5000,5000,5000,5000,5000,5000,5000,5000,5000,5000,5000,5000,5000,5000,5000,5000,5000,5000,5000,5000,5000,5000,5000,5000,5000,5000,5000,5000,5000,5000,5000,5000
5000,5000,5000,5000,5000,5000,5000,5000,5000,5000,5000,5000,5000,5000,5000,5000,5000,5000,5000,5000,5000,5000,5000,5000,5000,5000,5000,5000,5000,5000,5000,5000,5000,5000,5000,5000,5000
7.5,2.94,8.21,5.66,7.35,16.07,9.11,20.22,5.86,12.67,4.75,1.62,8.99,10.01,10.02,12.15,4.64,1.33,21.29,24.01,22.74,17.06,16.91,1.79,21.37,12.2,17.53,1.8,0.5,0.45,1.52,15.5,7.65,7.98,15.59,365.31,5000
295.23,366.69,205.86,529.67,263.68,479.55,507.98,101.74,142.33,395.83,476.26,126.47,42.18,473.15,471.17,132.57,49.46,32.22,5000,301.5,180.85,299.61,294.33,508.99,287.32,118.75,199.71,555.83,183.88,30.29,176.62,182.3,471.74,5000,344.74,5000,5000
5000,5000,5000,5000,5000,5000,5000,5000,5000,5000,5000,5000,5000,5000,5000,5000,5000,5000,5000,5000,5000,5000,5000,5000,5000,5000,5000,5000,5000,5000,5000,5000,5000,5000,308.91,5000,5000
5000,5000,5000,5000,5000,5000,5000,5000,5000,5000,5000,5000,5000,5000,5000,5000,5000,5000,5000,5000,5000,5000,5000,5000,5000,5000,5000,5000,5000,5000,5000,5000,5000,5000,5000,5000,5000
5000,5000,5000,5000,5000,5000,5000,5000,5000,5000,5000,5000,5000,5000,5000,5000,5000,5000,5000,5000,5000,5000,5000,5000,5000,5000,5000,5000,5000,5000,5000,5000,5000,5000,5000,5000,5000
5000,5000,5000,5000,5000,5000,5000,5000,5000,5000,5000,5000,5000,5000,5000,5000,5000,5000,5000,5000,5000,5000,5000,5000,5000,5000,5000,5000,5000,5000,5000,5000,5000,5000,5000,5000,5000
5000,5000,5000,5000,5000,5000,5000,5000,5000,5000,5000,5000,5000,5000,5000,5000,5000,5000,5000,5000,5000,5000,5000,5000,5000,5000,5000,5000,5000,5000,5000,5000,5000,5000,5000,5000,5000
5000,5000,5000,326.24,99.06,592.45,539.48,224.38,176.27,361.45,408.52,5000,449.69,111.89,114.94,62.39,394.83,5000,5000,161.73,5000,156.3,154.38,30.33,226.98,411.59,109.26,31.24,332.64,391,359.54,300.3,5000,5000,160.29,5000,5000
5000,5000,5000,5000,5000,5000,5000,5000,5000,5000,5000,5000,5000,5000,5000,5000,5000,5000,5000,5000,5000,5000,5000,5000,5000,5000,5000,5000,5000,5000,5000,5000,5000,5000,5000,5000,5000
5000,5000,5000,5000,5000,5000,5000,5000,5000,5000,5000,5000,5000,5000,5000,5000,5000,5000,5000,5000,5000,5000,5000,5000,5000,5000,5000,5000,5000,5000,5000,5000,5000,5000,5000,5000,5000
237.68,19.94,85.85,5000,426.67,5000,5000,5000,5000,284.73,479.65,486.12,488.55,507.82,514.16,563.87,535.77,552.32,5000,5000,5000,5000,5000,5000,5000,5000,5000,5000,5000,597.08,610.51,5000,556.07,5000,202.87,5000,5000
5000,5000,5000,5000,5000,5000,5000,5000,5000,5000,5000,5000,5000,5000,5000,5000,5000,5000,5000,5000,5000,5000,5000,5000,5000,5000,5000,5000,5000,5000,5000,122.41,5000,5000,5000,5000,5000
5000,5000,5000,5000,5000,5000,5000,5000,5000,5000,5000,5000,5000,5000,5000,5000,5000,5000,5000,5000,5000,5000,5000,5000,5000,5000,5000,5000,5000,5000,5000,5000,5000,5000,5000,5000,5000
5000,5000,5000,5000,5000,5000,5000,5000,5000,5000,5000,5000,5000,5000,5000,5000,5000,5000,5000,5000,5000,5000,5000,5000,5000,5000,5000,5000,5000,5000,5000,5000,5000,5000,5000,5000,5000
5000,5000,5000,5000,5000,5000,5000,5000,5000,5000,5000,5000,5000,5000,5000,5000,5000,5000,5000,5000,5000,5000,5000,5000,5000,5000,5000,5000,5000,5000,5000,131.73,5000,5000,5000,5000,5000
5000,5000,5000,5000,5000,5000,5000,5000,5000,5000,5000,5000,5000,5000,5000,5000,5000,5000,5000,5000,5000,5000,5000,5000,5000,5000,5000,5000,5000,5000,5000,5000,5000,5000,5000,5000,5000
87.9,5000,5000,5000,43.57,5000,5000,5000,2627.53,84.56,5000,5000,5000,5000,5000,5000,69.52,17.35,5000,5000,5000,5000,5000,5000,589.58,489.62,5000,5000,69.93,616.96,495.52,115.6,5000,20.24,113.41,5000,5000
5000,5000,5000,5000,5000,5000,5000,5000,5000,5000,5000,5000,5000,5000,5000,5000,5000,5000,5000,5000,5000,5000,5000,5000,5000,5000,5000,5000,5000,5000,5000,5000,5000,5000,5000,5000,5000
5000,5000,5000,5000,5000,5000,5000,5000,5000,5000,5000,5000,5000,5000,5000,5000,5000,5000,5000,5000,5000,5000,5000,5000,5000,5000,5000,5000,5000,5000,5000,5000,5000,5000,5000,5000,5000
5000,5000,5000,5000,5000,5000,5000,5000,5000,5000,5000,5000,5000,5000,5000,5000,5000,5000,5000,5000,5000,5000,5000,5000,5000,5000,5000,5000,5000,5000,5000,5000,5000,5000,5000,5000,5000
5000,5000,5000,5000,5000,5000,5000,5000,5000,5000,5000,5000,5000,5000,5000,5000,5000,5000,5000,5000,5000,5000,5000,5000,5000,5000,5000,5000,5000,5000,5000,5000,5000,5000,5000,5000,5000
5000,5000,5000,5000,5000,5000,5000,5000,5000,5000,5000,5000,5000,5000,5000,5000,5000,5000,5000,5000,5000,5000,5000,5000,5000,5000,5000,5000,5000,5000,5000,5000,5000,5000,5000,5000,5000
5000,5000,5000,5000,5000,5000,5000,5000,5000,5000,5000,5000,5000,5000,5000,5000,5000,5000,5000,5000,5000,5000,5000,5000,5000,5000,5000,5000,5000,5000,5000,5000,5000,5000,5000,5000,5000
5000,346.04,263.44,550.36,263.74,321.24,5000,5000,909.31,416.59,330.16,269.49,342.43,342.58,350.07,421.16,5000,380.83,5000,5000,5000,5000,5000,5000,5000,5000,5000,5000,475.3,5000,5000,5000,5000,353.34,5000,533.68,5000
5000,5000,5000,5000,5000,5000,5000,5000,5000,5000,5000,5000,5000,5000,5000,5000,5000,5000,5000,5000,5000,5000,5000,5000,5000,5000,5000,5000,5000,5000,5000,5000,5000,5000,5000,5000,5000
5000,5000,5000,5000,5000,5000,5000,5000,5000,5000,5000,5000,5000,5000,5000,5000,5000,5000,5000,5000,5000,5000,5000,5000,5000,5000,5000,5000,5000,5000,5000,5000,5000,5000,5000,5000,5000
5000,5000,5000,5000,5000,5000,5000,5000,5000,5000,5000,5000,5000,5000,5000,5000,5000,5000,5000,5000,5000,5000,5000,5000,5000,5000,5000,5000,5000,5000,5000,5000,5000,5000,5000,5000,5000
5000,5000,5000,5000,5000,5000,5000,5000,5000,5000,5000,5000,5000,5000,5000,5000,5000,5000,5000,5000,5000,5000,5000,5000,5000,5000,5000,5000,5000,5000,5000,5000,5000,5000,5000,5000,5000
5000,5000,5000,5000,5000,5000,5000,5000,5000,5000,5000,5000,5000,5000,5000,5000,5000,5000,5000,5000,5000,5000,5000,5000,5000,5000,5000,5000,5000,5000,5000,5000,5000,5000,5000,5000,5000
5000,540.39,5000,22.14,5000,5000,5000,5000,5000,5000,5000,87.33,5000,5000,5000,5000,5000,5000,101.15,752.41,127.41,703.19,693.27,2612.46,5000,5000,2581.61,2571.83,5000,5000,5000,2601.32,5000,85.84,5000,202.18,5000
5000,5000,5000,43.49,5000,5000,5000,5000,5000,5000,5000,5000,5000,5000,5000,5000,5000,5000,186.4,2615.13,2580.58,2599.97,2569.38,2693.5,5000,5000,2608.6,2599.06,5000,5000,5000,2610.79,5000,275.01,5000,396.05,5000
5000,5000,5000,114.77,5000,5000,5000,5000,5000,5000,5000,5000,5000,5000,5000,5000,5000,5000,566.93,2633.93,2640.25,2631.39,2595.21,2638.67,5000,5000,2653.43,2651.84,5000,5000,5000,2647.54,5000,235.76,5000,386.14,5000
5000,5000,5000,413.61,5000,5000,5000,5000,5000,5000,5000,5000,5000,5000,5000,5000,5000,5000,5000,2720.78,2704.17,2706.04,2756.99,2732.61,5000,5000,2722.99,2744.05,5000,5000,5000,2737.39,5000,5000,5000,5000,5000
5000,5000,5000,5000,5000,5000,5000,5000,5000,5000,5000,5000,5000,5000,5000,5000,5000,5000,5000,2767.83,2755.79,2765.58,2758.65,2816.76,5000,5000,2813.82,2815.11,5000,5000,5000,2765.24,5000,5000,5000,5000,5000
5000,5000,5000,5000,5000,5000,5000,5000,5000,5000,5000,5000,5000,5000,5000,5000,5000,5000,5000,2802.59,2740.21,2800.15,2786.3,2783.72,5000,5000,2812.17,2803.1,5000,5000,5000,2772.2,5000,5000,5000,5000,5000
5000,5000,5000,5000,5000,5000,5000,5000,5000,5000,5000,5000,5000,5000,5000,5000,5000,5000,5000,2811.17,2791.14,2797.75,2789.92,2799.01,5000,5000,2808.42,2801.99,5000,5000,5000,2749.76,5000,5000,5000,5000,5000
