405.164,5000,5000,2553.425,5000,5000,5000,1223.485,5000,5000,4029.558,5000,5000,5000,5000,5000,5000,5000,5000,5000,5000,5000,5000,5000,1749.333,3982.925,5000,5000,5000,5000,2776.292,5000,5000,5000,989.887,5000,5000
5000,5000,5000,5000,5000,5000,5000,5000,5000,5000,5000,5000,5000,5000,5000,5000,5000,5000,5000,5000,5000,5000,5000,5000,5000,5000,5000,5000,5000,5000,5000,5000,5000,5000,5000,5000,5000
5000,5000,5000,5000,5000,5000,5000,5000,5000,5000,5000,5000,5000,5000,5000,5000,5000,5000,5000,5000,5000,5000,5000,5000,5000,5000,5000,5000,5000,5000,5000,5000,5000,5000,5000,5000,5000
5000,5000,5000,5000,5000,5000,5000,407.81,5000,5000,700.682,5000,5000,5000,5000,5000,5000,5000,5000,5000,5000,5000,5000,5000,5000,5000,5000,5000,5000,5000,5000,5000,5000,5000,5000,19.727,1.952
5000,3348.561,5000,5000,5000,520.494,5000,5000,47.441,5000,5000,5000,5000,5000,5000,5000,5000,5000,5000,5000,5000,5000,5000,4382.72,5000,2788.481,312.138,1074.906,5000,5000,1703.446,5000,248.008,5000,5000,0.976,0.012
5000,5000,5000,5000,5000,5000,5000,5000,5000,5000,5000,5000,5000,5000,5000,5000,5000,5000,2892.063,5000,5000,5000,5000,5000,5000,5000,5000,787.811,5000,5000,5000,5000,895.008,5000,5000,5.549,42.939
3145.089,5000,5000,5000,86.853,5000,5000,5000,5000,5000,2088.149,648.324,5000,5000,5000,5000,5000,5000,5000,5000,5000,5000,5000,5000,5000,2903.419,79.405,5000,5000,5000,5000,5000,1830.241,5000,5000,0.169,0.045
5000,5000,5000,5000,347.435,5000,5000,5000,5000,5000,3228.737,5000,5000,5000,5000,5000,5000,5000,5000,75.773,5000,75.189,74.275,5000,5000,5000,5000,5000,5000,5000,1558.813,2474.178,5000,5000,5000,1.015,0.222
1047.218,5000,5000,5000,5000,5000,5000,5000,5000,5000,5000,5000,5000,5000,5000,5000,5000,1760.711,5000,5000,396.53,3891.809,5000,5000,5000,3534.256,1389.295,5000,5000,5000,4105.488,5000,1970.363,5000,5000,0.55,0.029
5000,5000,5000,5000,5000,4153.211,5000,5000,5000,5000,5000,5000,5000,5000,5000,5000,5000,5000,2068.114,1176.141,2105.438,1181.537,1134.441,5000,5000,3550.406,99.137,5000,5000,5000,5000,5000,5000,5000,5000,0.418,0.03
5000,86.31,5000,5000,5000,5000,5000,1234.827,5000,5000,5000,5000,5000,5000,5000,5000,5000,5000,5000,5000,5000,5000,5000,5000,5000,5000,5000,5000,5000,2489.676,5000,5000,5000,5000,5000,142.564,372.123
5000,5000,5000,5000,5000,2839.26,5000,5000,5000,5000,5000,5000,5000,5000,5000,5000,5000,5000,5000,302.832,5000,318.225,296.995,5000,1503.456,5000,5000,454.081,1199.002,5000,5000,5000,5000,5000,5000,3.93,0.933
1225.496,5000,5000,5000,2193.69,5000,5000,762.7,4954.16,5000,5000,1196.876,5000,5000,5000,5000,5000,5000,5000,5000,5000,5000,5000,5000,5000,261.834,5000,5000,5000,5000,5000,5000,5000,5000,5000,0.59,1.324
944.5,5000,5000,5000,5000,5000,5000,5000,5000,5000,5000,5000,5000,5000,5000,5000,5000,5000,5000,5000,5000,5000,5000,5000,5000,5000,5000,5000,4406.302,5000,5000,5000,5000,5000,5000,0.53,0.041
5000,5000,5000,5000,5000,5000,5000,5000,5000,5000,5000,1678.332,5000,5000,5000,5000,5000,5000,5000,5000,5000,5000,5000,5000,5000,5000,5000,5000,5000,5000,5000,30.621,994.293,5000,1318.677,0.633,0.076
1726.683,2403.997,5000,5000,2235.383,5000,5000,5000,5000,5000,5000,5000,5000,5000,5000,5000,5000,5000,5000,160.232,5000,164.111,156.946,5000,5000,1540.155,5000,5000,5000,5000,1918.238,5000,2268.803,5000,1978.428,0.72,0.007
5000,5000,5000,5000,5000,119.514,5000,5000,5000,5000,5000,5000,5000,5000,5000,5000,5000,5000,5000,5000,5000,5000,2621.582,5000,5000,557.631,5000,1538.607,5000,5000,1846.473,5000,5000,5000,5000,0.173,0.355
564.628,5000,5000,5000,5000,5000,5000,5000,34.793,1499.589,5000,5000,5000,4227.11,4049.053,5000,5000,5000,5000,5000,5000,5000,5000,5000,437.93,2050.38,1140.106,5000,2448.542,5000,813.968,5000,3251.897,5000,5000,0.922,0.3
411.8,5000,618.27,5000,5000,5000,5000,143.048,4084.99,5000,5000,5000,5000,5000,5000,5000,5000,5000,5000,5000,5000,5000,5000,5000,5000,2026.79,3111.207,5000,5000,5000,5000,347.275,14.041,5000,5000,0.741,0.288
844.501,5000,5000,3800.354,5000,5000,5000,5000,5000,5000,5000,5000,5000,5000,5000,5000,5000,5000,1933.098,5000,5000,5000,5000,5000,3890.999,406.738,917.141,5000,2470.636,179.643,752.279,5000,2055.592,5000,5000,0.64,0.615
1101.704,5000,5000,5000,5000,5000,5000,212.024,5000,2212.169,5000,225.231,5000,5000,5000,5000,5000,5000,5000,5000,5000,5000,5000,5000,5000,1929.424,5000,384.124,1866.36,5000,5000,1902.729,96.671,5000,209.249,0.39,0.328
5000,5000,5000,5000,5000,5000,5000,5000,3666.886,5000,5000,5000,5000,3735.465,3695.984,5000,5000,5000,5000,2435.193,5000,5000,2398.787,5000,5000,3003.363,449.824,2163.963,1552.126,5000,5000,5000,5000,5000,5000,0.966,0.691
5000,5000,5000,5000,5000,5000,5000,281.655,4569.072,5000,5000,5000,5000,5000,5000,5000,5000,5000,5000,1440.438,5000,1440.762,1392.801,593.838,5000,1088.811,5000,5000,5000,5000,5000,3.063,1339.903,5000,5000,11.635,3.886
5000,5000,5000,5000,5000,5000,5000,5000,5000,5000,5000,5000,5000,5000,5000,5000,5000,5000,5000,5000,5000,5000,5000,5000,5000,5000,5000,5000,5000,5000,5000,5000,5000,5000,5000,5000,5000
336.913,1234.829,5000,535.755,215.497,2855.604,800.824,193.342,810.183,75.525,285.885,3.253,1563.237,426.588,441.178,1576.216,323.174,303.312,195.603,196.251,203.091,195.385,199.708,360.949,346.894,373.112,1356.37,340.455,828.802,258.041,435.716,407.258,5000,2127.585,186.193,2509.891,5000
5000,5000,5000,5000,5000,5000,5000,5000,5000,5000,5000,3450.481,5000,5000,5000,5000,5000,5000,5000,5000,5000,5000,5000,5000,5000,5000,5000,5000,5000,5000,5000,5000,5000,5000,5000,5000,5000
5000,5000,5000,5000,5000,5000,5000,5000,5000,5000,5000,5000,5000,5000,5000,5000,5000,5000,5000,5000,5000,5000,5000,5000,5000,5000,5000,5000,5000,5000,5000,5000,5000,5000,5000,5000,5000
5000,5000,5000,5000,5000,5000,5000,5000,5000,5000,5000,5000,5000,5000,5000,5000,5000,5000,5000,5000,5000,5000,5000,5000,5000,5000,5000,5000,5000,5000,5000,5000,5000,5000,5000,5000,5000
5000,5000,5000,5000,5000,5000,5000,5000,5000,5000,5000,5000,5000,5000,5000,5000,5000,5000,5000,5000,5000,5000,5000,5000,5000,5000,5000,5000,5000,5000,5000,5000,5000,5000,5000,5000,5000
5000,5000,5000,5000,5000,5000,5000,5000,5000,5000,5000,5000,5000,5000,5000,5000,5000,5000,5000,5000,5000,5000,5000,5000,5000,5000,5000,5000,5000,5000,5000,5000,5000,5000,5000,5000,5000
5000,5000,5000,5000,5000,5000,5000,5000,5000,5000,5000,5000,5000,5000,5000,5000,5000,5000,5000,5000,5000,5000,5000,5000,5000,5000,5000,5000,5000,5000,5000,5000,5000,5000,5000,5000,5000
5000,5000,5000,5000,5000,5000,5000,5000,5000,5000,5000,5000,5000,5000,5000,5000,5000,5000,5000,5000,5000,5000,5000,5000,5000,5000,5000,5000,5000,5000,5000,5000,5000,5000,5000,5000,5000
5000,5000,5000,5000,5000,5000,5000,5000,5000,5000,5000,5000,5000,5000,5000,5000,5000,5000,5000,5000,5000,5000,5000,5000,5000,5000,5000,5000,5000,5000,5000,5000,5000,5000,5000,5000,5000
5000,5000,5000,5000,5000,5000,5000,5000,5000,5000,5000,5000,5000,5000,5000,5000,5000,5000,5000,5000,5000,5000,5000,5000,5000,5000,5000,5000,5000,5000,5000,5000,5000,5000,567.263,5000,5000
5000,5000,5000,5000,5000,5000,5000,5000,5000,5000,5000,5000,5000,5000,5000,5000,5000,5000,5000,5000,5000,5000,5000,5000,5000,5000,5000,5000,5000,5000,5000,5000,5000,5000,5000,5000,5000
5000,5000,5000,5000,5000,5000,5000,5000,5000,5000,5000,5000,5000,5000,5000,5000,5000,5000,5000,5000,5000,5000,5000,5000,5000,5000,5000,5000,5000,5000,5000,5000,5000,5000,5000,5000,5000
420.546,1399.496,4211.198,3154.308,2295.058,4322.835,5000,502.821,4025.41,3287.798,815.9,1424.129,3460.525,5000,5000,3594.505,5000,3594.85,2328.807,1509.563,1096.381,1510.177,1490.777,915.894,1230.5,1019.049,1104.23,1175.449,5000,3103.191,1994.934,961.699,5000,5000,344.285,5000,5000
5000,5000,5000,5000,5000,5000,5000,2235.082,5000,5000,5000,5000,5000,5000,5000,5000,1415.062,5000,5000,5000,5000,5000,5000,5000,3839.024,4435.452,5000,5000,5000,5000,5000,5000,5000,5000,5000,5000,5000
583.556,138.324,309.652,1028.788,242.248,629.523,5000,239.532,3207.497,205.292,266.844,199.412,230.003,256.806,257.217,237.569,5000,285.023,562.264,302.491,276.516,303.902,307.425,230.353,287.273,231.728,219.538,237.016,964.529,1834.945,1071.448,233.16,607.868,432.493,212.623,737.208,5000
5000,5000,5000,5000,5000,5000,5000,5000,5000,5000,5000,5000,5000,5000,5000,5000,626.483,5000,5000,5000,5000,5000,5000,5000,5000,5000,5000,5000,5000,5000,5000,5000,5000,5000,5000,5000,5000
439.785,260.867,956.542,3249.635,582.954,2386.267,5000,498.145,3873.06,494.46,840.152,476.726,664.199,551.604,541.883,692.398,1640.889,746.026,1377.414,671.693,697.787,675.392,652.809,546.492,680.255,567.601,527.403,469.741,2784.166,5000,3828.99,582.665,1530.908,961.406,665.974,1322.224,5000
2112.774,3519.964,3114.705,5000,2979.363,5000,5000,2060.003,5000,3260.268,5000,2196.936,3401.479,2722.531,2717.068,3499.739,643.806,3427.344,5000,3245.974,5000,2709.075,2609.938,1989.075,2178.416,2335.432,1873.9,1720.337,5000,5000,5000,5000,5000,3917.595,2800.149,4184.619,5000
4715.696,5000,5000,5000,5000,5000,5000,5000,5000,5000,5000,5000,5000,5000,5000,5000,476.522,5000,5000,5000,5000,5000,5000,5000,4526.726,5000,5000,5000,5000,5000,5000,5000,5000,5000,5000,5000,5000
4597.665,2644.575,5000,4829.636,5000,5000,5000,5000,5000,5000,5000,5000,5000,5000,5000,5000,5000,5000,5000,5000,5000,5000,5000,5000,5000,5000,5000,5000,5000,5000,5000,5000,5000,5000,4853.647,5000,5000
288.693,1051.444,3050.672,970.852,1673.836,1281.73,2180.001,274.458,2816.902,1719.612,236.72,647.147,2538.164,3980.333,3978.884,2802.03,4642.708,2783.929,1863.402,763.41,752.009,754.48,737.121,516.484,561.373,615.258,571.361,543.885,5000,1476.59,1275.505,519.169,3862.433,5000,263.673,5000,5000
5000,5000,5000,5000,5000,5000,5000,915.101,4061.118,5000,1169.022,2964.125,5000,5000,5000,5000,1993.94,5000,5000,4323.229,2357.328,5000,2505.615,1605.925,1828.847,1886.518,2496.327,1971.413,5000,5000,5000,1600.679,5000,5000,2091.984,5000,5000
3367.314,135.624,327.473,396.753,188.248,433.012,899.59,119.019,2612.119,160.045,114.462,131.59,248.63,262.727,263.642,258.137,4242.815,250.41,372.481,221.494,198.74,222.16,224.903,201.595,183.538,221.403,198.511,185.33,393.353,642.124,432.571,166.059,404.474,448.444,199.88,717.45,5000
5000,5000,5000,5000,5000,5000,5000,5000,5000,5000,5000,5000,5000,5000,5000,5000,930.747,5000,5000,5000,5000,5000,5000,5000,5000,5000,5000,5000,5000,5000,5000,5000,5000,5000,5000,5000,5000
5000,5000,5000,5000,5000,5000,5000,5000,5000,5000,5000,5000,5000,5000,5000,5000,818.986,5000,5000,5000,5000,5000,5000,5000,5000,5000,5000,5000,5000,5000,5000,5000,5000,5000,5000,5000,5000
960.875,832.172,2619.202,2443.455,1463.411,5000,5000,617.806,4117.334,1206.704,568.679,774.376,2151.398,2108.817,2094.531,2189.475,836.066,2184.606,2904.001,1022.341,958.656,1045.161,1037.73,849.655,862.924,860.941,743.548,706.214,2526.429,5000,4165.117,1148.324,3501.189,1991.466,1004.613,2294.101,5000
4212.61,5000,5000,5000,5000,5000,5000,2259.653,5000,5000,2406.713,3602.566,5000,5000,5000,5000,505.914,5000,5000,5000,5000,5000,5000,2426.872,2746.493,2515.727,2368.265,2451.981,5000,5000,5000,5000,5000,5000,4414.842,5000,5000
5000,5000,5000,5000,5000,5000,5000,5000,5000,5000,5000,5000,5000,5000,5000,5000,5000,5000,5000,5000,5000,5000,5000,5000,5000,5000,5000,5000,5000,5000,5000,5000,5000,5000,5000,5000,5000
5000,5000,5000,5000,5000,5000,5000,5000,5000,5000,5000,5000,5000,5000,5000,5000,5000,5000,5000,5000,5000,1629.838,1647.374,5000,5000,5000,5000,5000,5000,5000,5000,5000,5000,5000,5000,5000,5000
5000,5000,5000,5000,5000,5000,5000,5000,5000,5000,5000,5000,5000,5000,5000,5000,5000,5000,5000,988.218,5000,5000,5000,5000,5000,5000,5000,5000,5000,5000,5000,5000,5000,5000,5000,5000,5000
5000,5000,5000,5000,5000,5000,5000,5000,5000,5000,5000,5000,5000,5000,5000,5000,5000,5000,5000,5000,5000,5000,5000,5000,5000,5000,5000,5000,5000,5000,5000,5000,5000,5000,5000,5000,5000
5000,5000,5000,5000,5000,5000,5000,5000,5000,5000,5000,5000,5000,5000,5000,5000,5000,5000,5000,4815.968,5000,5000,5000,115.924,5000,5000,5000,118.107,5000,5000,5000,5000,5000,5000,5000,5000,5000
5000,5000,5000,3668.478,4005.651,2406.679,1589.002,5000,3263.745,5000,5000,5000,5000,5000,5000,155.153,5000,5000,4363.275,2036.797,5000,2008.672,1910.185,5000,4362.533,5000,122.363,3418.218,5000,2042.227,1952.956,306.145,5000,5000,305.705,5000,5000
469.268,1665.041,5000,5000,2744.313,1760.728,1242.677,2185.268,1704.393,5000,1841.047,5000,5000,2605.954,2664.713,4812.874,5000,451.607,5000,2209.475,5000,2126.583,2121.391,123.823,176.91,476.464,352.008,399.052,3021.663,2062.711,763.118,358.034,903.376,5000,288.081,5000,5000
388.132,344.63,416.258,175.735,425.477,1297.743,240.942,311.41,318.433,366.628,333.296,1085.454,2286.072,50.956,49.996,1223.684,918.779,767.158,4694.567,223.201,441.339,223.467,217.656,230.194,307.1,345.582,1008.387,203.466,183.734,1567.177,242.799,662.222,368.206,719.123,221.376,1265.638,5000
592.636,566.763,4891.156,861.25,182.643,1178.656,296.372,310.735,2904,1539.806,848.936,187.312,80.012,535.863,538.181,93.024,904.63,1812.075,97.814,168.186,481.089,163.98,170.42,312.697,257.652,279.582,316.701,503.666,503.716,362.879,1562.712,335.871,683.644,128.451,446.758,678.084,5000
5000,5000,5000,5000,5000,5000,5000,5000,5000,5000,5000,5000,5000,5000,5000,5000,5000,5000,5000,5000,5000,5000,5000,5000,5000,5000,5000,5000,5000,5000,5000,5000,5000,5000,5000,5000,5000
5000,5000,5000,5000,5000,5000,5000,5000,5000,5000,3192.54,5000,5000,5000,5000,5000,213.876,5000,5000,997.816,5000,1015.405,965.206,5000,1112.773,5000,5000,5000,5000,5000,5000,5000,5000,5000,5000,5000,5000
5000,4407.04,2313.766,5000,5000,5000,5000,581.809,3480.7,762.75,380.5,1315.973,4977.645,5000,5000,5000,5000,4519.798,407.185,5000,2865.505,5000,5000,2952.2,4892.85,1262.102,5000,2320.83,5000,2971.254,792.868,5000,5000,5000,1209.727,5000,5000
2131.265,2592.916,5000,1859.388,399.09,881.711,5000,237.038,190.661,5000,526.401,1545.088,5000,1775.533,1778.948,5000,272.467,501.93,1734.218,1021.81,901.884,1017.261,980.256,722.089,370.87,479.045,288.699,2112.331,438.423,1378.249,380.175,902.743,5000,5000,447.883,5000,5000
78.633,711.607,765.699,2020.25,111.512,2555.333,2398.934,262.701,2131.523,544.092,408.417,225.572,531.018,341.474,340.51,618.264,10.189,547.85,1298.322,188.259,656.314,183.191,180.149,510.017,184.091,143.577,96.453,175.215,662.882,434.925,163.647,184.412,340.561,1420.314,517.222,1825.908,5000
1597.732,241.287,334.826,924.266,28.324,2536.448,1695.463,201.191,1194.128,79.555,538.977,181.972,3260.012,979.013,957.831,216.84,182.441,32.864,875.244,462.358,486.074,474.55,431.486,71.046,559.204,148.523,1102.924,251.658,136.479,222.271,476.251,351.482,2125.164,417.115,1287.328,899.985,5000
5000,5000,5000,5000,5000,5000,5000,5000,5000,5000,5000,5000,5000,5000,5000,5000,5000,5000,5000,5000,5000,5000,5000,5000,5000,5000,5000,5000,5000,5000,5000,5000,5000,5000,5000,5000,5000
5000,5000,5000,5000,3571.315,5000,5000,5000,5000,5000,5000,5000,5000,5000,5000,5000,5000,5000,5000,5000,5000,5000,5000,5000,5000,5000,5000,5000,5000,3987.979,5000,5000,5000,5000,5000,5000,5000
276.003,2837.741,4449.695,5000,5000,5000,5000,5000,5000,5000,5000,2498.127,1204.008,2236.474,2108.961,5000,5000,4130.461,1291.717,2159.153,5000,2250.223,2128.26,5000,5000,4770.326,2928.84,1183.224,2191.898,5000,5000,3160.87,5000,5000,1358.26,5000,5000
5000,2079.505,576.65,931.151,2284.329,981.942,361.125,666.35,514.224,1197.041,520.792,448.589,1293.242,676.351,681.45,4133.637,2636.703,5000,2441.007,470.735,2073.961,470.419,451.336,4618.49,222.533,384.534,1619.1,241.841,652.628,1550.987,879.793,333.028,3450.465,2246.987,2669.843,2462.446,5000
603.752,386.127,382.428,497.985,281.543,704.521,331.657,337.914,176.668,153.414,778.755,791.55,802.006,2141.425,2113.051,350.63,1502.787,766.944,333.965,711.152,1187.682,688.485,669.756,854.608,311.049,165.703,1057.311,414.792,1119.933,261.454,1187.241,416.367,324.64,5000,162.171,5000,5000
55.189,31.661,77.65,51.764,55.585,95.871,97.557,81.502,70.307,91.318,5000,84.79,100.655,5000,5000,5000,147.108,5000,63.236,81.439,79.862,81.699,80.545,79.401,81.987,80.046,85.327,78.858,72.671,85.648,93.252,83.604,132.601,1126.555,38.945,1373.171,5000
5000,5000,5000,5000,5000,5000,5000,5000,5000,5000,5000,5000,5000,5000,5000,5000,5000,5000,5000,5000,5000,5000,5000,5000,5000,5000,5000,5000,5000,5000,5000,5000,5000,5000,5000,5000,5000
1409.401,101.155,246.937,118.286,542.71,1222.026,916.467,2869.313,547.279,492.63,3370.522,426.313,411.356,890.759,892.184,499.266,2005.918,373.734,138.451,2215.272,1830.662,2197.257,2158.439,2534.557,2703.845,2722.211,2140.446,2544.369,367.57,661.225,649.94,2582.315,5000,309.906,3438.825,654.818,5000
5000,5000,5000,5000,5000,5000,5000,5000,5000,5000,847.048,5000,5000,5000,5000,5000,5000,5000,3398.77,5000,5000,5000,5000,5000,5000,5000,2128.088,5000,5000,5000,5000,5000,5000,5000,5000,5000,5000
1.82,1.077,51.034,25.604,5.71,170.328,5.891,4.23,34.335,7.483,48.069,52.647,41.536,58.057,57.606,43.983,2.271,5.508,32.9,10.462,13.667,10.761,10.572,4.652,33.48,32.932,3.838,4.523,36.681,4.958,4.371,23.978,5.406,32.478,2.95,963.571,5000
0.361,0.595,786.234,18.908,0.139,458.593,3.614,9.398,47.874,442.578,108.777,188.986,53.105,40.276,40.859,53.89,960.078,143.07,5.343,4.706,19.448,4.437,4.324,5.061,27.054,28.927,4.255,5.509,20.838,11.135,3.447,31.177,294.483,119.518,0.283,375.495,5000
30.595,24.948,21.708,19.289,17.684,45.921,63.19,24.698,49.594,14.037,25.46,43.702,46.965,30.903,31.508,46.153,18.829,38.511,64.21,30.035,30.477,33.452,32.926,31.391,22.663,26.755,27.595,31.641,223.598,44.35,14.947,13.05,53.606,46.441,21.43,296.242,5000
5000,5000,5000,5000,5000,5000,5000,5000,5000,5000,5000,5000,5000,5000,5000,5000,5000,5000,5000,2091.718,5000,279.51,280.452,5000,5000,5000,5000,5000,5000,5000,5000,5000,5000,70.376,5000,237.186,5000
5000,5000,291.686,5000,5000,5000,5000,2304.01,5000,5000,5000,5000,5000,5000,5000,5000,5000,5000,5000,5000,2221.283,5000,5000,2474.673,3935.958,2045.379,5000,5000,5000,5000,5000,1477.323,5000,7.366,5000,214.859,5000
5000,670.217,5000,5000,5000,5000,5000,5000,5000,5000,510.159,5000,5000,5000,5000,5000,5000,5000,5000,5000,5000,5000,5000,5000,221.375,5000,5000,5000,5000,5000,5000,5000,5000,42.277,5000,355.941,5000
904.597,658.475,3099.909,765.313,766.345,824.951,811.38,770.5,720.125,684.798,660.18,541.257,530.991,657.387,690.093,563.896,1047.391,723.349,950.981,1027.962,1047.956,1016.464,988.78,902.246,899.141,946.427,941.385,919.156,665.407,835.385,752.194,983.458,864.952,974.189,1085.734,1840.098,5000
5000,3607.472,5000,5000,5000,5000,1805.341,2176.859,5000,5000,1536.423,5000,5000,5000,5000,5000,5000,5000,5000,2407.352,1034.24,5000,5000,423.546,3300.903,655.107,5000,5000,5000,332.651,5000,1760.947,5000,192.65,3193.991,371.553,5000
15.227,50.845,142.407,56.894,34.586,57.963,40,34.868,137.912,38.199,36.328,38.48,42.674,47.331,47.433,41.549,36.021,38.035,221.561,40.873,41.37,40.974,39.992,33.971,40.9,40.653,35.314,34.641,53.099,38.697,34.091,37.855,30.846,61.88,37.477,975.147,5000
5000,5000,5000,370.377,5000,5000,5000,5000,5000,5000,5000,5000,5000,5000,5000,5000,5000,5000,5000,2967.513,5000,5000,5000,5000,5000,5000,3680.28,5000,5000,5000,5000,5000,5000,5000,5000,5000,5000
5000,5000,5000,5000,5000,5000,5000,5000,5000,5000,5000,5000,5000,5000,5000,5000,5000,5000,5000,5000,5000,5000,5000,5000,5000,5000,5000,5000,5000,5000,5000,5000,5000,5000,5000,5000,5000
5000,5000,5000,5000,5000,5000,5000,5000,5000,5000,5000,5000,5000,5000,5000,5000,5000,5000,5000,5000,5000,5000,5000,5000,5000,5000,5000,5000,5000,5000,5000,5000,5000,5000,5000,5000,5000
5000,5000,5000,5000,5000,5000,5000,5000,5000,5000,5000,5000,5000,5000,5000,5000,5000,5000,5000,5000,5000,5000,5000,5000,5000,5000,5000,5000,5000,5000,5000,5000,5000,5000,5000,5000,5000
432.361,5000,5000,5000,5000,5000,983.205,70.112,2528.907,5000,3580.808,5000,5000,5000,5000,5000,5000,5000,5000,400.604,843.903,5000,5000,1740.563,1012.359,2187.806,614.52,5000,5000,3171.691,4731.804,1777.753,5000,5000,589.535,5000,5000
1627.698,813.198,1476.599,393.559,646.92,3296.91,134.047,62.552,2512.367,248.628,494.088,2311.133,223.086,3443.251,3531.414,224.363,1141.221,2259.523,1310.531,97.916,42.09,1183.012,1113.52,141.422,53.59,103.673,153.731,142.47,890.591,349.371,150.543,130.606,2805.985,1755.221,280.309,1993.896,5000
527.188,5000,5000,147.603,421.129,5000,970.356,201.671,2529.005,3153.218,5000,5000,5000,5000,5000,5000,5000,5000,5000,222.683,216.879,236.937,230.28,83.513,94.899,108.433,227.752,83.465,5000,183.66,54.047,80.839,5000,5000,220.741,5000,5000
40.285,31.579,33.601,0.05,6.644,769.243,14.739,6.779,854.424,0.103,17.061,186.084,167.39,159.418,159.418,167.871,93.628,66.6,1708.842,9.035,9.756,18.779,19.069,8.316,13.088,13.462,7.695,8.63,48.108,11.288,6.66,6.532,88.416,201.979,3.982,534.758,5000
1.189,1.101,5000,24.664,322.302,2557.136,313.354,22.735,2488.403,225.751,1972.339,1986.015,1319.33,3305.5,3367.638,1338.219,1018.784,3933.408,7.375,100.216,0.657,404.927,390.196,68.18,45.942,94.139,0.305,68.526,0.573,0.352,59.43,43.431,2114.937,1.186,224.506,337.44,5000
85.417,2223.12,5000,167.692,641.849,5000,427.281,280.983,2498.11,452.462,5000,5000,5000,5000,5000,5000,5000,5000,5000,210.872,107.952,295.084,282.111,217.451,306.789,206.744,114.656,275.084,5000,86.369,164.879,267.854,5000,5000,1089.183,5000,5000
0.742,0.905,988.943,3.815,382.319,4120.747,867.743,215.234,2594.471,812.821,5000,5000,1251.858,4234.841,4228.782,1267.579,5000,3154.915,4.204,376.537,436.762,669.512,648.824,109.377,63.523,43.164,358.963,85.861,2304.862,404.499,380.379,155.909,3786.01,5000,437.471,5000,5000
138.384,1551.925,5000,169.556,732.63,5000,507.211,526.204,2591.824,1373.198,5000,5000,5000,5000,5000,5000,5000,5000,5000,314.198,147.05,704.737,683.763,317.65,765.119,214.792,144.467,556.682,5000,1086.537,1087.066,271.141,5000,5000,421.295,5000,5000
1.597,1.139,724.851,0.38,513.798,85.421,247.372,54.112,2489.69,1030.476,1708.216,1945.453,1611.98,2599.948,2614.33,1679.356,1522.385,1315.23,10.965,0.76,0.605,0.643,0.619,0.798,290.97,162.013,173.938,0.568,389.59,203.598,120.349,189.104,5000,1.471,522.901,344.748,5000
94.621,910.215,5000,184.177,189.059,5000,446.051,289.019,2535.977,206.215,5000,5000,5000,5000,5000,5000,5000,5000,5000,51.48,63.634,223.089,220.128,123.656,132.325,124.002,125.575,138.211,5000,92.285,336.494,146.106,2324.184,5000,256.059,5000,5000
0.65,1.05,223.056,26.576,38.346,1007.878,28.167,16.688,2333.328,116.529,89.65,276.35,426.135,490.407,485.607,424.138,124.174,60.438,4.294,12.365,0.47,25.835,25.897,17.642,29.612,27.698,15.17,17.155,78.233,27.627,21.608,18.986,456.549,1.575,40.913,340.877,5000
57.761,446.327,77.482,26.85,14.062,512.838,26.021,9.143,1322.238,24.717,21.653,38.875,215.452,76.862,76.93,218.638,16.776,74.86,354.603,7.593,8.885,40.896,38.585,14.979,18.037,13.911,8.267,14.856,9.614,4.84,18.064,10.008,772.86,285.144,21.679,612.505,5000
7.767,20.141,72.174,34.775,6.601,412.416,12.325,6.738,2483.93,2.349,99.901,256.733,241.644,308.795,308.065,243.782,149.807,205.45,238.504,9.2,6.464,9.603,9.084,8.832,18.269,11.692,8.326,8.504,64.704,10.788,10.785,8.764,54.641,185.645,13.117,683.524,5000
80.199,603.338,428.627,94.642,40.509,1238.277,71.476,57.405,2489.142,33.221,199.554,219.523,241.267,523.826,535.058,235.303,333.915,203.418,366.593,38.559,24.963,85.689,84.296,25.344,27.956,45.977,57.782,26.345,209.773,30.732,85.623,27.101,195.374,122.663,36.102,652.271,5000
491.535,1709.545,5000,1002.579,1131.201,5000,1607.23,389.896,2663.294,1418.117,5000,5000,5000,5000,5000,5000,5000,5000,5000,460.265,277.569,1862.982,1840.486,201.249,331.807,605.311,104.491,202.38,5000,2577.723,1676.599,362.69,5000,5000,1327.757,5000,5000
783.772,5000,5000,266.632,626.228,73.534,95.615,537.302,2610.64,1533.607,5000,1830.757,3587.878,5000,5000,3750.498,976.747,5000,1394.485,1131.834,1.123,763.405,715.743,222.714,99.453,111.895,5000,615.152,2.274,69.627,129.378,7.743,1363.867,5000,1941.395,5000,5000
2338.727,5000,5000,1149.985,1764.391,5000,2478.807,1453.389,2596.17,3799.565,5000,5000,5000,5000,5000,5000,5000,5000,5000,174.989,928.505,1525.133,1486.319,641.455,252.087,397.846,1488.03,1036.698,5000,2227.029,1267.732,331.268,5000,5000,5000,5000,5000
112.494,1.239,540.77,142.751,110.102,809.499,38.592,128.234,2498.34,86.646,377.825,375.93,1723.706,536.199,527.826,1724.494,317.465,1006.916,49.662,86.97,110.605,112.122,112.527,68.722,77.115,76.661,104.878,71.642,313.698,94.882,89.613,66.598,2.494,6.962,137.232,549.872,5000
959.308,2653.443,5000,241.22,1334.195,5000,5000,469.839,2742.08,1104.042,4051.93,5000,5000,5000,5000,5000,5000,5000,5000,457.193,85.281,193.704,192.549,200.326,681.413,262.333,436.375,249.412,5000,1674.097,645.271,487.792,3943.576,5000,465.182,5000,5000
337.454,1550.229,5000,511.397,1810.432,5000,1142.671,226.946,2731.585,2612.49,5000,5000,5000,5000,5000,5000,5000,5000,5000,236.553,387.061,223.018,220.159,144.812,251.839,96.942,228.601,800.172,5000,1618.807,127.556,97.57,1320.872,5000,890.786,5000,5000
5000,2342.315,3360.717,824.745,606.584,4666.138,180.725,5000,5000,5000,5000,5000,5000,146.506,149.772,5000,5000,54.844,5000,1099.33,223.992,1388.239,1287.962,1170.513,2374.899,982.788,5000,5000,334.52,601.931,1455.737,1093.812,5000,2343.392,499.146,2.257,5.428
5000,5000,984.02,144.294,34.331,1094.502,292.54,5000,2627.02,5000,5000,5000,5000,5000,5000,5000,5000,5000,5000,5000,462.604,3542.6,5000,1630.03,247.048,2414.121,5000,4386.145,5000,1048.321,877.455,1816.614,415.342,5000,4049.289,6.17,7.025
2718.983,2309.382,487.516,380.935,185.374,1694.975,1274.876,210.556,598.301,176.305,5000,5000,5000,188.363,183.774,5000,21.664,897.875,5000,1035.36,195.214,482.385,475.065,197.134,469.935,97.22,1963.833,247.93,2890.975,603.814,96.735,523.088,238.221,2044.772,1426.2,1.967,4.719
860.531,3961.637,580.921,530.553,31.444,316.346,33.855,716.293,1567.257,48.329,3349.839,969.141,342.72,134.926,141.303,347.127,2454.108,207.465,2568.047,568.237,620.135,1618.008,1538.121,1470.272,198.729,210.575,2336.632,1576.916,41.952,649.637,198.739,463.843,86.017,850.123,2738.947,1.623,35.258
1648.69,2657.149,4369.477,71.822,179.121,2405.58,140.816,1096.608,2882.082,1635.62,5000,1628.338,595.414,1460.167,1443.578,613.371,840.262,1068.012,5000,164.822,5000,1635.166,1618.004,398.47,1588.465,729.55,575.233,1178.547,1621.046,301.183,169.086,197.142,70.122,1594.393,262.473,1.9,1.501
534.457,2989.77,652.907,521.4,40.544,1922.364,169.294,383.407,2530.123,37.191,5000,674.796,2054.844,771.745,768.301,2088.545,604.074,345.535,224.207,44.408,133.386,281.882,282.105,150.918,291.07,486.861,1051.105,1634.722,115.717,421.574,105.008,167.111,72.474,1103.544,3647.114,1.523,21.15
760.781,2906.593,40.531,1620.027,35.635,787.928,106.523,1413.641,2150.581,32.572,3622.005,2643.88,303.429,327.176,321.847,301.824,2017.353,294.641,1385.633,291.555,679.641,404.484,397.75,30.176,679.595,1417.682,405.27,29.696,120.466,166.914,36.26,119.038,96.417,571.19,752.283,1.499,7.898
347.77,2621.2,74.58,39.815,37.873,986.465,155.078,402.578,2077.71,122.855,130.95,311.554,41.113,1108.565,1101.727,38.897,3190.437,240.595,939.506,76.462,884.222,207.399,213.743,282.407,69.688,14.834,210.652,1271.774,608.494,16.118,43.423,493.879,111.446,122.509,270.75,1.686,2.656
332.731,2450.938,406.609,392.544,52.425,498.743,59.248,397.295,147.149,1.91,3566.488,278.432,703.398,106.385,103.621,710.768,79.75,240.303,508.96,144.659,62.273,224.032,224.034,15.371,174.964,572.889,816.507,14.704,85.256,14.865,71.55,42.495,156.845,56.477,573.565,1.985,14.737
111.161,1130.013,24.499,478.205,22.342,1744.887,67.919,303.877,307.132,3.015,172.763,321.672,20.876,52.984,53.333,21.146,67.389,81.995,600.395,30.307,214.747,260.433,260.731,377.448,375.055,461.616,32.674,241.824,85.087,113.362,65.186,30.453,124.007,662.237,136.083,1.361,7.388
118.139,2906.601,14.28,198.831,19.238,570.995,36.88,296.387,2959.793,27.618,21.217,208.596,213.388,22.865,22.955,222.009,126.136,81.232,2883.98,29.946,529.113,18.042,17.569,233.249,595.56,37.409,218.568,61.852,144.604,67.272,0.5,82.165,59.72,219.131,704.898,1.91,2.609
333.701,2273.633,121.255,284.303,67.486,1149.662,40.265,112.111,1560.595,217.955,91.971,30.043,38.186,190.633,197.31,38.09,24.119,104.648,4166.031,366.071,255.271,596.309,581.117,3.25,131.465,677.66,414.82,3.23,14.752,59.544,180.822,149.736,9.363,269.198,416.258,1.72,2.137
2730.696,4506.626,5000,1220.982,435.899,277.923,2999.284,964.334,2728.72,253.3,5000,5000,2835.9,4701.081,4714.089,2938.199,16.738,257.016,5000,1765.391,1517.929,5000,5000,2039.848,2891.691,145.735,5000,5000,2038.449,627.577,182.496,5000,2337.585,3654.403,5000,2.57,2.138
567.099,5000,5000,5000,1793.233,5000,444.058,1523.207,2845.909,151.074,5000,2985.851,5000,1118.093,1137.783,5000,5000,3207.123,5000,5000,262.787,1112.862,1094.86,1094.772,1877.007,2248.948,5000,1641.128,5000,2375.851,510.942,1966.044,1020.49,5000,926.135,1.868,4.993
568.668,2913.568,5000,76.922,92.032,5000,205.571,85.093,3671.03,129.827,5000,953.658,5000,20.129,19.183,5000,335.74,5000,5000,1020.324,452.456,2196.042,2258.167,1496.322,1298.293,1336.943,5000,1431.246,4051.976,1237.185,409.239,470.094,227.313,5000,1882.585,5.122,1.06
586.694,5000,800.027,36.59,237.915,5000,422.842,2283.87,693.203,369.876,3494.872,1517.771,5000,5000,5000,5000,5000,1471.395,3085.313,1038.146,5000,5000,2225.051,816.453,1895.77,480.771,2435.073,157.545,4635.319,528.377,177.988,5000,869.641,5000,5000,2.125,25.28
595.578,1145.608,5000,2178.752,1725.213,5000,1224.455,138.776,1668.943,2117.734,5000,5000,5000,1249.697,1231.017,5000,429.95,5000,1007.032,146.24,638.325,5000,2429.438,378.744,286.868,1255.326,3582.869,1053.08,596.679,127.306,445.04,1206.507,160.272,2952.927,626.684,2.133,7.051
1173.142,5000,5000,1177.307,320.278,2750.598,286.907,1528.549,2564.53,791.239,5000,5000,5000,71.65,71.04,5000,4438.833,1209.038,5000,1593.807,964.652,1901.69,1876.579,483.276,93.988,876.464,5000,1523.944,2627.074,1721.799,818.874,44.033,267.273,1064.02,5000,2.152,1.059
5000,5000,5000,600.896,486.523,5000,747.726,1613.484,2450.645,5000,5000,178.237,2434.51,970.328,966.76,2496.964,1090.195,575.803,5000,1642.83,627.096,89.134,90.006,394.425,41.033,103.53,1889.327,2313.833,3156.518,1356.702,187.787,2041.879,77.343,2218.621,1234.525,2.122,8.553
5000,3764.135,5000,2790.21,91.074,1518.66,389.993,896.266,606.078,513.317,286.414,5000,1636.344,2969.194,2923.285,1717.277,5000,5000,5000,602.466,456.671,69.253,69.129,682.683,323.77,1827.641,1144.087,5000,77.101,1955.133,90.737,1008.334,79.752,1489.094,5000,1.741,24.079
5000,5000,5000,5000,5000,5000,5000,5000,5000,5000,5000,5000,5000,5000,5000,5000,5000,5000,5000,5000,5000,5000,5000,5000,5000,5000,5000,5000,5000,5000,5000,5000,5000,5000,5000,5000,5000
5000,5000,5000,5000,5000,5000,5000,5000,5000,5000,5000,5000,5000,5000,5000,5000,5000,5000,5000,5000,5000,5000,5000,5000,5000,5000,5000,5000,5000,5000,5000,5000,5000,5000,5000,5000,5000
5000,1599.908,637.608,2960.156,536.63,900.928,936.311,3005.969,5000,3035.361,275.843,946.608,996.711,509.433,503.449,498.394,2850.165,1241.148,785.872,2818.469,2766.121,2751.503,3047.637,2809.422,5000,5000,2603.411,2662.084,830.434,1069.646,682.598,2585.73,2422.325,596.675,5000,1759.338,5000
5000,901.962,402.597,1838.783,927.463,830.745,869.768,2903.04,1451.417,767.807,298.473,1295.247,1968.015,649.986,643.61,538.961,748.21,771.919,220.929,2937.64,648.591,2682.663,2648.719,2827.54,5000,5000,2748.57,2873.493,470.422,1702.828,1804.733,3129.145,5000,615.628,5000,1497,5000
5000,5000,5000,5000,5000,5000,5000,5000,5000,5000,5000,5000,5000,5000,5000,5000,5000,5000,5000,5000,5000,5000,5000,5000,5000,5000,5000,5000,5000,5000,5000,5000,5000,5000,5000,5000,5000
5000,2187.458,2795.621,2585.32,2459.925,4669.058,3927.265,4780.395,3063.763,776.641,5000,1546.977,1284.635,2538.452,2624.604,3290.569,3427.119,2695.603,1722.513,729.675,3232.525,721.711,720.432,1660.07,957.969,3915.612,1362.915,532.705,2578.765,905.206,2998.36,1605.107,2876.84,680.045,5000,1754.018,5000
193.281,89.652,185.711,168.725,301.852,574.262,195.75,56.418,503.183,220.487,209.532,384.225,219.445,327.377,316.451,399.427,139.933,508.077,235.276,179.462,248.597,177.572,176.78,168.603,399.69,269.406,167.918,168.076,171.242,195.415,139.825,131.533,304.019,207.594,73.402,1040.159,5000
1874.077,5000,2120.745,1510.272,1396.984,5000,2396.103,510.316,5000,4692.978,2337.307,5000,1253.547,5000,5000,560.34,2181.87,2189.125,2546.973,1818.878,1253.893,1858.671,1904.509,1213.741,2698.239,1954.834,1554.232,873.011,4904.047,863.585,992.963,348.656,863.535,1857.022,551.041,3976.487,5000
1837.408,5000,839.536,869.215,1576.277,5000,2054.787,2113.612,5000,1277.875,155.258,2135.227,1049.878,2485.664,2498.303,2309.362,2232.554,2467.649,723.988,1030.969,1862.034,1007.343,1012.514,958.609,422.905,455.107,102.395,1258.399,555.306,766.776,698.926,464.643,907.363,677.052,441.102,2876.22,5000
1358.464,981.284,2332.662,795.438,1972.462,2133.399,2072.147,1144.198,2706.02,1780.131,1890.228,1504.107,1769.311,2142.683,2064.418,1831.299,3264.677,1743.832,1202.486,1122.234,1027.771,1116.148,1107.802,1010.273,1188.871,1070.57,990.067,819.498,2276.009,2345.264,1635.583,1028.2,5000,3477.915,895.011,3426.346,5000
1967.13,2053.418,5000,1647.547,3532.727,3927.272,4569.832,5000,3788.145,3300.227,3102.03,2698.103,3825.067,4356.973,4410.878,3903.596,5000,3945.458,2629.477,1652.345,1718.377,1839.494,1821.738,1822.959,1928.313,2002.827,1765.666,3172.135,5000,3899.514,3629.035,1547.664,5000,5000,2188.49,5000,5000
5000,3959.231,5000,5000,1638.528,5000,5000,5000,5000,5000,281.837,5000,5000,5000,5000,5000,2588.061,5000,5000,5000,5000,5000,5000,5000,5000,5000,5000,829.681,5000,5000,5000,974.1,5000,857.738,5000,1025.694,5000
120.628,84.956,186.356,85.335,151.136,349.527,190.634,141.713,213.247,255.763,268.938,252.136,303.572,378.088,381.031,286.575,400.909,260.333,129.907,122.587,121.314,122.257,121.665,136.326,181.811,162.12,144.195,132.156,194.767,188.721,178.784,164.655,412.017,407.637,104.19,656.496,5000
150.372,76.866,197.805,83.001,197.223,284.738,193.451,138.946,179.971,250.775,231.087,234.95,252.967,369.117,362.999,268.343,269.393,289.154,122.951,107.363,111.218,109.964,109.678,126.064,138.248,144.027,130.523,128.745,204.371,175.463,153.226,146.027,687.911,5000,122.627,5000,5000
166.938,87.251,207.478,81.196,163.384,319.528,181.624,158.925,223.419,242.272,269.872,315.382,279.661,414.418,413.623,306.514,406.048,5000,128.368,126.157,117.463,132.309,127.399,130.266,152.56,148.8,142.959,132.978,197.574,188.748,179.456,146.697,765.735,5000,95.56,5000,5000
110.619,78.361,227.126,84.91,160.774,287.036,199.179,140.415,206.79,259.202,229.997,284.224,247.77,299,289.911,247.207,496.588,263.562,130.96,120.857,127.479,122.554,120.321,138.663,160.067,159.396,139.019,140.226,187.037,187.276,173.344,146.175,535.078,5000,102.551,5000,5000
109.103,87.069,226.326,83.256,164.438,339.352,211.479,163.841,203.224,255.066,236.71,222.282,235.349,375.621,365.343,302.285,390.393,316.41,124.271,119.607,128.624,123.744,123.4,138.569,140.293,153.475,142.178,138.453,189.778,195.264,173.496,152.11,896.134,5000,112.122,5000,5000
258.774,102.249,219.008,85.002,196.846,292.731,208.792,147.783,225.785,264.816,243.168,294.065,262.891,379.544,383.415,312.777,487.656,3213.823,133.974,129.002,126.551,124.684,125.912,138.069,158.037,154.401,137.07,140.807,191.199,198.542,177.016,155.698,528.755,5000,108.793,5000,5000
229.351,91.566,234.834,86.879,208.083,289.154,195.796,151.526,202.785,319.795,226.142,274.179,285.536,312.74,326.543,261.332,281.748,287.633,126.341,123.223,119.214,122.811,122.035,126.983,146.328,145.748,148.818,134.863,187.202,197.68,163.096,140.508,627.87,319.842,102.519,569.757,5000
233.814,1189.174,2832.33,784.607,1596.338,1331.982,1782.532,293.089,2856.509,1704.71,238.656,639.074,2705.338,4408.188,4519.164,2958.122,5000,2962.824,1411.88,820.903,908.474,822.244,807.428,598.145,408.496,636.975,456.105,661.542,5000,1301.286,1207.116,564.833,4491.261,5000,265.224,5000,5000
2291.553,145.289,310.75,292.887,178.076,442.273,1027.322,115.272,2583.32,151.124,99.593,109.59,214.093,240.178,240.735,225.804,4257.02,238.078,406.734,225.036,193.591,225.654,224.781,168.962,161.499,144.043,180.936,176.521,378.547,608.592,409.303,200.343,316.51,447.655,486.488,606.414,5000
5000,5000,5000,5000,5000,5000,5000,5000,5000,5000,5000,5000,5000,5000,5000,5000,850.257,5000,5000,5000,5000,5000,5000,5000,5000,5000,5000,5000,5000,5000,5000,5000,5000,5000,5000,5000,5000
1054.538,252.328,971.037,718.019,484.802,1377.608,3921.123,308.496,2965.425,445.896,239.022,331.514,658.034,734.582,755.764,699.03,1248.688,693.526,1732.428,516.589,500.468,517.276,509.442,505.604,408.123,388.979,375.905,452.731,1018.265,1761.387,1288.656,380.368,907.604,998.073,306.078,1199.503,5000
5000,5000,5000,5000,5000,5000,5000,5000,5000,5000,5000,5000,5000,5000,5000,5000,560.877,5000,5000,5000,5000,5000,5000,5000,5000,5000,5000,5000,5000,5000,5000,5000,5000,5000,5000,5000,5000
3217.896,5000,5000,5000,5000,5000,5000,2129.282,5000,5000,2037.105,3148.347,5000,5000,5000,5000,466.833,5000,5000,5000,5000,5000,5000,2459.318,2378.554,2304.847,2342.986,2413.241,5000,5000,5000,5000,5000,5000,3896.13,5000,5000
197.35,728.243,420.351,903.334,139.81,1177.917,208.061,198.046,925.974,180.393,390.789,239.015,269.661,236.78,232.535,263.191,245.275,200.938,798.443,316.523,223.313,198.443,201.812,179.431,266.636,184.918,234.382,267.264,452.556,428.097,243.26,255.747,1458.041,257.725,206.919,1068.71,5000
152.235,353.873,279.194,722.248,71.137,371.664,287.629,180.468,531.273,130.366,272.307,162.049,151.65,153.765,152.769,167.982,165.308,155.442,592.259,190.841,116.357,209.448,206.264,177.27,174.728,263.281,239.501,158.761,274.15,203.852,238.264,94.721,522.832,186.703,182.141,1040.005,5000
124.153,17.918,385.955,743.803,11.396,127.294,452.344,47.223,507.565,76.757,5.806,221.968,197.26,21.09,21.284,197.438,144.229,28.715,127.126,23.053,17.251,28.603,28.261,25.941,132.831,205.941,82.334,33.895,10.822,43.547,81.053,37.174,163.932,37.948,7.741,874.019,5000
271.518,963.459,398.34,731.996,157.789,801.195,504.816,277.066,892.395,147.591,297.806,256.895,179.941,211.511,209.062,208.91,216.207,238.903,1060.139,209.778,310.562,232.303,229.647,213.451,273.737,297.032,336.104,248.496,608.266,422.322,285.194,114.528,1750.791,260.291,336.787,1153.182,5000
1018.493,1833.972,1439.39,1625.149,306.086,5000,1475.789,513.454,2533.42,599.452,2983.296,1136.542,1370.995,1038.163,1035.875,1252.293,635.848,875.304,5000,566.673,316.369,476.789,464.727,538.048,540.599,277.198,542.441,679.465,4110.371,372.604,650.562,498.559,5000,921.07,447.428,1749.223,5000
158.824,262.474,244.795,631.445,94.163,677.599,205.371,180.866,726.885,113.077,184.302,149.471,140.806,168.856,161.157,189.674,175.422,134.104,666.389,128.842,196.009,115.319,114.935,220.978,100.019,107.59,197.547,230.141,338.773,223.852,210.564,103.351,681.007,186.311,185.965,1018.493,5000
590.726,1598.887,1108.614,2261.204,284.455,5000,954.038,465.244,2506.376,381.316,2254.385,696.647,818.466,761.445,777.093,732.485,477.961,921.579,5000,306.804,298.245,285.345,279.781,539.707,266.89,227.874,385.398,547.277,1432.254,385.873,285.811,244.44,5000,626.47,505.792,1463.145,5000
235.364,393.873,285.984,1229.414,102.898,806.472,400.175,145.197,445.146,145.952,303.661,218.586,174.025,178.917,177.968,183.462,172.905,181.473,557.137,181.715,165.68,180.527,180.466,158.186,219.512,221.028,169.946,180.332,309.722,154.013,137.621,149.161,221.23,219.361,227.215,1117.022,5000
350.994,534.772,332.63,1381.378,111.147,1302.886,472.829,187.867,753.886,165.379,356.958,280.739,243.642,253.032,246.077,235.013,264.832,245.896,901.424,205.377,215.905,219.126,221.485,196.927,208.734,207.562,195.2,195.839,323.414,185.109,180.375,179.919,585.598,258.438,255.055,1156.561,5000
307.514,500.729,333.362,1419.08,118.543,1253.397,357.228,165.252,696.274,161.961,358.937,253.362,239.963,219.754,222.428,253.87,204.446,244.282,703.865,170.301,211.468,187.345,187.285,189.518,199.267,211.239,177.853,188.582,302.155,170.747,136.356,144.806,397.268,293.721,221.318,1188.548,5000
254.549,377.309,255.4,1034.025,89.465,719.617,271.918,143.114,515.324,147.221,255.475,167.293,172.592,167.631,166.541,169.158,177.783,184.986,532.655,154.552,151.956,150.069,149.777,161.321,182.051,173.667,156.715,165.974,194.784,104.83,136.808,123.415,239.845,223.994,166.394,1122.969,5000
5000,3693.539,5000,1850.922,2498.664,5000,5000,424.054,3326.2,2816.227,5000,5000,5000,5000,5000,5000,5000,5000,4338.888,615.162,1515.889,702.618,666.768,410.45,2935.492,1828.186,777.204,1073.414,2559.904,734.166,1254.482,2319.277,1372.854,5000,245.066,5000,5000
5000,5000,5000,5000,5000,5000,5000,5000,5000,5000,5000,5000,5000,5000,5000,5000,5000,5000,5000,5000,5000,5000,5000,5000,5000,5000,5000,5000,5000,5000,5000,5000,5000,5000,5000,5000,5000
5000,1743.017,5000,5000,5000,5000,5000,5000,5000,5000,5000,5000,5000,5000,5000,5000,5000,5000,5000,5000,5000,5000,5000,5000,5000,5000,5000,5000,5000,5000,5000,5000,5000,5000,5000,5000,5000
317.228,7.176,5000,1943.911,2664.101,1258.862,6.706,510.202,74.612,5000,142.344,1.362,5000,465.862,476.308,5000,119.118,116.846,5000,527.111,314.134,524.955,501.955,690.956,1214.924,1069.225,65.057,210.327,126.091,171.103,1021.201,109.231,10.286,180.362,426.174,158.488,5000
5000,3841.454,5000,5000,5000,5000,5000,5000,5000,5000,5000,5000,5000,5000,5000,5000,5000,5000,5000,5000,5000,5000,5000,5000,5000,5000,5000,5000,5000,5000,5000,5000,5000,5000,5000,5000,5000
5000,5000,5000,5000,5000,5000,5000,5000,5000,5000,5000,5000,5000,5000,5000,5000,5000,5000,5000,5000,5000,5000,5000,5000,5000,5000,5000,5000,5000,5000,5000,5000,5000,5000,5000,5000,5000
369.294,5000,5000,5000,5000,5000,5000,5000,5000,5000,1010.405,5000,5000,5000,5000,5000,5000,5000,5000,5000,5000,5000,5000,5000,5000,5000,5000,171.316,3937.032,5000,5000,5000,5000,5000,1604.105,16.977,5000
270.828,928.21,1448.952,1208.931,947.598,1095.228,365.668,448.511,2616.328,893.326,1021.409,1019.311,1643.309,1612.792,1666.128,1620.409,2204.801,744.713,644.586,382.829,518.063,459.46,476.27,307.834,361.57,177.326,124.813,255.462,774.387,478.071,81.569,399.07,1321.151,668.704,1212.318,227.491,5000
5000,5000,5000,5000,5000,5000,5000,5000,5000,5000,5000,5000,5000,5000,5000,5000,5000,5000,5000,5000,5000,5000,5000,5000,5000,5000,5000,5000,5000,5000,5000,5000,5000,5000,5000,5000,5000
5000,5000,5000,5000,5000,5000,5000,5000,5000,5000,5000,5000,5000,5000,5000,5000,5000,5000,5000,5000,5000,5000,5000,5000,5000,5000,5000,5000,5000,5000,5000,5000,5000,5000,5000,5000,5000
1220.876,93.211,2703.541,178.872,914.517,1738.863,64.559,182.163,2521.264,1891.944,988.892,3318.515,1588.105,1912.214,1839.838,1653.191,2402.473,3538.824,1905.128,225.394,362.504,543.116,506.342,197.377,192.611,175.293,153.181,691.654,141.629,55.325,104.675,202.839,217.64,1851.999,1075.296,109.651,5000
5000,2837.017,5000,3846.553,526.979,5000,3220.851,2057.172,3159.153,864.397,2305.279,2892.939,5000,5000,5000,5000,5000,1614.264,1734.549,1629.094,819.857,5000,4281.66,359.222,338.424,1054.315,550.881,1939.015,977.214,3169.569,435.457,845.637,2246.339,5000,1552.664,292.794,5000
387.244,3034.952,530.893,151.458,1271.737,1382.959,586.2,29.474,2656.731,804.762,239.421,5000,1504.056,626.944,631.475,1484.081,1333.227,990.474,612.639,273.343,189.619,456.276,449.639,265.531,428.593,188.317,517.99,372.71,254.108,543.351,620.522,431.577,269.802,448.316,364.507,1335.293,5000
5000,1321.084,1156.216,2481.671,364.62,703.67,345.455,2963.55,546.002,295.557,5000,1220.37,849.757,582.114,565.334,1220.668,541.91,702.872,1123.43,2748.488,2606.84,2607.85,3318.78,2655.802,5000,5000,2603.45,2566.31,2319.159,2855.339,424.322,2725.05,3796.524,871.396,5000,1774.314,5000
5000,3838.573,5000,5000,3122.959,5000,4924.424,5000,5000,5000,240.607,5000,1812.839,5000,5000,5000,5000,5000,5000,3242.441,5000,4641.88,5000,5000,5000,5000,4804.906,3668.809,5000,2086.42,5000,5000,5000,2452.559,5000,3262.591,5000
293.296,11.456,1097.78,43.852,789.868,1760.898,424.763,61.875,47.843,763.9,118.108,29.03,1109.737,1663.256,1615.645,1219.612,227.569,3315.147,207.47,223.666,27.063,214.212,213.361,114.332,38.277,102.24,49.728,116.884,379.865,757.947,67.393,157.151,197.215,498.563,144.525,651.778,5000
1209.519,1005.503,2028.937,27.263,1740.902,583.451,524.937,512.156,1303.713,5000,871.332,1979.76,1648.043,1606.71,1556.741,1364.561,2.361,2264.076,566.576,360.542,529.361,366.19,354.837,375.777,317.198,299.342,262.573,409.484,69.337,504.648,243.816,85.557,2208.354,1376.963,1036.488,1517.194,5000
5000,2564.821,5000,5000,3408.556,5000,5000,5000,5000,5000,5000,1078.915,5000,5000,5000,5000,5000,5000,806.719,5000,5000,3357.139,5000,5000,5000,5000,5000,5000,5000,5000,5000,5000,5000,5000,47.554,5000,5000
260.602,503.782,2780.16,45.311,484.025,86.322,87.745,276.894,2589.926,3207.704,922.904,176.104,70.673,158.809,159.44,874.406,398.571,1663.357,1452.939,142.095,107.826,144.847,141.005,91.17,91.823,166.315,83.708,87.615,277.473,1420.396,407.083,147.514,1781.06,389.624,155.379,557.583,5000
2434.775,5000,5000,5000,5000,5000,5000,5000,2284.002,5000,5000,5000,5000,5000,5000,5000,5000,5000,1873.632,5000,4535,5000,5000,5000,406.102,867.96,5000,5000,5000,5000,5000,3029.096,5000,5000,869.835,5000,5000
5000,598.166,1358.628,1989.502,296.828,5000,1275.285,784.841,3136.12,334.891,301.665,279.725,330.726,259.919,254.208,680.352,797.122,293.683,3112.078,653.523,922.746,880.936,866.243,822.609,750.416,822.513,672.103,662.813,630.172,493.798,410.362,802.512,461.939,387.305,5000,1528.686,5000
1525.358,527.545,326.993,5000,153.486,1387.477,795.372,719.657,1026.368,206.529,131.403,165.031,158.22,181.549,182.621,159.135,163.177,169.84,5000,651.784,701.857,752.215,765.526,587.005,827.061,649.103,718.572,589.776,262.409,272.294,268.108,668.895,410.935,320.15,1359.671,1169.132,5000
37.271,29.823,85.206,61.549,108.248,39.342,82.944,35.416,82.063,125.871,77.287,34.15,10.803,19.915,19.94,117.857,200.486,110.522,63.907,67.429,33.758,68.43,66.056,53.19,43.658,82.223,68.383,25.454,108.604,94.215,51.655,15.988,195.22,19.978,18.273,1.56,208.868
19.629,48.7,9.535,101.745,84.552,76.747,39.757,17.763,93.327,58.612,35.51,73.927,6.577,4.208,4.254,129.764,105.071,89.034,65.904,54.217,23.649,55.328,56.032,8.96,37.715,84.439,65.144,8.952,89.643,38.432,22.18,60.986,148.073,18.24,7.028,2.204,803.413
5000,261.133,1317.551,704.795,1898.375,1957.248,1103.842,5000,4659.55,861.37,189.159,1305.59,3948.532,943.912,947.381,949.397,875.901,328.229,1719.241,5000,165.188,1976.383,1878.112,5000,2458.363,5000,4406.438,5000,5000,4121.079,1661.558,5000,1167.426,6.456,5000,911.989,5000
5000,5000,4583.476,3763.874,3605.62,2858.324,196,971.29,5000,5000,3319.469,5000,5000,3254.433,3302.173,3636.652,5000,5000,720.83,5000,440.063,917.279,917.525,5000,204.941,837.99,507.072,318.307,5000,2124.104,1062.628,5000,390.998,5000,128.764,5000,5000
5000,297.869,148.849,712.359,11.226,191.057,30.777,69.608,146.503,44.303,33.296,34.35,56.403,57.255,55.631,56.625,144.548,205.732,210.775,41.552,230.849,39.807,41.456,79.995,690.996,116.842,19.463,79.834,87.59,123.74,257.514,142.224,89.35,6.842,1448.881,912.264,3573.572
5000,5000,5000,5000,5000,5000,5000,5000,5000,5000,5000,5000,5000,5000,5000,5000,5000,5000,5000,5000,5000,5000,5000,5000,5000,5000,5000,5000,5000,5000,5000,5000,5000,5000,5000,5000,5000
5000,5000,5000,5000,5000,5000,5000,5000,5000,5000,5000,5000,5000,5000,5000,5000,5000,5000,5000,5000,5000,5000,5000,5000,5000,5000,5000,5000,5000,5000,5000,5000,5000,5000,5000,5000,5000
5000,5000,5000,5000,5000,5000,5000,5000,5000,5000,5000,5000,5000,5000,5000,5000,5000,5000,5000,5000,5000,5000,5000,5000,5000,5000,5000,5000,5000,5000,5000,5000,5000,5000,5000,5000,5000
5000,5000,5000,5000,5000,5000,5000,5000,5000,5000,5000,5000,5000,5000,5000,5000,5000,5000,5000,5000,5000,5000,5000,5000,5000,5000,5000,5000,5000,5000,5000,5000,5000,5000,5000,5000,5000
5000,5000,5000,5000,5000,5000,5000,5000,5000,5000,5000,5000,5000,5000,5000,5000,5000,5000,5000,5000,5000,5000,5000,5000,5000,5000,5000,5000,5000,5000,5000,5000,5000,5000,5000,5000,5000
5000,5000,5000,5000,5000,5000,5000,5000,5000,5000,5000,5000,5000,5000,5000,5000,5000,5000,5000,5000,5000,5000,5000,5000,5000,5000,5000,5000,5000,5000,5000,5000,5000,5000,5000,5000,5000
5000,5000,5000,5000,5000,5000,5000,5000,5000,5000,5000,5000,5000,5000,5000,5000,5000,5000,5000,5000,5000,5000,5000,5000,5000,5000,5000,5000,5000,5000,5000,5000,5000,5000,5000,5000,5000
5000,5000,5000,5000,5000,5000,5000,5000,5000,5000,5000,5000,5000,5000,5000,5000,5000,5000,5000,5000,5000,5000,5000,5000,5000,5000,5000,5000,5000,5000,5000,5000,5000,5000,5000,5000,5000
61.898,74.049,251.832,62.63,165.968,193.897,82.268,34.945,152.518,131.332,78.673,148.532,243.3,400.822,408.514,221.806,104.449,318.308,73.638,56.091,55.77,53.962,53.112,45.83,53.32,47.771,48.74,46.065,93.204,86.829,63.191,53.999,212.116,606.414,70.985,881.055,5000
57.057,66.238,184.02,66.601,97.307,135.561,70.785,29.714,154.108,109.865,67.723,90.478,83.809,389.971,382.158,237.547,98.488,279.905,62.884,45.187,49.3,44.828,44.691,43.382,47.996,42.601,50.946,43.534,86.951,76.99,53.951,43.928,222.593,279.311,65.204,594.375,5000
78.807,92.267,137.411,159.179,191.81,231.315,121.323,53.458,365.767,227.482,86.187,193.475,224.43,740.288,743.215,576.634,167.559,348.468,94.818,79.005,83.55,79.419,81.583,65.44,74.402,73.841,76.265,73.059,166.107,140.81,99.707,71.503,486.795,624.178,84.54,915.023,5000
122.23,179.902,351.564,233.997,256.486,379.313,172.584,86.948,514.671,268.749,135.128,262.891,733.116,783.753,785.299,506.09,326.439,606.114,136.277,113.553,107.187,113.036,113.134,94.876,101.739,118.274,98.504,92.219,193.751,172.656,135.38,105.593,622.109,1503.34,152.27,1708.98,5000
158.071,222.054,770.458,210.985,524.904,739.923,323.973,117.4,952.95,631.218,197.385,614.027,884.265,1920.837,1907.805,1574.068,352.072,1367.879,281.984,150.974,175.421,151.601,156.409,149.021,135.781,154.856,132.345,134.413,359.816,353.017,232.373,140.036,1121.489,985.097,220.938,1191.017,5000
199.259,318.314,1475.514,350.865,572.008,1335.853,383.545,120.103,1444.497,605.358,178.263,672.326,1340.944,1922.001,1976.546,1431.216,573.214,1707.067,297.107,158.013,169.038,157.883,156.997,156.689,184.932,154.529,154.487,158.107,466.589,332.244,255.709,142.743,1193.663,2270.479,195.461,2335.424,5000
126.189,142.737,210.915,132.665,142.957,202.548,130.23,58.604,270.594,141.181,89.823,269.61,169.349,321.17,314.015,302.506,192.146,244.792,152.44,80.771,66.03,75.866,76.95,67.089,60.724,59.883,52.214,69.23,120.53,117.028,78.107,60.981,258.086,737.623,113.67,973.431,5000
168.192,129.435,380.348,107.971,134.838,214.819,118.126,48.772,314.097,131.198,91.503,158.711,325.44,298.008,294.126,285.986,221.308,266.451,124.305,72.459,82.022,71.41,72.274,56.213,69.812,68.17,66.533,61.922,120.205,123.045,78.158,68.585,477.549,2070.318,156.667,2259.246,5000
445.051,276.398,733.486,219.7,203.579,312.11,161.786,86.194,511.453,191.151,116.927,216.409,784.111,571.057,570.85,358.537,341.879,329.684,374.025,98.551,103.03,100.312,97.544,109.467,99.304,127.86,120.336,104.247,256.274,172.783,129.031,135.12,1086.717,5000,148.982,5000,5000
5000,5000,5000,5000,5000,5000,5000,5000,5000,5000,5000,5000,5000,5000,5000,5000,5000,5000,5000,5000,5000,5000,5000,5000,5000,5000,5000,5000,5000,5000,5000,5000,5000,5000,5000,5000,5000
5000,5000,5000,5000,5000,5000,5000,5000,5000,5000,5000,5000,5000,5000,5000,5000,5000,5000,5000,5000,5000,5000,5000,5000,5000,5000,5000,5000,5000,5000,5000,5000,5000,5000,5000,5000,5000
51.161,4.265,235.408,16.502,90.286,226.437,186.627,37.05,793.128,90.344,73.436,169.579,189.904,256.591,257.15,200.066,68.594,149.33,0.011,85.899,68.933,86.236,86.561,58.076,62.029,56.28,103.575,60.747,418.459,178.232,72.153,58.051,160.594,0.068,62.077,273.415,5000
218.887,27.647,172.878,421.084,614.46,123.769,393.57,161.074,134.458,448.489,105.431,305.947,292.781,768.328,754.336,750.191,447.65,231.103,651.973,428.535,54.153,115.2,112.882,254.195,254.414,196.727,279.41,64.388,769.849,831.954,151.774,87.781,853.493,359.175,726.996,853.029,5000
634.264,356.802,776.533,26.712,66.855,967.781,318.989,271.85,739.846,619.686,504.734,842.386,621.811,196.738,196.447,1004.625,224.362,450.909,802.933,238.619,350.189,326.725,323.268,235.484,77.624,296.029,135.031,326.046,62.612,819.709,291.263,241.787,477.068,36.901,446.995,564.642,5000
87.83,69.332,549.525,226.309,516.599,807.756,105.853,163.059,226.865,861.882,131.099,558.558,916.234,966.977,987.272,452.481,469.355,488.77,664.443,120.552,484.883,211.811,208.928,75.77,127.846,249.628,224.334,323.544,905.783,90.207,371.696,168.962,460.729,908.983,415.819,1406.652,5000
5000,2434.668,5000,5000,5000,5000,5000,5000,5000,5000,5000,5000,5000,5000,5000,5000,5000,5000,5000,5000,5000,5000,5000,5000,5000,5000,5000,5000,5000,5000,5000,5000,5000,0.52,5000,0.61,5000
5000,2185.51,5000,5000,5000,5000,5000,5000,5000,5000,5000,5000,5000,5000,5000,5000,5000,5000,5000,5000,5000,5000,5000,5000,5000,5000,5000,5000,5000,5000,5000,5000,5000,0.337,5000,0.59,5000
5000,1925.026,5000,5000,5000,5000,5000,5000,5000,5000,5000,5000,5000,5000,5000,5000,5000,5000,5000,5000,5000,5000,5000,5000,5000,5000,5000,5000,5000,5000,5000,5000,5000,0.547,5000,0.684,5000
5000,5000,5000,5000,5000,5000,5000,5000,5000,5000,5000,5000,5000,5000,5000,5000,5000,5000,5000,5000,5000,5000,5000,5000,5000,5000,5000,5000,5000,5000,5000,5000,5000,5000,5000,5000,5000
5000,5000,5000,5000,5000,5000,5000,5000,5000,5000,5000,5000,5000,5000,5000,5000,5000,5000,5000,5000,5000,5000,5000,5000,5000,5000,5000,5000,5000,5000,5000,5000,5000,5000,5000,5000,5000
5000,5000,5000,5000,5000,5000,5000,5000,5000,5000,5000,5000,5000,5000,5000,5000,5000,5000,5000,5000,5000,5000,5000,5000,5000,5000,5000,5000,5000,5000,5000,5000,5000,5000,5000,5000,5000
17.969,5000,8.517,14.717,25.742,0.741,0.479,20.009,0.7,182.915,15.19,50.563,29.053,16.5,17,29.65,13.993,5.113,3.191,18.856,21.192,38.163,38.15,49.183,2.778,2.7,124.994,90.102,50.363,50.272,11.783,2.279,14.992,113.246,12.077,0.48,0.178
5000,5000,5000,5000,5000,5000,5000,5000,5000,1105.427,5000,5000,5000,5000,5000,5000,5000,5000,5000,5000,3584.613,5000,5000,5000,16.418,15.487,5000,5000,5000,4214.405,5000,5000,5000,5.433,5000,284.393,5000
5000,5000,5000,182.898,5000,5000,5000,5000,5000,5000,5000,5000,5000,5000,5000,5000,5000,5000,5000,5000,5000,5000,5000,5000,5000,5000,5000,5000,5000,4979.503,5000,5000,5000,3.16,5000,288.095,5000
5000,5000,273.358,46.811,25.135,531.155,24.518,3227.77,2486.56,22.361,93.962,442.81,360.605,566.224,567.41,371.149,9.456,167.667,5000,2834.82,2934.106,2867.171,2701.82,2566.886,5000,5000,2973.22,2943.821,103.073,22.787,21.73,2836.583,10.624,163.982,5000,440.277,5000
5000,5000,5000,160.313,9.414,5000,36.003,5000,2512.92,63.494,156.689,5000,5000,5000,5000,5000,69.047,5000,5000,17.801,9.332,18.056,17.93,5000,5000,5000,39.156,5000,137.448,259.161,27.927,22.73,13.099,5000,5000,5000,5000
174.508,111.649,340.017,2274.31,207.887,199.179,110.535,75.654,336.839,150.248,93.444,222.457,253.847,282.835,282.921,273.386,273.798,541.606,0.005,231.011,110.035,247.286,236.527,120.404,106.403,107.986,95.242,123.949,150.326,215.408,148.528,63.035,5000,1420.904,74.359,1503.136,5000
634.369,166.127,1649.253,2178.212,1193.333,4482.583,2292.778,629.673,2765.536,2809.231,430.87,1223.756,1698.244,2222.58,2221.427,1858.591,2058.037,2237.454,0.006,327.71,503.751,608.231,606.545,631.914,518.536,399.309,406.233,475.491,1041.423,633.859,989.704,454.372,5000,2232.948,749.208,2317.877,5000
1110.33,5000,5000,5000,5000,5000,5000,1833.548,5000,5000,1517.018,5000,5000,5000,5000,5000,5000,5000,0.003,1456.811,4186.341,2361.925,2196.777,5000,2200.898,825.334,1868.856,1660.378,5000,5000,2001.21,1726.38,5000,5000,3338.659,5000,5000
5000,573.084,5000,5000,5000,5000,5000,5000,5000,5000,5000,5000,5000,5000,5000,5000,5000,5000,0.004,5000,5000,5000,5000,5000,5000,4466.523,5000,5000,5000,5000,5000,5000,5000,5000,5000,5000,5000
5000,5000,5000,5000,5000,5000,5000,5000,5000,5000,5000,5000,5000,5000,5000,5000,5000,5000,0.007,5000,5000,5000,5000,5000,5000,5000,5000,5000,5000,5000,5000,5000,5000,5000,5000,5000,5000
5000,5000,5000,5000,5000,5000,5000,5000,5000,5000,5000,5000,5000,5000,5000,5000,5000,5000,0.005,5000,5000,5000,5000,5000,5000,5000,5000,5000,5000,5000,5000,5000,5000,5000,5000,5000,5000
773.584,67.894,220.6,45.384,49.186,12.481,38.719,10.444,64.626,111.414,30.492,68.041,66.331,16.792,16.46,16.502,20.743,138.96,15.252,92.62,103.968,90.988,90.7,29.769,190.292,183.265,68.104,31.312,49.525,109.134,15.101,49.18,65.117,6.376,42.495,913.005,5000
5000,5000,5000,5000,5000,5000,5000,5000,5000,5000,5000,5000,5000,5000,5000,5000,5000,5000,5000,5000,5000,5000,5000,5000,5000,5000,5000,5000,5000,5000,5000,5000,5000,5000,5000,5000,5000
5000,5000,5000,5000,5000,5000,5000,5000,5000,5000,5000,5000,5000,5000,5000,5000,5000,5000,5000,5000,5000,5000,5000,5000,5000,5000,5000,5000,5000,5000,5000,5000,5000,5000,5000,5000,33.243
5000,5000,5000,5000,5000,5000,5000,5000,5000,5000,5000,5000,5000,5000,5000,5000,2.634,5000,5000,5000,5000,5000,5000,5000,5000,5000,5000,5000,5000,5000,5000,5000,5000,5000,5000,5000,573.575
5000,5000,5000,5000,5000,5000,5000,5000,5000,5000,5000,5000,5000,5000,5000,5000,2.49,5000,5000,5000,5000,5000,5000,5000,5000,5000,5000,5000,5000,5000,5000,5000,5000,5000,5000,5000,1084.09
83.295,325.997,595.385,303.313,105.672,286.335,288.561,121.207,364.274,232.984,228.63,293.519,219.982,285.998,301.552,218.867,393.198,212.143,785.987,213.558,204.846,391.645,378.633,144.836,322.113,316.513,259.691,141.93,284.522,228.357,158.665,213.356,421.19,440.68,76.349,1314.775,5000
226.778,458.063,706.255,476.543,73.34,358.206,316.49,143.142,608.91,306.488,252.351,286.093,364.281,335.95,358.979,368.606,585.532,394.017,959.436,220.401,230.19,429.206,404.626,178.946,211.912,218.616,191.426,167.54,247.899,274.024,242.196,214.31,734.941,810.917,68.159,1645.171,5000
241.117,871.565,1837.318,965.609,181.226,612.602,569.842,388.247,561.934,693.056,735.138,610.721,679.353,599.482,599.947,684.421,936.888,751.118,2140.256,454.571,461.174,585.285,551.399,441.054,503.545,457.964,392.281,437.259,490.735,694.737,421.514,516.008,1323.341,777.39,183.388,1641.91,5000
237.611,1386.381,2924.3,761.814,193.954,944.366,644.587,451.424,1118.973,806.09,950.442,717.023,925.352,1149.834,1146.099,922.833,952.476,819.087,2514.226,466.221,497.586,598.821,579.272,485.358,673.614,687.623,460.262,433.599,568.454,612.161,508.95,517.254,1229.287,809.853,217.242,1695.956,5000
348.356,1602.386,3719.014,1444.411,307.362,1069.418,755.155,567.924,1203.443,1071.312,1160.568,1154.011,1526.791,2295.775,2348.577,1557.387,1253.006,1476.712,3772.929,571.995,510.857,994.332,973.394,558.299,619.739,745.703,545.518,532.659,864.32,828.831,816.528,693.19,2766.673,1012.429,355.08,1868.407,5000
432.424,1799.671,4319.073,1312.83,398.195,1746.583,988.271,594.571,903.869,1195.135,2496.669,1623.404,1829.589,2927.12,2841.593,1831.265,1448.854,1046.133,4325.25,749.162,619.942,903.293,871.398,577.253,1092.497,909.47,588.153,839.166,733.405,1090.215,911.896,721.466,2450.33,1046.73,415.602,1927.87,5000
440.925,1684.906,5000,1470.342,353.907,1541.796,1077.21,494.707,942.855,1826.79,1399.996,2276.309,1568.932,3070.629,3020.764,1641.927,1760.771,1440.96,4043.914,515.931,859.964,1020.78,999.687,649.426,899.98,1027.458,704.455,703.821,956.212,1018.487,812.717,842.365,2115.552,1436.477,412.021,2312.048,5000
377.89,2246.732,5000,5000,5000,5000,5000,5000,5000,5000,363.677,5000,5000,5000,5000,5000,0.544,5000,5000,5000,5000,5000,5000,5000,5000,5000,5000,5000,5000,5000,5000,5000,5000,5000,316.03,5000,7.049
0.92,3288.55,5000,275.453,5000,5000,5000,5000,5000,5000,375.267,5000,5000,5000,5000,5000,5000,5000,5000,5000,5000,5000,5000,5000,5000,5000,5000,5000,5000,5000,5000,5000,5000,5000,1.069,5000,23.003
1.08,1862.744,5000,0.222,5000,5000,5000,5000,5000,5000,378.351,5000,5000,5000,5000,5000,5000,5000,5000,5000,5000,5000,5000,5000,5000,5000,5000,5000,5000,5000,5000,5000,4456.142,5000,141.237,5000,1.974
0.84,51.75,5000,0.325,5000,5000,5000,5000,5000,5000,559.881,5000,5000,5000,5000,5000,0.75,5000,5000,5000,5000,5000,5000,5000,5000,5000,5000,5000,5000,5000,5000,5000,5000,5000,127.829,5000,70.125
5000,1589.082,133.471,672.4,122.513,135.046,113.045,800.18,115.684,121.063,49.844,61.807,64.47,59.588,59.363,47.225,89.025,70.46,244.688,335.409,149.385,148.449,151.562,170.183,528.534,592.077,564.024,142.722,103.634,73.786,124.966,563.022,345.928,71.755,5000,977.981,5000
5000,1751.755,156.832,55.542,154.277,59.683,68.136,311.575,83.183,175.651,80.681,54.536,44.202,92.86,90.843,54.307,74.774,103.825,224.164,116.54,49.236,63.979,64.175,184.121,108.307,122.688,211.647,147.767,114.693,87.581,62.56,403.817,585.586,16.604,5000,923.062,5000
43.284,0.58,25.219,26.639,76.203,40.844,14.331,1314.207,25.082,63.917,53.798,22.009,17.073,15.047,15.026,25.411,24.85,23.233,32.832,11.494,23.381,11.177,10.984,19.98,17.125,23.738,23.225,19.441,5.735,17.684,24.351,20.712,105.738,20.301,53.585,487.779,5000
4441.799,1512.525,3784.876,3093.032,3383.575,4915.524,5000,5000,4612.765,4244.816,1810.006,2853.155,3663.772,5000,5000,4075.711,5000,4739.623,5000,5000,5000,5000,4891.531,5000,5000,5000,5000,5000,5000,5000,5000,5000,5000,5000,5000,5000,5000
57.126,43.029,136.844,99.007,204.323,114.122,219.655,173.799,208.873,230.293,78.844,84.738,84.354,104.69,113.087,107.22,216.447,110.504,88.428,178.307,165.5,178.933,176.119,177.019,232.306,212.004,169.16,168.521,216.098,228.589,204.477,226.718,342.453,161.273,85.084,666.476,5000
322.201,145.774,424.412,231.288,728.188,452.374,558.011,408.523,755.041,748.899,348.54,242.206,410.665,453.358,467.217,411.189,1107.388,402.19,232.082,319.606,389.819,324.826,317.335,349.308,442.853,426.048,360.293,354.46,570.469,495.456,421.216,466.853,2741.015,509.167,127.891,637.59,5000
412.032,322.052,353.015,409.23,479.264,372.743,1050.425,2037.115,588.864,795.086,734.35,259.74,354.61,351.6,360.91,287.024,1183.108,368.289,820.372,742.324,868.639,744.117,738.791,928.897,1201.395,1002.029,815.424,878.835,529.541,684.667,649.838,1522.527,1620.708,332.232,894.391,955.357,5000
13.234,14.314,146.441,80.614,7.107,5000,18.256,10.494,2492.21,7.978,10.761,73.061,26.265,25.524,24.492,18.028,6.375,19.398,597.872,17.732,18.534,51.41,50.465,11.867,23.038,22.742,6.413,11.527,24.944,19.789,8.377,14.198,8.478,31.151,13.367,936.583,5000
86.309,51.735,157.937,75.441,103.775,152.867,123.135,85.05,157.66,101.685,154.237,68.267,160.009,160.702,167.471,167.395,139.147,143.363,121.837,73.677,79.577,73.655,73.359,68.288,72.778,69.382,69.031,72.061,93.431,118.972,119.811,75.699,178.264,87.885,100.574,254.397,5000
157.306,136.291,238.037,95.056,147.907,228.897,166.895,108.34,244.239,154.567,238.058,108.983,192.904,210.239,209.998,211.685,219.667,226.842,132.997,86.473,90.058,84.747,88.465,86.622,98.19,91.747,86.634,85.858,138.901,154.012,145.799,90.004,196.778,121.196,142.718,280.206,5000
5000,191.692,5000,448.735,135.553,1031.572,156.104,268.395,165.042,316.602,853.786,796.739,876.742,1033.992,1026.929,890.615,835.836,1142.737,1080.277,400.958,308.5,392.322,397.271,297.221,393.429,363.956,297.387,289.157,124.596,208.223,252.461,314.031,343.68,77.008,1244.282,1021.198,5000
5000,346.518,5000,743.238,255.687,1730.022,251.758,408.912,203.808,786.297,1662.608,1577.086,1911.33,1825.085,1716.999,2010.624,1467.057,1506.289,1457.482,876.835,447.32,915.54,873.161,611.064,364.605,362.29,638.245,586.243,227.353,312.957,298.194,267.877,920.055,286.056,642.816,1225.01,5000
123.276,60.543,1469.729,176.1,82.126,193.496,65.107,51.919,50.548,39.438,118.539,178.944,117.447,120.584,118.542,117.181,92.797,93.773,416.061,99.162,105.065,97.047,98.2,66.194,87.837,91.346,94.761,65.04,75.797,57.161,64.064,132.043,124.337,60.391,196.61,992.651,5000
178.064,58.891,1117.202,59.929,32.47,71.04,32.192,31.622,31.559,21.426,92.133,110.246,101.533,101.715,99.821,101.808,144.39,147.774,87.037,40.671,39.701,40.869,42.33,30.825,52.873,59.729,31.726,30.866,32.248,32.211,31.291,55.183,27.289,68.911,30.824,1012.511,5000
110.585,4.69,821.251,3.001,47.965,4.089,50.989,45.377,45.107,14.894,3.559,3.323,3.667,3.714,3.363,3.44,2.923,3.862,48.348,57.099,56.185,56.094,55.703,43.402,63.182,58.991,43.862,44.057,45.662,48.796,44.709,63.68,13.298,63.902,43.814,1017.148,5000
5000,121.932,2385.311,188.994,93.596,993.692,117.534,86.053,141.905,47.504,125.425,69.692,78.88,77.937,78.187,79.665,83.394,94.009,311.482,110.734,104.619,111.497,112.121,92.453,126.641,123.208,97.828,94.054,91.041,95.092,87.478,120.047,86.633,100.022,146.369,1052.683,5000
1425.664,68.705,2800.354,33.284,53.291,51.01,51.099,53.018,48.821,26.766,19.136,32.966,18.39,19.217,21.44,18.132,14.717,19.877,56.996,63.266,72.241,63.458,63.85,51.509,83.904,91.433,51.606,50.215,55.029,53.58,49.857,78.672,25.18,60.455,80.314,1012.097,5000
126.987,49.025,1346.027,111.551,78.202,106.963,51.923,56.981,54.25,51.43,54.224,75.411,48.393,49.372,54.779,48.202,162.895,114.825,171.849,52.101,53.895,51.462,51.213,58.581,78.129,77.035,64.9,56.628,46.432,45.465,56.9,66.881,40.472,59.472,96.452,994.692,5000
284.526,480.68,222.083,70.747,95.362,30.595,12.497,119.599,12.176,518.498,5000,601.848,2149.327,635.79,653.525,1230.744,2573.01,270.027,80.971,64.227,49.929,38.015,38.353,45.635,251.996,113.286,27.48,136.222,12.266,9.765,39.557,140.207,1482.567,273.557,144.988,1172.934,5000
470.043,522.147,134.894,142.247,519.122,107.893,28.823,131.766,24.222,1694.078,5000,199.155,287.227,1680.46,1673.398,2010.58,3217.498,5000,109.882,132.395,98.654,152.878,150.07,128.473,170.331,197.926,175.6,145.982,28.258,34.923,46.031,148.071,1403.072,569.033,1639.284,1464.852,5000
378.134,10.027,2811.897,184.686,1494.95,5000,2377.273,430.215,3338.84,1322.917,379.712,5000,2754.539,5000,5000,2996.189,1049.609,3030.833,0.04,598.952,483.156,599.956,596.298,517.657,295.932,390.637,586.701,587.634,4596.98,1417.9,1008.351,597.941,1441.714,838.642,526.928,1611.617,5000
5000,29.29,5000,5000,5000,5000,5000,5000,5000,5000,5000,5000,5000,5000,5000,5000,5000,5000,5000,5000,5000,5000,5000,5000,5000,412.317,5000,5000,5000,5000,5000,350.03,5000,5000,5000,5000,5000
5000,1207.423,5000,5000,5000,5000,5000,5000,5000,5000,5000,5000,5000,5000,5000,5000,5000,5000,5000,5000,5000,5000,5000,5000,5000,5000,5000,5000,5000,5000,5000,5000,5000,5000,5000,5000,5000
5000,1828.042,5000,5000,5000,5000,5000,5000,5000,5000,5000,5000,5000,5000,5000,5000,5000,5000,5000,5000,5000,5000,5000,5000,5000,5000,5000,5000,5000,5000,5000,5000,5000,5000,5000,5000,5000
208.803,7.96,4086.629,234.772,1530.548,3238.618,190.716,191.388,1932.33,1648.667,58.072,5000,2437.714,5000,5000,2587.789,942.513,3350.439,0.02,149.521,145.726,151.355,149.983,203.816,144.477,198.484,145.146,124.477,273.167,161.119,95.336,301.658,3379.281,5000,298.715,5000,5000
5000,5000,5000,5000,5000,5000,5000,5000,5000,5000,5000,5000,5000,5000,5000,5000,5000,5000,5000,5000,5000,5000,5000,5000,5000,5000,5000,5000,5000,5000,5000,5000,5000,5000,5000,5000,5000
1.52,2.115,55.371,4.488,8.773,98.197,12.834,0.788,62.374,7.857,30.998,8.477,26.943,24.752,24.723,27.319,6.855,13.869,6.579,0.878,6.839,0.99,0.939,2.917,2.369,4.593,0.298,3.027,4.31,7.941,3.375,2.241,0.98,10.906,0.4,0.19,0.885
2.064,3.019,10.117,35.715,2.215,3.421,3.574,2.346,476.756,1.559,32.127,2.369,61.823,7.667,7.811,63.441,12.99,63.251,169.041,1.502,2.283,1.592,1.439,1.213,0.416,0.404,2.416,1.379,126.95,3.04,1.8,0.46,2.028,90.325,2.931,982.937,5000
3.307,4.308,2917.846,41.289,7.379,4.363,7.35,2.607,2457.016,4.436,34.028,3.846,5000,5000,5000,5000,542.377,5000,1273.246,4.359,6.541,4.177,4.091,3.054,7.25,6.309,2.759,2.959,5000,9.891,4.406,6.773,2.3,5000,4.063,5000,5000
5.71,0.68,3.252,66.105,5000,23.769,201.045,2509.97,107.916,5000,5000,5000,5000,5000,5000,5000,5000,0.957,45.232,2.465,2.898,2.87,2.538,5000,5000,5000,5000,5000,5000,5000,5000,1957.48,5000,3.586,5000,906.655,5000
5000,28.422,4323.815,5000,5000,38.757,4404.602,5000,146.965,5000,5000,5000,5000,5000,5000,5000,5000,26.93,68.802,5000,5000,5000,5000,5000,5000,5000,5000,5000,5000,5000,5000,2533.366,5000,30.336,5000,933.377,5000
5000,9.831,11.12,216.013,5000,183.596,68.978,2495.81,55.508,5000,5000,5000,5000,5000,5000,5000,5000,6.362,34.673,5000,5000,5000,5000,5000,15.325,21.957,5000,5000,5000,5000,5000,5000,5000,3.577,5000,906.943,5000
5000,1.62,4.229,73.047,5000,149.102,362.682,2776.36,834.268,5000,5000,5000,5000,5000,5000,5000,5000,1.58,31.807,5000,5000,5000,5000,5000,5.347,5.439,5000,5000,5000,5000,5000,4.122,5000,3.661,5000,906.726,5000
5000,130.841,5000,4836.107,5000,5.225,94.238,5000,49.243,5000,5000,5000,5000,5000,5000,5000,5000,8.851,114.509,5000,5000,5000,5000,5000,5000,5000,5000,5000,5000,5000,5000,2577.716,5000,3.397,5000,906.871,5000
5000,11.432,11.916,259.967,5000,145.651,167.062,2896.9,287.387,5000,5000,5000,5000,5000,5000,5000,5000,5000,31.8,620.275,5000,5000,5000,5000,5000,5000,5000,1084.153,5000,5000,5000,2529.49,5000,3.334,5000,907.012,5000
0.506,0.337,1.942,24.606,5000,1.84,1.949,2487.79,1.79,5000,5000,5000,5000,5000,5000,5000,5000,0.645,28.939,1.91,1.868,1.672,1.87,5000,1.895,1.747,2140.684,5000,5000,5000,5000,1.85,5000,3.901,2.496,907.599,5000
5000,1.336,6.228,167.726,5000,104.595,30.665,2488.32,72.418,5000,5000,5000,5000,5000,5000,5000,5000,2.019,32.236,5000,5000,5000,5000,5000,13.871,15.004,5000,5000,5000,5000,5000,2497.625,5000,3.81,5000,907.417,5000
1.072,0.411,1.946,27.721,5000,1.21,2.106,2494.77,2.248,5000,5000,5000,5000,5000,5000,5000,5000,0.688,31.446,1.759,1.816,1.934,1.759,5000,2.34,2.35,5000,5000,5000,5000,5000,1.973,5000,3.355,5000,906.797,5000
5000,136.138,5000,1482.792,5000,117.795,65.279,5000,115.137,5000,5000,53.202,5000,5000,5000,5000,5000,5000,72.307,5000,5000,5000,5000,5000,5000,5000,5000,5000,5000,5000,5000,2685.807,5000,3.31,5000,907.343,5000
0.943,0.589,1.763,28.656,5000,63.936,2.07,386.018,2.014,5000,5000,5000,5000,5000,5000,5000,5000,0.77,31.015,1.951,1.785,1.864,1.861,5000,2.248,2.42,875.002,5000,5000,5000,5000,2.157,5000,3.463,2.691,906.853,5000
5000,18.812,12.798,263.889,5000,149.496,513.543,5000,758.713,5000,5000,5000,5000,5000,5000,5000,5000,8.548,69.405,5000,5000,5000,5000,5000,5000,5000,5000,5000,5000,5000,5000,2589.253,5000,3.306,5000,906.856,5000
5000,4.058,4.86,192.797,5000,575.537,207.629,5000,434.276,5000,5000,5000,5000,5000,5000,5000,5000,1.884,35.273,5000,5000,5000,5000,5000,14.902,17.96,5000,5000,5000,5000,5000,2560.546,5000,3.95,5000,906.667,5000
1.073,0.805,2.241,33.575,5000,22.849,22.221,2530.15,6.474,5000,5000,5000,5000,5000,5000,5000,5000,0.96,28.629,2.184,2.28,2.288,2.444,5000,2.61,2.62,5000,5000,5000,5000,5000,2.372,5000,4.259,5000,908.029,5000
5000,0.69,3.215,29.817,5000,67.321,16.747,2502.233,10.074,5000,5000,5000,5000,5000,5000,5000,5000,0.853,29.181,2.164,2.132,2.221,2.223,5000,2.789,2.516,895.703,5000,5000,5000,5000,2.468,5000,3.805,5000,907.212,5000
5000,349.79,5000,4097.903,5000,35.466,5000,5000,897.091,5000,5000,5000,5000,5000,5000,5000,5000,5000,258.78,5000,5000,5000,5000,5000,5000,5000,5000,5000,5000,5000,5000,2633.635,5000,3.301,5000,906.891,5000
17.146,0.792,2.812,35.581,5000,404.088,28.454,3308.33,3.698,5000,5000,5000,5000,5000,5000,5000,5000,1.05,27.589,2.61,2.257,2.414,2.22,5000,3.274,3.71,5000,5000,5000,5000,5000,3.303,5000,3.688,5000,907.216,5000
5000,1184.64,5000,5000,5000,5000,5000,5000,5000,5000,5000,5000,5000,5000,5000,5000,5000,5000,5000,5000,5000,5000,5000,5000,5000,5000,5000,5000,5000,5000,5000,5000,5000,0.399,5000,0.533,5000
5000,5000,5000,5000,5000,5000,5000,5000,5000,5000,5000,5000,5000,5000,5000,5000,5000,5000,5000,5000,5000,5000,5000,5000,5000,5000,5000,5000,5000,5000,5000,5000,5000,0.457,5000,0.721,5000
127.6,195.164,618.339,248.253,334.435,443.915,285.391,132.587,486.983,338.862,227.173,313.146,382.38,431.804,440.322,435.189,329.946,479.223,225.717,157.065,163.619,157.244,156.556,146.538,153.725,151.904,142.978,151.212,283.522,284.724,231.094,143.693,1224.659,647.867,133.971,723.783,5000
252.003,489.602,1606.963,600.634,1034.385,1518.706,824.353,288.571,1760.104,980.949,440.829,1005.579,1128.617,1294.023,1297.158,1313.047,1043.044,1537.047,570.988,330.445,339.222,315.547,323.376,303.496,308.859,297.043,317.654,311.214,725.722,770.6,606.581,301.171,3109.693,1406.874,256.473,1425.649,5000
614.668,1380.125,4985.509,1874.52,2655.964,4081.718,1984.292,790.405,2981.991,2798.943,911.415,2670.299,3370.816,4141.208,4230.955,3415.361,2678.344,3797.862,1331.231,733.215,763.862,734.461,727.795,741.223,716.486,683.005,725.014,722.736,1957.318,1969.841,1892.498,722.85,5000,4216.802,583.053,4124.947,5000
5000,5000,5000,5000,5000,5000,5000,5000,5000,5000,5000,5000,5000,5000,5000,5000,5000,5000,5000,5000,5000,5000,5000,5000,5000,5000,5000,5000,5000,5000,5000,5000,5000,5000,5000,5000,5000
5000,5000,5000,5000,5000,5000,5000,5000,5000,5000,5000,5000,5000,5000,5000,5000,5000,5000,5000,5000,5000,5000,5000,5000,5000,5000,5000,5000,5000,5000,5000,5000,5000,5000,5000,5000,5000
5000,5000,5000,5000,5000,5000,5000,5000,5000,5000,5000,5000,5000,5000,5000,5000,5000,5000,5000,5000,5000,5000,5000,5000,5000,5000,5000,5000,5000,5000,5000,5000,5000,5000,5000,5000,5000
5000,5000,5000,5000,5000,5000,5000,5000,5000,5000,5000,5000,5000,5000,5000,5000,5000,5000,5000,5000,5000,5000,5000,5000,5000,5000,5000,5000,5000,5000,5000,5000,5000,5000,5000,5000,5000
6.901,10.132,92.196,1.34,66.011,65.26,65.095,64.721,66.266,63.696,66.736,64.096,43.43,63.713,65.16,63.663,66.047,65.724,21.782,71.577,73.948,71.588,71.912,65.908,69.037,72.255,67.285,64.794,64.615,65.522,63.362,68.628,58.877,12.698,66.094,927.809,5000
15.721,28.578,153.116,1.261,118.56,120.18,114.349,118.19,113.586,112.331,116.844,116.438,93.783,113.961,115.231,117.75,118.823,118.483,46.197,123.477,126.366,126.283,125.713,117.296,119.693,120.6,115.772,121.074,116.902,116.722,120.39,121.648,111.364,16.07,116.648,242.652,5000
137.024,5.387,134.88,2.965,130.461,129.422,125.788,129.448,127.339,127.721,129.819,127.72,78.732,127.857,125.766,125.082,132.043,124.192,40.782,129.33,133.495,133.35,130.892,128.76,131.741,127.795,129.507,129.139,128.808,122.075,126.676,124.921,123.122,15.971,127.615,18.957,2079.664
441.492,15.705,84.535,64.554,25.487,1.32,7.193,2.819,2.587,369.484,49.001,0.928,1.129,201.555,210.131,175.887,1.243,139.574,95.792,86.122,146.895,39.002,38.773,2.307,55.335,38.398,256.601,2.331,2.336,3.297,7.29,13.076,1097.101,289.487,2.093,1193.569,5000
2120.53,4.004,864.726,51.76,146.141,363.385,78.33,305.176,304.229,3067.845,3017.688,1.266,1.747,370.457,370.158,1730.815,62.425,1481.566,51.844,33.548,6.2,23.65,23.424,1.96,491.454,49.482,47.656,1.891,2.955,2.41,39.651,551.296,1169.264,3324.069,5000,4214.186,5000
178.948,299.803,307.6,193.767,232.221,265.478,217.607,151.893,380.231,224.47,221.233,213.382,243.521,265.996,272.51,214.553,363.575,222.714,393.316,176.642,197.86,176.082,168.704,152.219,145.426,135.301,179.493,149.157,183.339,122.127,118.546,206.531,558.892,300.003,22.394,995.903,5000
5000,5000,5000,5000,5000,5000,5000,5000,5000,5000,5000,5000,5000,5000,5000,5000,5000,5000,5000,5000,5000,5000,5000,5000,5000,5000,5000,5000,5000,5000,5000,5000,5000,5000,5000,5000,5000
5000,5000,5000,5000,5000,5000,5000,5000,5000,5000,5000,5000,5000,5000,5000,5000,5000,5000,5000,5000,5000,5000,5000,5000,5000,5000,5000,5000,5000,5000,5000,5000,5000,5000,5000,5000,5000
5000,5000,5000,5000,5000,5000,5000,5000,5000,5000,5000,5000,5000,5000,5000,5000,5000,5000,5000,5000,5000,5000,5000,5000,5000,5000,5000,5000,5000,5000,5000,5000,5000,5000,5000,5000,5000
5000,5000,5000,5000,5000,5000,5000,5000,5000,5000,5000,5000,5000,5000,5000,5000,5000,5000,5000,5000,5000,5000,5000,5000,5000,5000,5000,5000,5000,5000,5000,5000,5000,5000,84.66,5000,5000
5000,5000,5000,5000,5000,5000,5000,5000,5000,5000,5000,5000,5000,5000,5000,5000,5000,5000,5000,5000,5000,5000,5000,5000,5000,5000,5000,5000,5000,5000,5000,5000,5000,5000,5000,5000,5000
5000,5000,5000,5000,5000,5000,5000,5000,5000,5000,5000,5000,5000,5000,5000,5000,5000,5000,5000,5000,5000,5000,5000,5000,5000,5000,5000,5000,5000,5000,5000,5000,5000,5000,5000,5000,5000
162.883,345.315,324.324,158.702,165.856,279.923,177.192,169.126,287.537,245.549,249.345,200.602,242.517,302.597,294.426,252.713,241.567,259.615,364.461,227.011,157.705,216.688,217.28,166.842,186.752,171.446,155.996,165.547,131.059,243.211,186.357,170.432,464.042,299.08,140.681,1009.968,5000
5000,5000,5000,5000,5000,5000,5000,5000,5000,5000,5000,5000,5000,5000,5000,5000,5000,5000,5000,5000,5000,5000,5000,5000,5000,5000,5000,5000,5000,5000,5000,5000,5000,5000,5000,5000,5000
5000,5000,5000,5000,5000,5000,5000,5000,5000,5000,5000,5000,5000,5000,5000,5000,5000,5000,5000,5000,5000,5000,5000,5000,5000,5000,5000,5000,5000,5000,5000,5000,5000,5000,5000,5000,5000
6.689,2.782,7.491,5.093,6.656,14.891,8.117,18.071,5.054,11.089,4.364,1.558,8.141,8.909,8.86,10.738,4.57,1.186,19.08,22.412,21.026,15.26,15.111,1.715,20.452,10.81,15.226,1.786,0.61,0.396,1.62,14.288,6.583,7.196,13.95,325.514,5000
249.641,296.475,165.797,432.802,217.275,384.099,411.263,85.415,114.354,327.122,395.747,105.44,35.852,385.145,384.481,108.061,42.175,26.667,742.782,249.311,147.013,250.777,246.758,414.715,247.285,100.731,164.902,483.49,153.279,25.712,153.689,153.25,393.059,626.026,298.345,1098.123,5000
5000,5000,5000,5000,5000,5000,5000,5000,5000,5000,2256.595,5000,5000,5000,5000,5000,5000,5000,5000,5000,5000,5000,5000,5000,5000,5000,5000,5000,5000,5000,5000,5000,5000,5000,264.471,5000,5000
5000,5000,5000,5000,5000,5000,5000,5000,5000,5000,5000,5000,5000,5000,5000,5000,5000,5000,5000,5000,5000,5000,5000,5000,5000,5000,5000,5000,5000,5000,5000,5000,5000,5000,5000,5000,5000
5000,5000,5000,5000,5000,5000,5000,5000,5000,5000,5000,5000,5000,5000,5000,5000,5000,5000,5000,5000,5000,5000,5000,5000,5000,5000,5000,5000,5000,5000,5000,5000,5000,5000,5000,5000,5000
5000,5000,5000,5000,5000,5000,5000,5000,5000,5000,5000,5000,5000,5000,5000,5000,5000,5000,5000,5000,5000,5000,5000,5000,5000,5000,5000,5000,5000,5000,5000,5000,5000,5000,5000,5000,5000
5000,5000,5000,5000,5000,5000,5000,5000,5000,5000,5000,5000,5000,5000,5000,5000,5000,5000,5000,5000,5000,5000,5000,5000,5000,5000,5000,5000,5000,5000,5000,5000,5000,5000,5000,5000,5000
663.006,859.812,725.692,263.385,83.37,476.615,425.856,184.723,141.148,295.925,336.235,690.319,356.828,92.807,92.978,51.452,318.223,905.376,670.981,129.837,313.35,133.069,128.428,25.682,195.641,346.029,91.124,25.668,283.277,326.982,297.97,258.489,1303.615,749.03,137.763,1282.211,1702.49
5000,5000,5000,5000,5000,5000,5000,5000,5000,5000,5000,5000,5000,5000,5000,5000,5000,5000,5000,5000,5000,5000,5000,5000,5000,5000,5000,5000,5000,5000,5000,5000,5000,5000,5000,5000,5000
5000,5000,5000,5000,5000,5000,5000,5000,5000,5000,5000,5000,5000,5000,5000,5000,5000,5000,5000,5000,5000,5000,5000,5000,5000,5000,5000,5000,5000,5000,5000,5000,5000,5000,5000,5000,5000
169.684,16.896,68.015,711.158,284.754,431.815,464.396,615.144,488.816,182.173,318.695,325.643,336.482,346.653,332.193,378.324,361.386,377.761,896.833,612.061,651.607,664.59,640.382,562.023,574.549,511.55,610.705,573.163,647.04,405.052,401.637,664.472,348.558,555.65,140.725,1483.657,5000
5000,5000,5000,5000,5000,5000,5000,5000,5000,5000,5000,5000,5000,5000,5000,5000,649.952,5000,5000,5000,5000,5000,5000,5000,5000,5000,5000,5000,5000,5000,5000,88.004,5000,5000,5000,5000,5000
5000,5000,5000,5000,5000,5000,5000,5000,5000,5000,5000,5000,5000,5000,5000,5000,5000,5000,5000,5000,5000,5000,5000,5000,5000,5000,5000,5000,5000,5000,5000,5000,5000,5000,5000,5000,5000
5000,5000,5000,5000,5000,5000,5000,5000,5000,5000,5000,5000,5000,5000,5000,5000,5000,5000,5000,5000,5000,5000,5000,5000,5000,5000,5000,5000,5000,5000,5000,5000,5000,5000,5000,5000,5000
5000,5000,5000,5000,5000,5000,5000,5000,5000,5000,5000,5000,5000,5000,5000,5000,2874.458,5000,5000,5000,5000,5000,5000,5000,5000,5000,5000,5000,5000,5000,5000,92.596,5000,5000,5000,5000,5000
5000,5000,5000,5000,5000,5000,5000,5000,5000,5000,5000,5000,5000,5000,5000,5000,5000,5000,5000,5000,5000,5000,5000,5000,5000,5000,5000,5000,5000,5000,5000,5000,5000,5000,5000,5000,5000
58.121,5000,4462.772,5000,31.25,5000,415.927,258.239,2611.141,55.813,959.815,5000,1752.402,5000,5000,2244.302,45.993,11.854,5000,277.237,262.754,270.724,272.802,284.561,393.672,321.188,327.393,273.993,46.248,377.258,312.987,84.207,5000,15.765,77.334,933.817,5000
5000,5000,5000,5000,5000,5000,5000,5000,5000,5000,5000,5000,5000,5000,5000,5000,1050.503,5000,5000,5000,5000,5000,5000,5000,5000,5000,5000,5000,5000,5000,5000,289.287,5000,5000,5000,5000,5000
5000,5000,5000,5000,5000,5000,5000,5000,5000,5000,5000,5000,5000,5000,5000,5000,5000,5000,5000,5000,5000,5000,5000,5000,5000,5000,5000,5000,5000,5000,5000,5000,5000,5000,5000,5000,5000
5000,5000,5000,5000,5000,5000,5000,5000,5000,5000,5000,5000,5000,5000,5000,5000,5000,5000,5000,5000,5000,5000,5000,5000,5000,5000,5000,5000,5000,5000,5000,5000,5000,5000,5000,5000,5000
5000,5000,5000,5000,5000,5000,5000,5000,5000,5000,5000,5000,5000,5000,5000,5000,5000,5000,5000,5000,5000,5000,5000,5000,5000,5000,5000,5000,5000,5000,5000,5000,5000,5000,5000,5000,5000
5000,5000,5000,5000,5000,5000,5000,5000,5000,5000,5000,5000,5000,5000,5000,5000,5000,5000,5000,5000,5000,5000,5000,5000,5000,5000,5000,5000,5000,5000,5000,5000,5000,5000,5000,5000,5000
5000,5000,5000,5000,5000,5000,5000,5000,5000,5000,5000,5000,5000,5000,5000,5000,5000,5000,5000,5000,5000,5000,5000,5000,5000,5000,5000,5000,5000,5000,5000,5000,5000,5000,5000,5000,5000
3064.903,279.563,216.266,449.485,228.832,262.762,875.91,1026.489,771.352,350.335,281.634,223.968,289.971,293.641,283.162,347.796,654.087,311.909,892.823,1612.485,1393.82,1182.164,1184.216,1454.457,960.166,805.094,1560.838,1440.239,392.486,786.509,679.712,1550.402,5000,296.475,2398.562,457.481,5000
5000,739.192,1198.501,1835.217,1291.197,1416.789,3873.607,5000,2769.963,2242.917,5000,1014.369,1662.935,1995.453,2038.86,1526.97,5000,1529.055,5000,4989.181,3841.454,4891.424,3602.793,5000,3875.386,4279.307,5000,5000,1802.111,2692.807,2731.532,5000,5000,1214.964,5000,1353.969,5000
5000,2316.749,4369.07,5000,5000,5000,5000,5000,5000,5000,5000,3926.49,5000,5000,5000,5000,5000,4584.667,5000,5000,5000,5000,5000,5000,5000,5000,5000,5000,5000,5000,5000,5000,5000,5000,5000,5000,5000
5000,2864.795,5000,5000,5000,5000,5000,5000,5000,5000,5000,5000,5000,5000,5000,5000,5000,5000,5000,5000,5000,5000,5000,5000,5000,5000,5000,5000,5000,5000,5000,5000,5000,5000,5000,5000,5000
5000,3398.567,5000,5000,5000,5000,5000,5000,5000,5000,5000,5000,5000,5000,5000,5000,5000,5000,5000,5000,5000,5000,5000,5000,5000,5000,5000,5000,5000,5000,5000,5000,5000,5000,5000,5000,5000
5000,4150.193,5000,5000,5000,5000,5000,5000,5000,5000,5000,5000,5000,5000,5000,5000,5000,5000,5000,5000,5000,5000,5000,5000,5000,5000,5000,5000,5000,5000,5000,5000,5000,5000,5000,5000,5000
5000,449.991,3204.92,19.076,989.043,719.312,954.95,3145.054,531.375,1181.476,5000,76,713.541,779.434,781.235,755.676,5000,1394.788,88.405,672.489,110.613,594.228,604.712,2571.013,5000,5000,2564.57,2561.478,1374.773,957.645,799.258,2586.272,5000,75.105,5000,176.804,5000
5000,753.578,5000,38.014,4470.095,5000,3554.622,5000,2733.912,4985.457,5000,740.178,4219.33,5000,5000,4421.837,5000,5000,161.917,2573.842,2593.36,2586.498,2573.032,2604.714,5000,5000,2588.79,2604.551,4715.875,2545.971,4204.762,2593.235,5000,240.853,5000,346.935,5000
5000,1097.473,5000,99.885,5000,5000,5000,5000,5000,5000,5000,1420.758,5000,5000,5000,5000,5000,5000,487.842,2621.536,2604.026,2607.92,2605.934,2625.453,5000,5000,2630.368,2631.26,5000,5000,5000,2634.211,5000,205.906,5000,336.737,5000
5000,5000,5000,349.66,5000,5000,5000,5000,5000,5000,5000,5000,5000,5000,5000,5000,5000,5000,4894.578,2689.502,2683.586,2701.174,2700.579,2711.556,5000,5000,2685.796,2693.626,5000,5000,5000,2705.76,5000,743.948,5000,906.654,5000
5000,5000,5000,611.847,5000,5000,5000,5000,5000,5000,5000,5000,5000,5000,5000,5000,5000,5000,4915.62,2703.735,2710.16,2744.657,2757.11,2775.57,5000,5000,2763.648,2756.588,5000,5000,5000,2766.022,5000,1469.27,5000,1610.913,5000
5000,5000,5000,854.123,5000,5000,5000,5000,5000,5000,5000,5000,5000,5000,5000,5000,5000,5000,5000,2738.109,2742.33,2759.19,2760.46,2732.378,5000,5000,2764.579,2760.693,5000,5000,5000,2751.31,5000,5000,5000,5000,5000
5000,5000,5000,796.162,5000,5000,5000,5000,5000,5000,5000,5000,5000,5000,5000,5000,5000,5000,5000,2771.076,2761.78,2775.472,2772.358,2755.579,5000,5000,2744.373,2763.984,5000,5000,5000,2741.474,5000,2279.876,5000,2352.771,5000
