405.164,5000,5000,2553.425,5000,5000,1223.485,5000,4223.117,5000,4029.558,5000,5000,5000,5000,5000,5000,5000,5000,5000,5000,5000,5000,5000,5000,1749.333,3982.925,5000,5000,5000,2776.292,5000,5000,5000,5000,989.887,5000,1743.851,5000
5000,5000,5000,5000,5000,5000,5000,5000,5000,5000,5000,5000,5000,5000,5000,5000,5000,5000,5000,5000,5000,5000,5000,5000,5000,5000,5000,5000,5000,5000,5000,5000,5000,5000,5000,5000,5000,5000,5000
5000,5000,5000,5000,5000,5000,5000,5000,5000,5000,5000,5000,5000,5000,5000,5000,5000,5000,5000,5000,5000,5000,5000,5000,5000,5000,5000,5000,5000,5000,5000,5000,5000,5000,5000,5000,5000,5000,5000
5000,5000,5000,5000,5000,5000,407.81,5000,5000,5000,700.682,5000,5000,5000,5000,5000,5000,5000,5000,5000,5000,5000,5000,5000,5000,5000,5000,5000,5000,5000,5000,5000,5000,5000,5000,5000,19.727,5000,1.952
5000,3348.561,5000,5000,5000,520.494,5000,5000,47.441,5000,5000,5000,5000,5000,5000,5000,5000,5000,5000,5000,5000,5000,5000,5000,4382.72,5000,2788.481,1074.906,312.138,5000,1703.446,5000,5000,248.008,5000,5000,0.976,2618.736,0.012
5000,5000,5000,5000,5000,5000,5000,5000,5000,5000,5000,5000,5000,5000,5000,5000,5000,5000,5000,2892.063,5000,5000,5000,5000,5000,5000,5000,787.811,5000,5000,5000,5000,5000,895.008,5000,5000,5.549,5000,42.939
3145.089,5000,5000,5000,86.853,5000,5000,5000,5000,5000,2088.149,5000,648.324,5000,5000,5000,5000,5000,5000,5000,5000,5000,5000,5000,5000,5000,2903.419,5000,79.405,5000,5000,5000,5000,1830.241,5000,5000,0.169,3308.333,0.045
5000,5000,5000,5000,347.435,5000,5000,5000,5000,5000,3228.737,5000,5000,5000,5000,5000,5000,5000,5000,5000,5000,75.189,74.275,75.773,5000,5000,5000,5000,5000,5000,1558.813,5000,2474.178,5000,5000,5000,1.015,5000,0.222
1047.218,5000,5000,5000,5000,5000,5000,5000,5000,5000,5000,5000,5000,5000,5000,5000,5000,5000,1760.711,5000,396.53,3891.809,5000,5000,5000,5000,3534.256,5000,1389.295,5000,4105.488,5000,5000,1970.363,5000,5000,0.615,5000,0.029
5000,5000,5000,5000,5000,4153.211,5000,5000,5000,5000,5000,5000,5000,5000,5000,5000,5000,5000,5000,2068.114,2105.438,1181.537,1134.441,1176.141,5000,5000,3550.406,5000,99.137,5000,5000,5000,5000,5000,5000,5000,0.418,5000,0.03
5000,86.31,5000,5000,5000,5000,1234.827,5000,5000,5000,5000,5000,5000,5000,5000,5000,5000,5000,5000,5000,5000,5000,5000,5000,5000,5000,5000,5000,5000,5000,5000,2489.676,5000,5000,5000,5000,142.564,5000,372.123
5000,5000,5000,5000,5000,2839.26,5000,5000,5000,5000,5000,5000,5000,5000,5000,5000,5000,5000,5000,5000,5000,318.225,296.995,302.832,5000,1503.456,5000,454.081,5000,1199.002,5000,5000,5000,5000,5000,5000,3.93,5000,0.933
1225.496,5000,5000,5000,2193.69,5000,762.7,5000,5000,5000,5000,5000,1196.876,5000,5000,5000,5000,5000,5000,5000,5000,5000,5000,5000,5000,5000,261.834,5000,5000,5000,5000,5000,5000,5000,5000,5000,0.661,5000,1.324
944.5,5000,5000,5000,5000,5000,5000,5000,5000,5000,5000,5000,5000,5000,5000,5000,5000,5000,5000,5000,5000,5000,5000,5000,5000,5000,5000,5000,5000,4406.302,5000,5000,5000,5000,5000,5000,0.609,5000,0.041
5000,5000,5000,5000,5000,5000,5000,5000,5000,5000,5000,5000,1678.332,5000,5000,5000,5000,5000,5000,5000,5000,5000,5000,5000,5000,5000,5000,5000,5000,5000,5000,5000,30.621,994.293,5000,1318.677,0.633,5000,0.076
1726.683,2403.997,5000,5000,2235.383,5000,5000,5000,5000,5000,5000,5000,5000,5000,5000,5000,5000,5000,5000,5000,5000,164.111,156.946,160.232,5000,5000,1540.155,5000,5000,5000,1918.238,5000,5000,2268.803,5000,1978.428,0.778,4665.172,0.007
5000,5000,5000,5000,5000,119.514,5000,5000,5000,5000,5000,5000,5000,5000,5000,5000,5000,5000,5000,5000,5000,5000,2621.582,5000,5000,5000,557.631,1538.607,5000,5000,1846.473,5000,5000,5000,5000,5000,0.173,1227.268,0.355
564.628,5000,5000,5000,5000,5000,5000,5000,34.793,1499.589,5000,5000,5000,4227.11,4049.053,5000,5000,5000,5000,5000,5000,5000,5000,5000,5000,437.93,2050.38,5000,1140.106,2448.542,813.968,5000,5000,3251.897,5000,5000,0.922,5000,0.37
411.8,5000,618.27,5000,5000,5000,143.048,5000,4084.99,5000,5000,5000,5000,5000,5000,5000,5000,5000,5000,5000,5000,5000,3980.496,5000,5000,5000,2026.79,5000,3111.207,5000,5000,5000,347.275,14.041,5000,5000,0.741,5000,0.288
844.501,5000,5000,3800.354,5000,5000,5000,5000,5000,5000,5000,5000,5000,5000,5000,5000,5000,5000,5000,1933.098,5000,5000,5000,5000,5000,3890.999,406.738,5000,917.141,2470.636,752.279,179.643,5000,2055.592,5000,5000,0.66,3222.018,0.615
1101.704,5000,5000,5000,5000,5000,212.024,5000,5000,2212.169,5000,5000,225.231,5000,5000,5000,5000,5000,5000,5000,5000,5000,5000,5000,5000,5000,1929.424,384.124,5000,1866.36,5000,5000,1902.729,96.671,5000,209.249,0.39,5000,0.328
5000,5000,5000,5000,5000,5000,5000,5000,3666.886,5000,5000,5000,5000,3735.465,3695.984,5000,5000,5000,5000,5000,5000,5000,2398.787,2435.193,5000,5000,3003.363,2163.963,449.824,1552.126,5000,5000,5000,5000,5000,5000,0.966,1737.725,0.691
5000,5000,5000,5000,5000,5000,281.655,5000,4569.072,5000,5000,5000,5000,5000,5000,5000,5000,5000,5000,5000,5000,1440.762,1392.801,1440.438,593.838,5000,1088.811,5000,5000,5000,5000,5000,3.063,1339.903,5000,5000,11.635,5000,3.886
5000,5000,5000,5000,5000,5000,5000,5000,5000,5000,5000,5000,5000,5000,5000,5000,5000,5000,5000,5000,5000,5000,5000,5000,5000,5000,5000,5000,5000,5000,5000,5000,5000,5000,5000,5000,5000,5000,5000
336.913,1234.829,5000,535.755,215.497,2855.604,193.342,800.824,810.183,75.525,285.885,1563.237,3.253,426.588,441.178,1581.074,1576.216,323.174,303.312,195.603,203.091,195.385,199.708,196.251,360.949,346.894,373.112,340.455,1356.37,828.802,435.716,258.041,407.258,5000,2127.585,186.193,2509.891,2084.135,5000
5000,5000,5000,5000,5000,5000,5000,5000,5000,5000,5000,5000,3450.481,5000,5000,5000,5000,5000,5000,5000,5000,5000,5000,5000,5000,5000,5000,5000,5000,5000,5000,5000,5000,5000,5000,5000,5000,5000,5000
5000,5000,5000,5000,5000,5000,5000,5000,5000,5000,5000,5000,5000,5000,5000,5000,5000,5000,5000,5000,5000,5000,5000,5000,5000,5000,5000,5000,5000,5000,5000,5000,5000,5000,5000,5000,5000,5000,5000
5000,5000,5000,5000,5000,5000,5000,5000,5000,5000,5000,5000,5000,5000,5000,5000,5000,5000,5000,5000,5000,5000,5000,5000,5000,5000,5000,5000,5000,5000,5000,5000,5000,5000,5000,5000,5000,5000,5000
5000,5000,5000,5000,5000,5000,5000,5000,5000,5000,5000,5000,5000,5000,5000,5000,5000,5000,5000,5000,5000,5000,5000,5000,5000,5000,5000,5000,5000,5000,5000,5000,5000,5000,5000,5000,5000,5000,5000
5000,5000,5000,5000,5000,5000,5000,5000,5000,5000,5000,5000,5000,5000,5000,5000,5000,5000,5000,5000,5000,5000,5000,5000,5000,5000,5000,5000,5000,5000,5000,5000,5000,5000,5000,5000,5000,5000,5000
5000,5000,5000,5000,5000,5000,5000,5000,5000,5000,5000,5000,5000,5000,5000,5000,5000,5000,5000,5000,5000,5000,5000,5000,5000,5000,5000,5000,5000,5000,5000,5000,5000,5000,5000,5000,5000,5000,5000
5000,5000,5000,5000,5000,5000,5000,5000,5000,5000,5000,5000,5000,5000,5000,5000,5000,5000,5000,5000,5000,5000,5000,5000,5000,5000,5000,5000,5000,5000,5000,5000,5000,5000,5000,5000,5000,5000,5000
5000,5000,5000,5000,5000,5000,5000,5000,5000,5000,5000,5000,5000,5000,5000,5000,5000,5000,5000,5000,5000,5000,5000,5000,5000,5000,5000,5000,5000,5000,5000,5000,5000,5000,5000,5000,5000,5000,5000
5000,5000,5000,5000,5000,5000,5000,5000,5000,5000,5000,5000,5000,5000,5000,5000,5000,5000,5000,5000,5000,5000,5000,5000,5000,5000,5000,5000,5000,5000,5000,5000,5000,5000,5000,567.263,5000,5000,5000
5000,5000,5000,5000,5000,5000,5000,5000,5000,5000,5000,5000,5000,5000,5000,5000,5000,5000,5000,5000,5000,5000,5000,5000,5000,5000,5000,5000,5000,5000,5000,5000,5000,5000,5000,5000,5000,5000,5000
5000,5000,5000,5000,5000,5000,5000,5000,5000,5000,5000,5000,5000,5000,5000,5000,5000,5000,5000,5000,5000,5000,5000,5000,5000,5000,5000,5000,5000,5000,5000,5000,5000,5000,5000,5000,5000,5000,5000
420.546,1399.496,4211.198,3154.308,2295.058,4322.835,502.821,5000,4106.287,3287.798,815.9,3460.525,1424.129,5000,5000,3454.201,3594.505,5000,3594.85,2328.807,1096.381,1510.177,1490.777,1509.563,915.894,1230.5,1019.049,1175.449,1104.23,5000,1994.934,3103.191,961.699,5000,5000,344.285,5000,2365.018,5000
5000,5000,5000,5000,5000,5000,2235.082,5000,5000,5000,5000,5000,5000,5000,5000,5000,5000,1415.062,5000,5000,5000,5000,5000,5000,5000,3839.024,4435.452,5000,5000,5000,5000,5000,5000,5000,5000,5000,5000,5000,5000
583.556,138.324,309.652,1028.788,242.248,629.523,239.532,5000,3207.497,205.292,266.844,230.003,199.412,256.806,257.217,240.212,237.569,4544.969,285.023,562.264,276.516,303.902,307.425,302.491,230.353,287.273,231.728,237.016,219.538,964.529,1071.448,1834.945,233.16,607.868,432.493,212.623,737.208,372.148,5000
5000,5000,5000,5000,5000,5000,5000,5000,5000,5000,5000,5000,5000,5000,5000,5000,5000,626.483,5000,5000,5000,5000,5000,5000,5000,5000,5000,5000,5000,5000,5000,5000,5000,5000,5000,5000,5000,5000,5000
439.785,260.867,956.542,3249.635,582.954,2386.267,498.145,5000,3873.06,494.46,840.152,664.199,476.726,551.604,541.883,699.204,692.398,1640.889,746.026,1377.414,697.787,675.392,652.809,671.693,546.492,680.255,567.601,469.741,527.403,2784.166,3828.99,5000,582.665,1530.908,961.406,665.974,1322.224,951.944,5000
2112.774,3519.964,3114.705,5000,2979.363,5000,2060.003,5000,5000,3260.268,5000,3401.479,2196.936,2722.531,2717.068,3568.317,3499.739,643.806,3427.344,5000,5000,2709.075,2609.938,3245.974,1989.075,2178.416,2335.432,1720.337,1873.9,5000,5000,5000,5000,5000,3917.595,2800.149,4184.619,4968.489,5000
4715.696,5000,5000,5000,5000,5000,5000,5000,5000,5000,5000,5000,5000,5000,5000,5000,5000,476.522,5000,5000,5000,5000,5000,5000,5000,4526.726,5000,5000,5000,5000,5000,5000,5000,5000,5000,5000,5000,5000,5000
4597.665,2644.575,5000,4829.636,5000,5000,5000,5000,5000,5000,5000,5000,5000,5000,5000,5000,5000,5000,5000,5000,5000,5000,5000,5000,5000,5000,5000,5000,5000,5000,5000,5000,5000,5000,5000,4853.647,5000,5000,5000
288.693,1051.444,3050.672,970.852,1673.836,1281.73,274.458,2180.001,2816.902,1719.612,236.72,2538.164,647.147,3980.333,3978.884,2377.476,2802.03,4642.708,2783.929,1863.402,752.009,754.48,737.121,763.41,516.484,561.373,615.258,543.885,571.361,5000,1275.505,1476.59,519.169,3862.433,5000,263.673,5000,820.196,5000
5000,5000,5000,5000,5000,5000,915.101,5000,4061.118,5000,1169.022,5000,2964.125,5000,5000,5000,5000,1993.94,5000,5000,2357.328,5000,2505.615,4323.229,1605.925,1828.847,1886.518,1971.413,2496.327,5000,5000,5000,1600.679,5000,5000,2091.984,5000,4125.744,5000
3367.314,135.624,327.473,396.753,188.248,433.012,119.019,899.59,2612.119,160.045,114.462,248.63,131.59,262.727,263.642,237.975,258.137,4242.815,250.41,372.481,198.74,222.16,224.903,221.494,201.595,183.538,221.403,185.33,198.511,393.353,432.571,642.124,166.059,404.474,448.444,199.88,717.45,311.268,5000
5000,5000,5000,5000,5000,5000,5000,5000,5000,5000,5000,5000,5000,5000,5000,5000,5000,930.747,5000,5000,5000,5000,5000,5000,5000,5000,5000,5000,5000,5000,5000,5000,5000,5000,5000,5000,5000,5000,5000
5000,5000,5000,5000,5000,5000,5000,5000,5000,5000,5000,5000,5000,5000,5000,5000,5000,818.986,5000,5000,5000,5000,5000,5000,5000,5000,5000,5000,5000,5000,5000,5000,5000,5000,5000,5000,5000,5000,5000
960.875,832.172,2619.202,2443.455,1463.411,5000,617.806,5000,4117.334,1206.704,568.679,2151.398,774.376,2108.817,2094.531,2027.393,2189.475,836.066,2184.606,2904.001,958.656,1045.161,1037.73,1022.341,849.655,862.924,860.941,706.214,743.548,2526.429,4165.117,5000,1148.324,3501.189,1991.466,1004.613,2294.101,1766.632,5000
4212.61,4676.066,5000,5000,5000,5000,2259.653,5000,5000,5000,2406.713,5000,3602.566,5000,5000,5000,5000,505.914,5000,5000,5000,5000,5000,5000,2426.872,2746.493,2515.727,2451.981,2368.265,5000,5000,5000,5000,5000,5000,4414.842,5000,5000,5000
5000,5000,5000,5000,5000,5000,5000,5000,5000,5000,5000,5000,5000,5000,5000,5000,5000,5000,5000,5000,5000,5000,5000,5000,5000,5000,5000,5000,5000,5000,5000,5000,5000,5000,5000,5000,5000,5000,5000
5000,5000,5000,5000,5000,5000,5000,5000,5000,5000,5000,5000,5000,5000,5000,5000,5000,5000,5000,5000,5000,1629.838,1647.374,5000,5000,5000,5000,5000,5000,5000,5000,5000,5000,5000,5000,5000,5000,867.404,5000
5000,5000,5000,5000,5000,5000,5000,5000,5000,5000,5000,5000,5000,5000,5000,5000,5000,5000,5000,5000,5000,5000,5000,988.218,5000,5000,5000,5000,5000,5000,5000,5000,5000,5000,5000,5000,5000,5000,5000
5000,5000,5000,5000,5000,5000,5000,5000,5000,5000,5000,5000,5000,5000,5000,5000,5000,5000,5000,5000,5000,5000,5000,5000,5000,5000,5000,5000,5000,5000,5000,5000,5000,5000,5000,5000,5000,5000,5000
5000,5000,5000,5000,5000,5000,5000,5000,5000,5000,5000,5000,5000,5000,5000,5000,5000,5000,5000,5000,5000,5000,3601.18,4815.968,115.924,5000,5000,118.107,5000,5000,5000,5000,5000,5000,5000,5000,5000,5000,5000
5000,5000,5000,3668.478,4005.651,2406.679,5000,1589.002,3263.745,5000,5000,5000,5000,5000,5000,148.654,155.153,5000,5000,4363.275,5000,2008.672,1910.185,2036.797,5000,4362.533,5000,3418.218,122.363,5000,1952.956,2042.227,306.145,5000,5000,305.705,5000,5000,5000
469.268,1665.041,5000,5000,2744.313,1760.728,2185.268,1242.677,1704.393,5000,1841.047,5000,5000,2605.954,2664.713,4590.988,4812.874,5000,451.607,5000,5000,2126.583,2121.391,2209.475,123.823,176.91,476.464,399.052,352.008,3021.663,763.118,2062.711,358.034,903.376,5000,288.081,5000,5000,5000
388.132,344.63,416.258,175.735,425.477,1297.743,311.41,240.942,318.433,366.628,333.296,2286.072,1085.454,50.956,49.996,1215.88,1223.684,918.779,767.158,4694.567,441.339,223.467,217.656,223.201,230.194,307.1,345.582,203.466,1008.387,183.734,242.799,1567.177,662.222,368.206,719.123,221.376,1265.638,5000,5000
592.636,566.763,4891.156,861.25,182.643,1178.656,310.735,296.372,2904,1539.806,848.936,80.012,187.312,535.863,538.181,86.812,93.024,904.63,1812.075,97.814,481.089,163.98,170.42,168.186,312.697,257.652,279.582,503.666,316.701,503.716,1562.712,362.879,335.871,683.644,128.451,446.758,678.084,2310.998,5000
5000,5000,5000,5000,5000,5000,5000,5000,5000,5000,5000,5000,5000,5000,5000,5000,5000,5000,5000,5000,5000,5000,5000,5000,5000,5000,5000,5000,5000,5000,5000,5000,5000,5000,5000,5000,5000,5000,5000
5000,5000,5000,5000,5000,5000,5000,5000,5000,5000,3192.54,5000,5000,5000,5000,5000,5000,213.876,5000,5000,5000,1015.405,965.206,997.816,5000,1112.773,5000,5000,5000,5000,5000,5000,5000,5000,5000,5000,5000,5000,5000
5000,4407.04,2313.766,5000,5000,5000,581.809,5000,3480.7,762.75,380.5,4977.645,1315.973,5000,5000,5000,5000,4956.486,4519.798,407.185,2865.505,4487.059,5000,5000,5000,4892.85,1262.102,2320.83,5000,5000,792.868,2971.254,5000,5000,5000,1209.727,5000,4106.088,5000
2131.265,2592.916,5000,1859.388,399.09,881.711,237.038,5000,190.661,5000,526.401,5000,1545.088,1775.533,1778.948,5000,5000,272.467,501.93,1734.218,901.884,1017.261,980.256,1021.81,722.089,370.87,479.045,2112.331,288.699,438.423,380.175,1378.249,902.743,5000,5000,447.883,5000,5000,5000
78.633,711.607,765.699,2020.25,111.512,2555.333,262.701,2398.934,2131.523,544.092,408.417,531.018,225.572,341.474,340.51,564.128,618.264,10.189,547.85,1298.322,656.314,183.191,180.149,188.259,510.017,184.091,143.577,175.215,96.453,662.882,163.647,434.925,184.412,340.561,1420.314,517.222,1825.908,190.739,5000
1597.732,241.287,334.826,924.266,28.324,2536.448,201.191,1695.463,1194.128,79.555,538.977,3260.012,181.972,979.013,957.831,203.265,216.84,182.441,32.864,875.244,486.074,474.55,431.486,462.358,71.046,559.204,148.523,251.658,1102.924,136.479,476.251,222.271,351.482,2125.164,417.115,1287.328,899.985,5000,5000
5000,5000,5000,5000,5000,5000,5000,5000,5000,5000,5000,5000,5000,5000,5000,5000,5000,5000,5000,5000,5000,5000,5000,5000,5000,5000,5000,5000,5000,5000,5000,5000,5000,5000,5000,5000,5000,5000,5000
5000,5000,5000,5000,3571.315,5000,5000,5000,5000,5000,5000,5000,5000,5000,5000,5000,5000,5000,5000,5000,5000,5000,5000,5015.89,5000,5000,5000,5000,5000,5000,5000,3987.979,5000,5000,5000,5000,5000,5000,5000
276.003,2837.741,4449.695,5000,5000,5000,5000,5000,4570.941,5000,5000,1204.008,2498.127,2236.474,2108.961,5000,5000,5000,4130.461,1291.717,5000,2250.223,2128.26,2159.153,5000,5000,4770.326,1183.224,5000,2191.898,5000,5000,5000,5000,5000,1358.26,5000,5000,5000
5000,2079.505,576.65,931.151,2284.329,981.942,666.35,361.125,514.224,1197.041,520.792,1293.242,448.589,676.351,681.45,3890.285,4133.637,2636.703,5000,2441.007,2073.961,470.419,451.336,470.735,5000,222.533,384.534,241.841,1619.1,652.628,879.793,1550.987,333.028,3450.465,2246.987,2669.843,2462.446,5000,5000
603.752,386.127,382.428,497.985,281.543,704.521,337.914,331.657,176.668,153.414,778.755,802.006,791.55,2141.425,2113.051,333.324,350.63,1502.787,766.944,333.965,1187.682,688.485,669.756,711.152,854.608,311.049,165.703,414.792,1057.311,1119.933,1187.241,261.454,416.367,324.64,5000,162.171,5000,3917.814,5000
55.189,31.661,77.65,51.764,55.585,95.871,81.502,97.557,70.307,91.318,5000,100.655,84.79,5000,5000,5000,5000,147.108,5000,63.236,79.862,81.699,80.545,81.439,79.401,81.987,80.046,78.858,85.327,72.671,93.252,85.648,83.604,132.601,1126.555,38.945,1373.171,133.275,5000
5000,5000,5000,5000,5000,5000,5000,5000,5000,5000,5000,5000,5000,5000,5000,5000,5000,5000,5000,5000,5000,5000,5000,5000,5000,5000,5000,5000,5000,5000,5000,5000,5000,5000,5000,5000,5000,5000,5000
1409.401,101.155,246.937,118.286,542.71,1222.026,2869.313,916.467,547.279,492.63,3370.522,411.356,426.313,890.759,892.184,492.741,499.266,2005.918,373.734,138.451,1830.662,2197.257,2158.439,2215.272,2534.557,2703.845,2722.211,2544.369,2140.446,367.57,649.94,661.225,2582.315,5000,309.906,3438.825,654.818,1342.17,5000
5000,5000,5000,5000,5000,5000,5000,5000,5000,5000,847.048,5000,5000,5000,5000,5000,5000,5000,5000,3398.77,5000,5000,5000,5000,5000,5000,5000,5000,2128.088,5000,5000,5000,5000,5000,5000,5000,5000,5000,5000
1.874,1.077,51.034,25.604,5.837,170.328,4.253,5.891,34.335,7.483,48.069,41.536,52.647,58.057,57.606,42.27,43.983,2.271,5.508,32.9,13.667,10.761,10.572,10.462,4.652,33.48,32.932,4.523,3.838,36.681,4.371,4.958,23.978,5.406,32.478,2.95,963.571,0.798,5000
0.361,0.595,786.234,18.908,0.139,458.593,9.398,3.614,47.874,442.578,108.777,53.105,188.986,40.276,40.859,53.069,53.89,960.078,143.07,5.343,19.448,4.437,4.324,4.706,5.061,27.054,28.927,5.509,4.255,20.838,3.447,11.135,31.177,294.483,119.518,0.283,375.495,195.678,5000
30.595,24.948,21.708,19.289,17.684,45.921,24.698,63.19,49.594,14.037,25.46,46.965,43.702,30.903,31.508,45.064,46.153,18.829,38.511,64.21,30.477,33.452,32.926,30.035,31.391,22.663,26.755,31.641,27.595,223.598,14.947,44.35,13.05,53.606,46.441,21.43,296.242,14.203,5000
5000,5000,5000,5000,5000,5000,5000,5000,5000,5000,5000,5000,5000,5000,5000,5000,5000,5000,5000,5000,5000,279.51,280.452,2091.718,5000,5000,5000,5000,5000,5000,5000,5000,5000,5000,70.376,5000,237.186,5000,5000
5000,5000,291.686,5000,5000,5000,2304.01,5000,5000,5000,5000,5000,5000,5000,5000,5000,5000,5000,5000,5000,2221.283,5000,5000,5000,2474.673,3935.958,2045.379,5000,5000,5000,5000,5000,1477.323,5000,7.366,5000,214.859,5000,5000
5000,670.217,5000,5000,5000,5000,5000,5000,5000,5000,510.159,5000,5000,5000,5000,5000,5000,5000,5000,5000,5000,5000,5000,5000,5000,221.375,5000,5000,5000,5000,5000,5000,5000,5000,42.277,5000,355.941,5000,5000
904.597,658.475,3099.909,765.313,766.345,824.951,770.5,811.38,720.125,684.798,660.18,530.991,541.257,657.387,690.093,523.497,563.896,1047.391,723.349,950.981,1047.956,1016.464,988.78,1027.962,902.246,899.141,946.427,919.156,941.385,665.407,752.194,835.385,983.458,864.952,974.189,1085.734,1840.098,1063.693,5000
5000,3607.472,5000,5000,5000,5000,2176.859,1805.341,5000,5000,1536.423,5000,5000,5000,5000,5000,5000,5000,5000,5000,1034.24,5000,5000,2407.352,423.546,3300.903,655.107,5000,5000,5000,5000,332.651,1760.947,5000,192.65,3193.991,371.553,5000,5000
15.227,50.845,142.407,56.894,34.586,57.963,34.868,40,137.912,38.199,36.328,42.674,38.48,47.331,47.433,39.751,41.549,36.021,38.035,221.561,41.37,40.974,39.992,40.873,33.971,40.9,40.653,34.641,35.314,53.099,34.091,38.697,37.855,30.846,61.88,37.477,975.147,19.883,5000
5000,5000,5000,370.377,5000,5000,5000,5000,5000,5000,5000,5000,5000,5000,5000,5000,5000,5000,5000,5000,5000,5000,5000,2967.513,5000,5000,5000,5000,5000,5000,5000,5000,5000,5000,5000,5000,5000,5000,5000
5000,5000,5000,5000,5000,5000,5000,5000,5000,5000,5000,5000,5000,5000,5000,5000,5000,5000,5000,5000,5000,5000,5000,5000,5000,5000,5000,5000,5000,5000,5000,5000,5000,5000,5000,5000,5000,5000,5000
5000,5000,5000,5000,5000,5000,5000,5000,5000,5000,5000,5000,5000,5000,5000,5000,5000,5000,5000,5000,5000,5000,5000,5000,5000,5000,5000,5000,5000,5000,5000,5000,5000,5000,5000,5000,5000,5000,5000
5000,5000,5000,5000,5000,5000,5000,5000,5000,5000,5000,5000,5000,5000,5000,5000,5000,5000,5000,5000,5000,5000,5000,5000,5000,5000,5000,5000,5000,5000,5000,5000,5000,5000,5000,5000,5000,5000,5000
432.361,5000,5000,5000,5000,5000,70.112,983.205,2528.907,5000,3580.808,5000,5000,5000,5000,5000,5000,5000,5000,5000,843.903,5000,5000,400.604,1740.563,1012.359,2187.806,5000,614.52,5000,4731.804,3171.691,1777.753,5000,5000,589.535,5000,5000,5000
1627.698,813.198,1476.599,393.559,646.92,3296.91,62.552,134.047,2512.367,248.628,494.088,223.086,2311.133,3443.251,3531.414,216.401,224.363,1141.221,2259.523,1310.531,42.09,1183.012,1113.52,97.916,141.422,53.59,103.673,142.47,153.731,890.591,150.543,349.371,130.606,2805.985,1755.221,280.309,1993.896,493.215,5000
527.188,5000,5000,147.603,421.129,5000,201.671,970.356,2529.005,3153.218,5000,5000,5000,5000,5000,5000,5000,5000,5000,5000,216.879,236.937,230.28,222.683,83.513,94.899,108.433,83.465,227.752,5000,54.047,183.66,80.839,5000,5000,220.741,5000,3939.711,5000
40.285,31.579,33.601,0.109,6.644,769.243,6.779,14.739,854.424,0.103,17.061,167.39,186.084,159.418,159.418,165.195,167.871,93.628,66.6,1708.842,9.756,18.779,19.069,9.035,8.316,13.088,13.462,8.63,7.695,48.108,6.66,11.288,6.532,88.416,201.979,3.982,534.758,20.37,5000
1.189,1.101,5000,24.664,322.302,2557.136,22.735,313.354,2488.403,225.751,1972.339,1319.33,1986.015,3305.5,3367.638,1302.786,1338.219,1018.784,3933.408,7.375,0.657,404.927,390.196,100.216,68.18,45.942,94.139,68.526,0.305,0.573,59.43,0.352,43.431,2114.937,1.186,224.506,337.44,763.968,5000
85.417,2223.12,5000,167.692,641.849,5000,280.983,427.281,2534.182,452.462,5000,5000,5000,5000,5000,5000,5000,5000,5000,5000,107.952,295.084,282.111,210.872,217.451,306.789,206.744,275.084,114.656,5000,164.879,86.369,267.854,5000,5000,1089.183,5000,1249.987,5000
0.742,0.905,988.943,3.815,382.319,4120.747,215.234,867.743,2594.471,812.821,5000,1251.858,5000,4234.841,4228.782,1221.669,1267.579,4612.079,3154.915,4.204,436.762,669.512,648.824,376.537,109.377,63.523,43.164,85.861,358.963,2304.862,380.379,404.499,155.909,3786.01,5000,437.471,5000,1529.696,5000
138.384,1551.925,5000,169.556,732.63,5000,526.204,507.211,2591.824,1373.198,5000,5000,5000,5000,5000,5000,5000,5000,5000,5000,147.05,704.737,683.763,314.198,317.65,765.119,214.792,556.682,144.467,5000,1087.066,1086.537,271.141,5000,5000,421.295,5000,583.326,5000
1.597,1.139,724.851,0.475,513.798,85.421,54.112,247.372,2490.143,1030.476,1708.216,1611.98,1945.453,2599.948,2614.33,1609.644,1679.356,1522.385,1315.23,10.965,0.605,0.643,0.619,0.771,0.798,290.97,162.013,0.568,173.938,389.59,120.349,203.598,189.104,5000,1.471,522.901,344.748,957.617,5000
94.621,910.215,5000,184.177,189.059,5000,289.019,446.051,2535.977,206.215,5000,5000,5000,5000,5000,5000,5000,5000,5000,5000,63.634,223.089,220.128,51.48,123.656,132.325,124.002,138.211,125.575,5000,336.494,92.285,146.106,2324.184,5000,256.059,5000,517.386,5000
0.665,1.154,223.056,26.576,38.346,1007.878,16.688,28.167,2333.328,116.529,89.65,426.135,276.35,490.407,485.607,406.122,424.138,124.174,60.438,4.294,0.47,25.835,25.897,12.365,17.642,29.612,27.698,17.155,15.17,78.233,21.608,27.627,18.986,456.549,1.575,40.913,340.877,101.589,5000
57.761,446.327,77.482,26.85,14.062,512.838,9.143,26.021,1322.238,24.717,21.653,215.452,38.875,76.862,76.93,209.385,218.638,16.776,74.86,354.603,8.885,40.896,38.585,7.593,14.979,18.037,13.911,14.856,8.267,9.614,18.064,4.84,10.008,772.86,285.144,21.679,612.505,12.826,5000
7.767,20.141,72.174,34.775,6.601,412.416,6.738,12.325,2484.441,2.349,99.901,241.644,256.733,308.795,308.065,232.692,243.782,149.807,205.45,238.504,6.464,9.603,9.084,9.2,8.832,18.269,11.692,8.504,8.326,64.704,10.785,10.788,8.764,54.641,185.645,13.117,683.524,68.339,5000
80.199,603.338,428.627,94.642,40.509,1238.277,57.405,71.476,2489.142,33.221,199.554,241.267,219.523,523.826,535.058,223.849,235.303,333.915,203.418,366.593,24.963,85.689,84.296,38.559,25.344,27.956,45.977,26.345,57.782,209.773,85.623,30.732,27.101,195.374,122.663,36.102,652.271,92.339,5000
491.535,1709.545,5000,1002.579,1131.201,5000,389.896,1607.23,2663.294,1418.117,5000,5000,5000,5000,5000,5000,5000,5000,5000,5000,277.569,1862.982,1840.486,460.265,201.249,331.807,605.311,202.38,104.491,5000,1676.599,2577.723,362.69,5000,5000,1327.757,5000,5000,5000
783.772,5000,5000,266.632,626.228,73.534,537.302,95.615,3151.65,1533.607,5000,3587.878,1830.757,5000,5000,3581.341,3750.498,976.747,5000,1394.485,1.123,763.405,715.743,1131.834,222.714,99.453,111.895,615.152,5000,2.274,129.378,69.627,7.743,1363.867,5000,1941.395,5000,1.274,5000
2338.727,5000,5000,1149.985,1764.391,5000,1453.389,2478.807,2710.789,3799.565,5000,5000,5000,5000,5000,5000,5000,5000,5000,5000,928.505,1525.133,1486.319,174.989,641.455,252.087,397.846,1036.698,1488.03,5000,1267.732,2227.029,331.268,5000,5000,5000,5000,5000,5000
112.494,1.239,540.77,142.751,110.102,809.499,128.234,38.592,2514.108,86.646,377.825,1723.706,375.93,536.199,527.826,1670.569,1724.494,317.465,1006.916,49.662,110.605,112.122,112.527,86.97,68.722,77.115,76.661,71.642,104.878,313.698,89.613,94.882,66.598,2.494,6.962,137.232,549.872,125.121,5000
959.308,2653.443,5000,241.22,1334.195,5000,469.839,5000,3227.206,1104.042,4051.93,5000,5000,5000,5000,5000,5000,5000,5000,5000,85.281,193.704,192.549,457.193,200.326,681.413,262.333,249.412,436.375,5000,645.271,1674.097,487.792,3943.576,5000,465.182,5000,5000,5000
337.454,1550.229,5000,511.397,1810.432,5000,226.946,1142.671,2731.585,2612.49,5000,5000,5000,5000,5000,5000,5000,5000,5000,5000,387.061,223.018,220.159,236.553,144.812,251.839,96.942,800.172,228.601,5000,127.556,1618.807,97.57,1320.872,5000,890.786,5000,1379.331,5000
5000,2342.315,3360.717,824.745,606.584,4666.138,5000,180.725,4199.469,5000,5000,5000,5000,146.506,149.772,5000,5000,5000,54.844,5000,223.992,1388.239,1287.962,1099.33,1170.513,2374.899,982.788,5000,5000,334.52,1455.737,601.931,1093.812,5000,2343.392,499.146,2.257,1467.653,5.428
5000,5000,984.02,144.294,34.331,1094.502,5000,292.54,2627.02,5000,5000,5000,5000,5000,5000,5000,5000,5000,5000,5000,462.604,3542.6,5000,2647.006,1630.03,247.048,2414.121,4386.145,5000,5000,877.455,1048.321,1816.614,415.342,5000,4049.289,6.17,750.297,7.025
2718.983,2309.382,487.516,380.935,185.374,1694.975,210.556,1274.876,598.301,176.305,5000,5000,5000,188.363,183.774,5000,5000,21.664,897.875,5000,195.214,482.385,475.065,1035.36,197.134,469.935,97.22,247.93,1963.833,2890.975,96.735,603.814,523.088,238.221,2044.772,1426.2,1.967,57.014,4.719
860.531,3961.637,580.921,530.553,31.444,316.346,716.293,33.855,1567.257,48.329,3349.839,342.72,969.141,134.926,141.303,338.605,347.127,2454.108,207.465,2568.047,620.135,1618.008,1538.121,568.237,1470.272,198.729,210.575,1576.916,2336.632,41.952,198.739,649.637,463.843,86.017,850.123,2738.947,1.623,732.347,35.258
1648.69,2657.149,4369.477,71.822,179.121,2405.58,1096.608,140.816,2882.082,1635.62,5000,595.414,1628.338,1460.167,1443.578,604.294,613.371,840.262,1068.012,5000,4720.323,1635.166,1618.004,164.822,398.47,1588.465,729.55,1178.547,575.233,1621.046,169.086,301.183,197.142,70.122,1594.393,262.473,2.098,220.423,1.501
534.457,2989.77,652.907,521.4,40.544,1922.364,383.407,169.294,2530.123,37.191,5000,2054.844,674.796,771.745,768.301,2138.961,2088.545,604.074,345.535,224.207,133.386,281.882,282.105,44.408,150.918,291.07,486.861,1634.722,1051.105,115.717,105.008,421.574,167.111,72.474,1103.544,3647.114,1.523,273.687,21.15
760.781,2906.593,40.531,1620.027,35.635,787.928,1413.641,106.523,2150.581,32.572,3622.005,303.429,2643.88,327.176,321.847,302.491,301.824,2017.353,294.641,1385.633,679.641,404.484,397.75,291.555,30.176,679.595,1417.682,29.696,405.27,120.466,36.26,166.914,119.038,96.417,571.19,752.283,1.499,84.344,7.898
347.77,2621.2,74.58,39.815,37.873,986.465,402.578,155.078,2077.71,122.855,130.95,41.113,311.554,1108.565,1101.727,40.1,38.897,3190.437,240.595,939.506,884.222,207.399,213.743,76.462,282.407,69.688,14.834,1271.774,210.652,608.494,43.423,16.118,493.879,111.446,122.509,270.75,1.686,273.983,2.656
332.731,2450.938,406.609,392.544,52.425,498.743,397.295,59.248,147.149,2.098,3566.488,703.398,278.432,106.385,103.621,695.085,710.768,79.75,240.303,508.96,62.273,224.032,224.034,144.659,15.371,174.964,572.889,14.704,816.507,85.256,71.55,14.865,42.495,156.845,56.477,573.565,1.985,112.846,14.737
111.161,1130.013,24.499,478.205,22.342,1744.887,303.877,67.919,307.132,3.015,172.763,20.876,321.672,52.984,53.333,20.942,21.146,67.389,81.995,600.395,214.747,260.433,260.731,30.307,377.448,375.055,461.616,241.824,32.674,85.087,65.186,113.362,30.453,124.007,662.237,136.083,1.361,706.07,7.388
118.139,2906.601,14.28,198.831,19.238,570.995,296.387,36.88,2959.793,27.618,21.217,213.388,208.596,22.865,22.955,217.526,222.009,126.136,81.232,2883.98,529.113,18.042,17.569,29.946,233.249,595.56,37.409,61.852,218.568,144.604,0.535,67.272,82.165,59.72,219.131,704.898,1.929,242.135,2.609
333.701,2273.633,121.255,284.303,67.486,1149.662,112.111,40.265,1560.595,217.955,91.971,38.186,30.043,190.633,197.31,37.287,38.09,24.119,104.648,4166.031,255.271,596.309,581.117,366.071,3.25,131.465,677.66,3.357,414.82,14.752,180.822,59.544,149.736,9.363,269.198,416.258,1.87,29.074,2.137
2730.696,4506.626,5000,1220.982,435.899,277.923,964.334,2999.284,4150.032,253.3,5000,2835.9,5000,4701.081,4714.089,2800.859,2938.199,16.738,257.016,5000,1517.929,5000,5000,1765.391,2039.848,2891.691,145.735,5000,5000,2038.449,182.496,627.577,5000,2337.585,3654.403,5000,2.723,2697.692,2.138
567.099,5000,5000,5000,1793.233,5000,1523.207,444.058,2845.909,151.074,5000,5000,2985.851,1118.093,1137.783,5000,5000,5000,3207.123,5000,262.787,1112.862,1094.86,5000,1094.772,1877.007,2248.948,1641.128,5000,5000,510.942,2375.851,1966.044,1020.49,5000,926.135,1.868,156.592,4.993
568.668,2913.568,5000,76.922,92.032,5000,85.093,205.571,3821.447,129.827,5000,5000,953.658,20.129,19.183,5000,5000,335.74,5000,5000,452.456,2196.042,2258.167,1020.324,1496.322,1298.293,1336.943,1431.246,5000,4051.976,409.239,1237.185,470.094,227.313,5000,1882.585,5.122,1663.445,1.206
586.694,5000,800.027,36.59,237.915,5000,2283.87,422.842,693.203,369.876,3494.872,5000,1517.771,5000,5000,5000,5000,5000,1471.395,3085.313,3260.474,2267.361,2225.051,1038.146,816.453,1895.77,480.771,157.545,2435.073,4635.319,177.988,528.377,5000,869.641,5000,5000,2.125,1334.075,25.28
595.578,1145.608,5000,2178.752,1725.213,5000,138.776,1224.455,1668.943,2117.734,5000,5000,5000,1249.697,1231.017,5000,5000,429.95,5000,1007.032,638.325,2435.042,2429.438,146.24,378.744,286.868,1255.326,1053.08,3582.869,596.679,445.04,127.306,1206.507,160.272,2952.927,626.684,2.133,708.589,7.051
1173.142,5000,5000,1177.307,320.278,2750.598,1528.549,286.907,3271.235,791.239,5000,5000,5000,71.65,71.04,5000,5000,4438.833,1209.038,5000,964.652,1901.69,1876.579,1593.807,483.276,93.988,876.464,1523.944,5000,2627.074,818.874,1721.799,44.033,267.273,1064.02,5000,2.152,703.56,1.059
5000,5000,5000,600.896,486.523,5000,1613.484,747.726,2450.645,5000,5000,2434.51,178.237,970.328,966.76,2400.725,2496.964,1090.195,575.803,5000,627.096,89.134,90.006,1642.83,394.425,41.033,103.53,2313.833,1889.327,3156.518,187.787,1356.702,2041.879,77.343,2218.621,1234.525,2.122,74.369,8.553
5000,3764.135,5000,2790.21,91.074,1518.66,896.266,389.993,606.078,513.317,286.414,1636.344,5000,2969.194,2923.285,1603.834,1717.277,5000,5000,5000,456.671,69.253,69.129,602.466,682.683,323.77,1827.641,5000,1144.087,77.101,90.737,1955.133,1008.334,79.752,1489.094,5000,1.741,1196.318,24.079
5000,5000,5000,5000,5000,5000,5000,5000,5000,5000,5000,5000,5000,5000,5000,5000,5000,5000,5000,5000,5000,5000,5000,5000,5000,5000,5000,5000,5000,5000,5000,5000,5000,5000,5000,5000,5000,5000,5000
5000,5000,5000,5000,5000,5000,5000,5000,5000,5000,5000,5000,5000,5000,5000,5000,5000,5000,5000,5000,5000,5000,5000,5000,5000,5000,5000,5000,5000,5000,5000,5000,5000,5000,5000,5000,5000,5000,5000
5000,901.962,402.597,1838.783,927.463,830.745,3233.195,869.768,1451.417,767.807,298.473,1968.015,1295.247,649.986,643.61,541.394,538.961,748.21,771.919,220.929,648.591,2682.663,2648.719,3158.984,2857.387,5000,5000,2873.493,3081.279,470.422,1804.733,1702.828,3129.145,5000,615.628,5000,1497,497.372,5000
5000,5000,5000,5000,5000,5000,5000,5000,5000,5000,5000,5000,5000,5000,5000,5000,5000,5000,5000,5000,5000,5000,5000,5000,5000,5000,5000,5000,5000,5000,5000,5000,5000,5000,5000,5000,5000,5000,5000
5000,2187.458,2795.621,2585.32,2459.925,4669.058,4780.395,3927.265,3063.763,776.641,5000,1284.635,1546.977,2538.452,2624.604,3082.97,3290.569,3427.119,2695.603,1722.513,3232.525,721.711,720.432,729.675,1660.07,957.969,3915.612,532.705,1362.915,2578.765,2998.36,905.206,1605.107,2876.84,680.045,5000,1754.018,5000,5000
193.281,89.652,185.711,168.725,301.852,574.262,56.418,195.75,503.183,220.487,209.532,219.445,384.225,327.377,316.451,405.894,399.427,139.933,508.077,235.276,248.597,177.572,176.78,179.462,168.603,399.69,269.406,168.076,167.918,171.242,139.825,195.415,131.533,304.019,207.594,73.402,1040.159,532.629,5000
1874.077,5000,2120.745,1510.272,1396.984,5000,510.316,2396.103,3163.812,4692.978,2337.307,1253.547,5000,5000,5000,558.462,560.34,2181.87,2189.125,2546.973,1253.893,1858.671,1904.509,1818.878,1213.741,2698.239,1954.834,873.011,1554.232,4904.047,992.963,863.585,348.656,863.535,1857.022,551.041,3976.487,2999.158,5000
1358.464,981.284,2332.662,795.438,1972.462,2133.399,1144.198,2072.147,2706.02,1780.131,1890.228,1769.311,1504.107,2142.683,2064.418,1688.908,1831.299,3264.677,1743.832,1202.486,1027.771,1116.148,1107.802,1122.234,1010.273,1188.871,1070.57,819.498,990.067,2276.009,1635.583,2345.264,1028.2,5000,3477.915,895.011,3426.346,5041.101,5000
1967.13,2053.418,5014.594,1647.547,3532.727,3927.272,5000,4569.832,3788.145,3300.227,3102.03,3825.067,2698.103,4356.973,4410.878,3716.099,3903.596,5000,3945.458,2629.477,1718.377,1839.494,1821.738,1652.345,1822.959,1928.313,2002.827,3172.135,1765.666,5000,3629.035,3899.514,1547.664,5000,5000,2188.49,5000,5000,5000
5000,3959.231,5000,5000,1638.528,5000,5000,5000,3112.436,5000,281.837,5000,5000,5000,5000,5000,5000,2588.061,5000,5000,5000,5000,5000,5000,5000,5000,5000,829.681,5000,5000,5000,5000,974.1,5000,857.738,5000,1025.694,5000,5000
120.628,84.956,186.356,85.335,151.136,349.527,141.713,190.634,213.247,255.763,268.938,303.572,252.136,378.088,381.031,275.145,286.575,400.909,260.333,129.907,121.314,122.257,121.665,122.587,136.326,181.811,162.12,132.156,144.195,194.767,178.784,188.721,164.655,412.017,407.637,104.19,656.496,567.084,5000
150.372,76.866,197.805,83.001,197.223,284.738,138.946,193.451,179.971,250.775,231.087,252.967,234.95,369.117,362.999,250.798,268.343,269.393,289.154,122.951,111.218,109.964,109.678,107.363,126.064,138.248,144.027,128.745,130.523,204.371,153.226,175.463,146.027,687.911,5000,122.627,5000,2646.141,5000
166.938,87.251,207.478,81.196,163.384,319.528,158.925,181.624,223.419,242.272,269.872,279.661,315.382,414.418,413.623,297.743,306.514,406.048,5000,128.368,117.463,132.309,127.399,126.157,130.266,152.56,148.8,132.978,142.959,197.574,179.456,188.748,146.697,765.735,5000,95.56,5000,5000,5000
110.619,78.361,227.126,84.91,160.774,287.036,140.415,199.179,206.79,259.202,229.997,247.77,284.224,299,289.911,237.591,247.207,496.588,263.562,130.96,127.479,122.554,120.321,120.857,138.663,160.067,159.396,140.226,139.019,187.037,173.344,187.276,146.175,535.078,5000,102.551,5000,650.931,5000
109.103,87.069,226.326,83.256,164.438,339.352,163.841,211.479,203.224,255.066,236.71,235.349,222.282,375.621,365.343,294.01,302.285,390.393,316.41,124.271,128.624,123.744,123.4,119.607,138.569,140.293,153.475,138.453,142.178,189.778,173.496,195.264,152.11,896.134,5000,112.122,5000,647.639,5000
258.774,102.249,219.008,85.002,196.846,292.731,147.783,208.792,225.785,264.816,243.168,262.891,294.065,379.544,383.415,287.072,312.777,487.656,3213.823,133.974,126.551,124.684,125.912,129.002,138.069,158.037,154.401,140.807,137.07,191.199,177.016,198.542,155.698,528.755,5000,108.793,5000,509.273,5000
229.351,91.566,234.834,86.879,208.083,289.154,151.526,195.796,202.785,319.795,226.142,285.536,274.179,312.74,326.543,255.998,261.332,281.748,287.633,126.341,119.214,122.811,122.035,123.223,126.983,146.328,145.748,134.863,148.818,187.202,163.096,197.68,140.508,627.87,319.842,102.519,569.757,615.302,5000
233.814,1189.174,2832.33,784.607,1596.338,1331.982,293.089,1782.532,2856.509,1704.71,238.656,2705.338,639.074,4408.188,4519.164,2580.926,2958.122,4651.563,2962.824,1411.88,908.474,822.244,807.428,820.903,598.145,408.496,636.975,661.542,456.105,5000,1207.116,1301.286,564.833,4491.261,5000,265.224,5000,667.047,5000
2291.553,145.289,310.75,292.887,178.076,442.273,115.272,1027.322,2583.32,151.124,99.593,214.093,109.59,240.178,240.735,206.923,225.804,4257.02,238.078,406.734,193.591,225.654,224.781,225.036,168.962,161.499,144.043,176.521,180.936,378.547,409.303,608.592,200.343,316.51,447.655,486.488,606.414,189.905,5000
5000,5000,5000,5000,5000,5000,5000,5000,5000,5000,5000,5000,5000,5000,5000,5000,5000,850.257,5000,5000,5000,5000,5000,5000,5000,5000,5000,5000,5000,5000,5000,5000,5000,5000,5000,5000,5000,5000,5000
1054.538,252.328,971.037,718.019,484.802,1377.608,308.496,3921.123,2965.425,445.896,239.022,658.034,331.514,734.582,755.764,654.419,699.03,1248.688,693.526,1732.428,500.468,517.276,509.442,516.589,505.604,408.123,388.979,452.731,375.905,1018.265,1288.656,1761.387,380.368,907.604,998.073,306.078,1199.503,521.772,5000
5000,5000,5000,5000,5000,5000,5000,5000,5000,5000,5000,5000,5000,5000,5000,5000,5000,560.877,5000,5000,5000,5000,5000,5000,5000,5000,5000,5000,5000,5000,5000,5000,5000,5000,5000,5000,5000,5000,5000
3217.896,5000,5000,5000,5000,5000,2129.282,5000,5000,5000,2037.105,5000,3148.347,5000,5000,5000,5000,466.833,5000,5000,5000,5000,5000,5000,2459.318,2378.554,2304.847,2413.241,2342.986,5000,5000,5000,5000,5000,5000,3896.13,5000,5000,5000
197.35,728.243,420.351,903.334,139.81,1177.917,198.046,208.061,925.974,180.393,390.789,269.661,239.015,236.78,232.535,254.985,263.191,245.275,200.938,798.443,223.313,198.443,201.812,316.523,179.431,266.636,184.918,267.264,234.382,452.556,243.26,428.097,255.747,1458.041,257.725,206.919,1068.71,360.207,5000
152.235,353.873,279.194,722.248,71.137,371.664,180.468,287.629,531.273,130.366,272.307,151.65,162.049,153.765,152.769,163.555,167.982,165.308,155.442,592.259,116.357,209.448,206.264,190.841,177.27,174.728,263.281,158.761,239.501,274.15,238.264,203.852,94.721,522.832,186.703,182.141,1040.005,276.843,5000
124.153,17.918,385.955,743.803,11.396,127.294,47.223,452.344,507.565,76.757,5.806,197.26,221.968,21.09,21.284,194.46,197.438,144.229,28.715,127.126,17.251,28.603,28.261,23.053,25.941,132.831,205.941,33.895,82.334,10.822,81.053,43.547,37.174,163.932,37.948,7.741,874.019,461.894,5000
271.518,963.459,398.34,731.996,157.789,801.195,277.066,504.816,892.395,147.591,297.806,179.941,256.895,211.511,209.062,201.136,208.91,216.207,238.903,1060.139,310.562,232.303,229.647,209.778,213.451,273.737,297.032,248.496,336.104,608.266,285.194,422.322,114.528,1750.791,260.291,336.787,1153.182,352.888,5000
1018.493,1833.972,1439.39,1625.149,306.086,5000,513.454,1475.789,2546.942,599.452,2983.296,1370.995,1136.542,1038.163,1035.875,1214.697,1252.293,635.848,875.304,5000,316.369,476.789,464.727,566.673,538.048,540.599,277.198,679.465,542.441,4110.371,650.562,372.604,498.559,5000,921.07,447.428,1749.223,1374.344,5000
158.824,262.474,244.795,631.445,94.163,677.599,180.866,205.371,726.885,113.077,184.302,140.806,149.471,168.856,161.157,184.183,189.674,175.422,134.104,666.389,196.009,115.319,114.935,128.842,220.978,100.019,107.59,230.141,197.547,338.773,210.564,223.852,103.351,681.007,186.311,185.965,1018.493,361.703,5000
590.726,1598.887,1108.614,2261.204,284.455,5000,465.244,954.038,2506.376,381.316,2254.385,818.466,696.647,761.445,777.093,730.921,732.485,477.961,921.579,5000,298.245,285.345,279.781,306.804,539.707,266.89,227.874,547.277,385.398,1432.254,285.811,385.873,244.44,5000,626.47,505.792,1463.145,858.261,5000
235.364,393.873,285.984,1229.414,102.898,806.472,145.197,400.175,445.146,145.952,303.661,174.025,218.586,178.917,177.968,187.004,183.462,172.905,181.473,557.137,165.68,180.527,180.466,181.715,158.186,219.512,221.028,180.332,169.946,309.722,137.621,154.013,149.161,221.23,219.361,227.215,1117.022,295.325,5000
350.994,534.772,332.63,1381.378,111.147,1302.886,187.867,472.829,753.886,165.379,356.958,243.642,280.739,253.032,246.077,244.051,235.013,264.832,245.896,901.424,215.905,219.126,221.485,205.377,196.927,208.734,207.562,195.839,195.2,323.414,180.375,185.109,179.919,585.598,258.438,255.055,1156.561,397.657,5000
307.514,500.729,333.362,1419.08,118.543,1253.397,165.252,357.228,696.274,161.961,358.937,239.963,253.362,219.754,222.428,261.529,253.87,204.446,244.282,703.865,211.468,187.345,187.285,170.301,189.518,199.267,211.239,188.582,177.853,302.155,136.356,170.747,144.806,397.268,293.721,221.318,1188.548,379.772,5000
254.549,377.309,255.4,1034.025,89.465,719.617,143.114,271.918,515.324,147.221,255.475,172.592,167.293,167.631,166.541,166.671,169.158,177.783,184.986,532.655,151.956,150.069,149.777,154.552,161.321,182.051,173.667,165.974,156.715,194.784,136.808,104.83,123.415,239.845,223.994,166.394,1122.969,236.399,5000
5000,3693.539,5000,1850.922,2498.664,5000,424.054,5000,3594.691,2816.227,5000,5000,5000,5000,5000,5000,5000,5000,5000,4338.888,1515.889,702.618,666.768,615.162,410.45,2935.492,1828.186,1073.414,777.204,2559.904,1254.482,734.166,2319.277,1372.854,5000,245.066,5000,608.279,5000
5000,5000,5000,5000,5000,5000,5000,5000,5000,5000,5000,5000,5000,5000,5000,5000,5000,5000,5000,5000,5000,5000,5000,5000,5000,5000,5000,5000,5000,5000,5000,5000,5000,5000,5000,5000,5000,5000,5000
5020.586,1743.017,5000,5000,5000,5000,5000,5000,5000,5000,5000,5000,5000,5000,5000,5000,5000,5000,5000,5000,5000,5000,5000,5000,5000,5000,5000,5000,5000,5000,5000,5000,5000,5000,5000,5000,5000,5000,5000
317.228,7.176,5000,1943.911,2664.101,1258.862,510.202,6.706,74.612,5000,142.344,5000,1.362,465.862,476.308,5000,5000,119.118,116.846,5000,314.134,524.955,501.955,527.111,690.956,1214.924,1069.225,210.327,65.057,126.091,1021.201,171.103,109.231,10.286,180.362,426.174,158.488,5000,5000
616.111,5000,5000,2844.64,5000,5000,439.004,2990.121,3310.969,4698,5000,5000,5000,5000,5000,5000,5000,5000,5000,5000,697.934,2135.554,2158.284,1523.086,1350.935,1606.782,1639.169,1223.057,493.584,3910.658,1529.596,2261.029,1306.165,3492.839,5000,429.951,5000,3237.6,5000
5000,3841.454,5000,5000,5000,5000,5000,5000,5000,5000,5000,5000,5000,5000,5000,5000,5000,5000,5000,5000,5000,5000,5000,5000,5000,5000,5000,5000,5000,5000,5000,5000,5000,5000,5000,5000,5000,5000,5000
5000,5000,5000,5000,5000,5000,5000,5000,5000,5000,5000,5000,5000,5000,5000,5000,5000,5000,5000,5000,5000,5000,5000,5000,5000,5000,5000,5000,5000,5000,5000,5000,5000,5000,5000,5000,5000,5000,5000
369.294,5000,5000,5000,5000,5000,5000,5000,5000,5000,1010.405,5000,5000,5000,5000,5000,5000,5000,5000,5000,5000,5000,5000,5000,5000,5000,5000,171.316,5000,3937.032,5000,5000,5000,5000,5000,1604.105,16.977,5000,5000
270.828,928.21,1448.952,1208.931,947.598,1095.228,448.511,365.668,2616.328,893.326,1021.409,1643.309,1019.311,1612.792,1666.128,1589.552,1620.409,2204.801,744.713,644.586,518.063,459.46,476.27,382.829,307.834,361.57,177.326,255.462,124.813,774.387,81.569,478.071,399.07,1321.151,668.704,1212.318,227.491,48.94,5000
5000,5000,5000,5000,5000,5000,5000,5000,5000,5000,5000,5000,5000,5000,5000,5000,5000,5000,5000,5000,5000,5000,4503.49,5000,5000,5000,5000,5000,5000,5000,5000,5000,5000,5000,2925.565,5000,3871.406,5000,5000
5000,5000,5000,5000,5000,5000,5000,5000,5000,5000,5000,5000,5000,5000,5000,5000,5000,5000,5000,5000,5000,5000,5000,5000,5000,5000,5000,5000,5000,5000,5000,5000,5000,5000,5000,5000,5000,5000,5000
5000,5000,5000,5000,5000,5000,5000,5000,5000,5000,5000,5000,5000,5000,5000,5000,5000,5000,5000,5000,5000,5000,5000,5000,5000,5000,5000,5000,5000,5000,5000,5000,5000,5000,5000,5000,5000,5000,5000
1220.876,93.211,2703.541,178.872,914.517,1738.863,182.163,64.559,2521.264,1891.944,988.892,1588.105,3318.515,1912.214,1839.838,1622.858,1653.191,2402.473,3538.824,1905.128,362.504,543.116,506.342,225.394,197.377,192.611,175.293,691.654,153.181,141.629,104.675,55.325,202.839,217.64,1851.999,1075.296,109.651,356.136,5000
5000,4206.628,5000,5000,5000,5000,2478.658,5000,5000,5000,5000,5000,5000,5000,5000,5000,5000,5000,5000,3435.344,5000,5000,5000,1351.261,651.002,2818.925,1822.23,5000,1285.912,5000,1307.471,5000,801.574,5000,5000,679.919,5000,5000,5000
1199.18,3705.043,5000,5000,2978.738,5000,444.534,792.462,3118.388,249.644,1899.194,5000,5000,2316.624,2283.813,5000,5000,5000,5000,2518.421,746.165,386.396,376.976,942.591,779.914,692.524,584.276,800.861,295.616,2000.524,1103.669,1377.671,5000,270.212,5000,1995.256,5000,292.606,5000
40.507,178.101,2511.04,1175.688,258.564,5000,150.167,135.571,2717.811,259.749,675.588,1065.573,390.689,555.079,532.853,1045.151,1037.223,743.083,778.166,929.795,240.443,756.435,768.41,314.636,98.739,353.231,251.263,100.59,164.908,261.357,204.123,185.269,279.276,1119.648,933.316,126.361,1774.591,210.433,5000
5000,5000,5000,5000,5000,5000,5000,5000,5000,5000,5000,5000,5000,5000,5000,5000,5000,5000,5000,5000,5000,5000,5000,5000,5000,5000,5000,5000,5000,5000,5000,5000,5000,5000,5000,5000,5000,5000,5000
5000,5000,5000,5000,5000,5000,5000,5000,5000,5000,5000,5000,5000,5000,5000,5000,5000,5000,5000,5000,5000,5000,5000,5000,5000,5000,5000,5000,5000,5000,5000,5000,5000,5000,5000,5000,5000,5000,5000
5000,2837.017,5000,3846.553,526.979,5000,2057.172,3220.851,3159.153,864.397,2305.279,5000,2892.939,5000,5000,5000,5000,5000,1614.264,1734.549,819.857,5000,4281.66,1629.094,359.222,338.424,1054.315,1939.015,550.881,977.214,435.457,3169.569,845.637,2246.339,5000,1552.664,292.794,1031.919,5000
387.244,3034.952,530.893,151.458,1271.737,1382.959,29.474,586.2,2656.731,804.762,239.421,1504.056,5017.623,626.944,631.475,1476.692,1484.081,1333.227,990.474,612.639,189.619,456.276,449.639,273.343,265.531,428.593,188.317,372.71,517.99,254.108,620.522,543.351,431.577,269.802,448.316,364.507,1335.293,387.115,5000
5000,1321.084,1156.216,2481.671,364.62,703.67,2973.033,345.455,546.002,295.557,5000,849.757,1220.37,582.114,565.334,1204.967,1220.668,541.91,702.872,1123.43,2677.523,2864.745,3406.328,2748.488,2655.802,5000,5000,2924.86,3014.896,2319.159,424.322,2855.339,2780.94,3796.524,871.396,5000,1774.314,602.589,5000
5000,3838.573,5000,5000,3122.959,5000,5000,4924.424,5000,5000,240.607,1812.839,5000,5000,5000,5000,5000,5000,5000,5000,5000,4641.88,5000,3242.441,5000,5000,5000,3668.809,4804.906,5000,5000,2086.42,4298.899,5000,2452.559,5000,3262.591,5000,5000
293.296,11.456,1097.78,43.852,789.868,1760.898,61.875,424.763,47.843,763.9,118.108,1109.737,29.03,1663.256,1615.645,1158.712,1219.612,227.569,3315.147,207.47,27.063,214.212,213.361,223.666,114.332,38.277,102.24,116.884,49.728,379.865,67.393,757.947,157.151,197.215,498.563,144.525,651.778,849.351,5000
1209.519,1005.503,2028.937,27.263,1740.902,583.451,512.156,524.937,1303.713,5000,871.332,1648.043,1979.76,1606.71,1556.741,1318.696,1364.561,2.361,2264.076,566.576,529.361,366.19,354.837,360.542,375.777,317.198,299.342,409.484,262.573,69.337,243.816,504.648,85.557,2208.354,1376.963,1036.488,1517.194,758.42,5000
5000,2564.821,5000,5000,3408.556,5000,5000,5000,5000,5000,5000,5000,1078.915,5000,5000,5000,5000,5000,5000,806.719,5000,3357.139,5000,5000,5000,5000,5000,5000,5000,5000,5000,5000,5000,5000,5000,47.554,5000,5000,5000
260.602,503.782,2780.16,45.311,484.025,86.322,276.894,87.745,2589.926,3207.704,922.904,70.673,176.104,158.809,159.44,836.539,874.406,398.571,1663.357,1452.939,107.826,144.847,141.005,142.095,91.17,91.823,166.315,87.615,83.708,277.473,407.083,1420.396,147.514,1781.06,389.624,155.379,557.583,299.547,5000
2434.775,5000,5000,5000,5000,5000,5000,5000,2284.002,5000,5000,5000,5000,5000,5000,5000,5000,5000,5000,1873.632,5000,5000,5000,5000,5000,406.102,867.96,5000,5000,5000,5000,5000,3029.096,5000,5000,869.835,5000,5000,5000
5000,598.166,1358.628,1989.502,296.828,5000,784.841,1275.285,3448.502,334.891,301.665,330.726,279.725,259.919,254.208,665.439,680.352,797.122,293.683,3112.078,922.746,880.936,866.243,653.523,822.609,750.416,822.513,662.813,672.103,630.172,410.362,493.798,802.512,461.939,387.305,5000,1528.686,1125.911,5000
1525.358,527.545,326.993,5000,153.486,1387.477,719.657,795.372,1026.368,206.529,131.403,158.22,165.031,181.549,182.621,160.729,159.135,163.177,169.84,5000,701.857,752.215,765.526,651.784,587.005,827.061,649.103,589.776,718.572,262.409,268.108,272.294,668.895,410.935,320.15,1359.671,1169.132,5000,5000
37.271,29.823,85.206,61.549,108.248,39.342,35.416,82.944,82.063,125.871,77.287,10.803,34.15,19.915,19.94,110.826,117.857,200.486,110.522,63.907,33.758,68.43,66.056,67.429,53.19,43.658,82.223,25.454,68.383,108.604,51.655,94.215,15.988,195.22,19.978,18.273,1.789,31.241,208.868
19.629,48.7,9.535,101.745,84.552,76.747,17.763,39.757,93.327,58.612,35.51,6.577,73.927,4.208,4.254,118.412,129.764,105.071,89.034,65.904,23.649,55.328,56.032,54.217,8.96,37.715,84.439,8.952,65.144,89.643,22.18,38.432,60.986,148.073,18.24,7.028,2.204,55.758,803.413
5000,261.133,1317.551,704.795,1898.375,1957.248,5000,1103.842,5000,861.37,189.159,3948.532,1305.59,943.912,947.381,944.682,949.397,875.901,328.229,1719.241,165.188,1976.383,1878.112,5035.904,5000,2458.363,5000,5000,4406.438,5000,1661.558,4121.079,5000,1167.426,6.456,5000,911.989,1447.593,5000
5000,5000,4583.476,3763.874,3605.62,2858.324,971.29,196,5000,5000,3319.469,5000,5000,3254.433,3302.173,3637.485,3636.652,5000,5000,720.83,440.063,917.279,917.525,5000,5000,204.941,837.99,318.307,507.072,5000,1062.628,2124.104,5000,390.998,5000,128.764,5000,5000,5000
5000,297.869,148.849,712.359,11.226,191.057,69.608,30.777,146.503,44.303,33.296,56.403,34.35,57.255,55.631,54.829,56.625,144.548,205.732,210.775,230.849,39.807,41.456,41.552,79.995,690.996,116.842,79.834,19.463,87.59,257.514,123.74,142.224,89.35,6.842,1448.881,912.264,389.382,3573.572
5000,5000,5000,5000,5000,5000,5000,5000,5000,5000,5000,5000,5000,5000,5000,5000,5000,5000,5000,5000,5000,5000,5000,5000,5000,5000,5000,5000,5000,5000,5000,5000,5000,5000,5000,5000,5000,5000,5000
5000,5000,5000,5000,5000,5000,5000,5000,5000,5000,5000,5000,5000,5000,5000,5000,5000,5000,5000,5000,5000,5000,5000,5000,5000,5000,5000,5000,5000,5000,5000,5000,5000,5000,5000,5000,5000,5000,5000
5000,5000,5000,5000,5000,5000,5000,5000,5000,5000,5000,5000,5000,5000,5000,5000,5000,5000,5000,5000,5000,5000,5000,5000,5000,5000,5000,5000,5000,5000,5000,5000,5000,5000,5000,5000,5000,5000,5000
5000,5000,5000,5000,5000,5000,5000,5000,5000,5000,5000,5000,5000,5000,5000,5000,5000,5000,5000,5000,5000,5000,5000,5000,5000,5000,5000,5000,5000,5000,5000,5000,5000,5000,5000,5000,5000,5000,5000
5000,5000,5000,5000,5000,5000,5000,5000,5000,5000,5000,5000,5000,5000,5000,5000,5000,5000,5000,5000,5000,5000,5000,5000,5000,5000,5000,5000,5000,5000,5000,5000,5000,5000,5000,5000,5000,5000,5000
5000,5000,5000,5000,5000,5000,5000,5000,5000,5000,5000,5000,5000,5000,5000,5000,5000,5000,5000,5000,5000,5000,5000,5000,5000,5000,5000,5000,5000,5000,5000,5000,5000,5000,5000,5000,5000,5000,5000
5000,5000,5000,5000,5000,5000,5000,5000,5000,5000,5000,5000,5000,5000,5000,5000,5000,5000,5000,5000,5000,5000,5000,5000,5000,5000,5000,5000,5000,5000,5000,5000,5000,5000,5000,5000,5000,5000,5000
5000,5000,5000,5000,5000,5000,5000,5000,5000,5000,5000,5000,5000,5000,5000,5000,5000,5000,5000,5000,5000,5000,5000,5000,5000,5000,5000,5000,5000,5000,5000,5000,5000,5000,5000,5000,5000,5000,5000
61.898,74.049,251.832,62.63,165.968,193.897,34.945,82.268,152.518,131.332,78.673,243.3,148.532,400.822,408.514,198.981,221.806,104.449,318.308,73.638,55.77,53.962,53.112,56.091,45.83,53.32,47.771,46.065,48.74,93.204,63.191,86.829,53.999,212.116,606.414,70.985,881.055,270.442,5000
57.057,66.238,184.02,66.601,97.307,135.561,29.714,70.785,154.108,109.865,67.723,83.809,90.478,389.971,382.158,221.325,237.547,98.488,279.905,62.884,49.3,44.828,44.691,45.187,43.382,47.996,42.601,43.534,50.946,86.951,53.951,76.99,43.928,222.593,279.311,65.204,594.375,150.436,5000
78.807,92.267,137.411,159.179,191.81,231.315,53.458,121.323,365.767,227.482,86.187,224.43,193.475,740.288,743.215,518.184,576.634,167.559,348.468,94.818,83.55,79.419,81.583,79.005,65.44,74.402,73.841,73.059,76.265,166.107,99.707,140.81,71.503,486.795,624.178,84.54,915.023,310.883,5000
122.23,179.902,351.564,233.997,256.486,379.313,86.948,172.584,514.671,268.749,135.128,733.116,262.891,783.753,785.299,460.442,506.09,326.439,606.114,136.277,107.187,113.036,113.134,113.553,94.876,101.739,118.274,92.219,98.504,193.751,135.38,172.656,105.593,622.109,1503.34,152.27,1708.98,1024.146,5000
158.071,222.054,770.458,210.985,524.904,739.923,117.4,323.973,952.95,631.218,197.385,884.265,614.027,1920.837,1907.805,1444.216,1574.068,352.072,1367.879,281.984,175.421,151.601,156.409,150.974,149.021,135.781,154.856,134.413,132.345,359.816,232.373,353.017,140.036,1121.489,985.097,220.938,1191.017,1095.052,5000
199.259,318.314,1475.514,350.865,572.008,1335.853,120.103,383.545,1444.497,605.358,178.263,1340.944,672.326,1922.001,1976.546,1290.739,1431.216,573.214,1707.067,297.107,169.038,157.883,156.997,158.013,156.689,184.932,154.529,158.107,154.487,466.589,255.709,332.244,142.743,1193.663,2270.479,195.461,2335.424,929.18,5000
126.189,142.737,210.915,132.665,142.957,202.548,58.604,130.23,270.594,141.181,89.823,169.349,269.61,321.17,314.015,279.194,302.506,192.146,244.792,152.44,66.03,75.866,76.95,80.771,67.089,60.724,59.883,69.23,52.214,120.53,78.107,117.028,60.981,258.086,737.623,113.67,973.431,306.032,5000
168.192,129.435,380.348,107.971,134.838,214.819,48.772,118.126,314.097,131.198,91.503,325.44,158.711,298.008,294.126,264.37,285.986,221.308,266.451,124.305,82.022,71.41,72.274,72.459,56.213,69.812,68.17,61.922,66.533,120.205,78.158,123.045,68.585,477.549,2070.318,156.667,2259.246,227.629,5000
445.051,276.398,733.486,219.7,203.579,312.11,86.194,161.786,511.453,191.151,116.927,784.111,216.409,571.057,570.85,335.785,358.537,341.879,329.684,374.025,103.03,100.312,97.544,98.551,109.467,99.304,127.86,104.247,120.336,256.274,129.031,172.783,135.12,1086.717,5000,148.982,5000,422.85,5000
5000,5000,5000,5000,5000,5000,5000,5000,5000,5000,5000,5000,5000,5000,5000,5000,5000,5000,5000,5000,5000,5000,5000,5000,5000,5000,5000,5000,5000,5000,5000,5000,5000,5000,5000,5000,5000,5000,5000
5000,5000,5000,5000,5000,5000,5000,5000,5000,5000,5000,5000,5000,5000,5000,5000,5000,5000,5000,5000,5000,5000,5000,5000,5000,5000,5000,5000,5000,5000,5000,5000,5000,5000,5000,5000,5000,5000,5000
51.161,4.265,235.408,16.502,90.286,226.437,37.05,186.627,793.128,90.344,73.436,189.904,169.579,256.591,257.15,185.719,200.066,68.594,149.33,0.011,68.933,86.236,86.561,85.899,58.076,62.029,56.28,60.747,103.575,418.459,72.153,178.232,58.051,160.594,0.068,62.077,273.415,136.012,5000
218.887,27.647,172.878,421.084,614.46,123.769,161.074,393.57,134.458,448.489,105.431,292.781,305.947,768.328,754.336,720.211,750.191,447.65,231.103,651.973,54.153,115.2,112.882,428.535,254.195,254.414,196.727,64.388,279.41,769.849,151.774,831.954,87.781,853.493,359.175,726.996,853.029,401.116,5000
634.264,356.802,776.533,26.712,66.855,967.781,271.85,318.989,739.846,619.686,504.734,621.811,842.386,196.738,196.447,953.547,1004.625,224.362,450.909,802.933,350.189,326.725,323.268,238.619,235.484,77.624,296.029,326.046,135.031,62.612,291.263,819.709,241.787,477.068,36.901,446.995,564.642,435.285,5000
87.83,69.332,549.525,226.309,516.599,807.756,163.059,105.853,226.865,861.882,131.099,916.234,558.558,966.977,987.272,444.163,452.481,469.355,488.77,664.443,484.883,211.811,208.928,120.552,75.77,127.846,249.628,323.544,224.334,905.783,371.696,90.207,168.962,460.729,908.983,415.819,1406.652,563.723,5000
5000,2434.668,5000,5000,5000,5000,5000,5000,5000,5000,5000,5000,5000,5000,5000,5000,5000,5000,5000,5000,5000,5000,5000,5000,5000,5000,5000,5000,5000,5000,5000,5000,5000,5000,0.52,5000,0.664,5000,5000
5000,2185.51,5000,5000,5000,5000,5000,5000,5000,5000,5000,5000,5000,5000,5000,5000,5000,5000,5000,5000,5000,5000,5000,5000,5000,5000,5000,5000,5000,5000,5000,5000,5000,5000,0.337,5000,0.613,5000,5000
5000,1925.026,5000,5000,5000,5000,5000,5000,5000,5000,5000,5000,5000,5000,5000,5000,5000,5000,5000,5000,5000,5000,5000,5000,5000,5000,5000,5000,5000,5000,5000,5000,5000,5000,0.547,5000,0.684,5000,5000
5000,5000,5000,5000,5000,5000,5000,5000,5000,5000,5000,5000,5000,5000,5000,5000,5000,5000,5000,5000,5000,5000,5000,5000,5000,5000,5000,5000,5000,5000,5000,5000,5000,5000,5000,5000,5000,5000,5000
5000,5000,5000,5000,5000,5000,5000,5000,5000,5000,5000,5000,5000,5000,5000,5000,5000,5000,5000,5000,5000,5000,5000,5000,5000,5000,5000,5000,5000,5000,5000,5000,5000,5000,5000,5000,5000,5000,5000
5000,5000,5000,5000,5000,5000,5000,5000,5000,5000,5000,5000,5000,5000,5000,5000,5000,5000,5000,5000,5000,5000,5000,5000,5000,5000,5000,5000,5000,5000,5000,5000,5000,5000,5000,5000,5000,5000,5000
17.969,5000,8.517,14.717,25.742,0.741,20.009,0.479,0.755,182.915,15.19,29.053,50.563,16.5,17,28.48,29.65,13.993,5.113,3.191,21.192,38.163,38.15,18.856,49.183,2.778,2.799,90.102,124.994,50.363,11.783,50.272,2.279,14.992,113.246,12.077,0.48,8.125,0.178
5000,5000,5000,5000,5000,5000,5000,5000,5000,1105.427,5000,5000,5000,5000,5000,5000,5000,5000,5000,5000,3584.613,5000,5000,5000,5000,16.418,15.487,5000,5000,5000,5000,4214.405,5000,5000,5.433,5000,284.393,5000,5000
5000,5000,5000,182.898,5000,5000,5000,5000,5000,5000,5000,5000,5000,5000,5000,5000,5000,5000,5000,5000,5000,5000,5000,5000,5000,5000,5000,5000,5000,5000,5000,4979.503,5000,5000,3.16,5000,288.095,5000,5000
5000,5000,273.358,46.811,25.135,531.155,3227.77,24.518,2501.17,22.361,93.962,360.605,442.81,566.224,567.41,373.664,371.149,9.456,167.667,5000,2934.106,2867.171,2812.741,3018.715,2566.886,5000,5000,2943.821,3001.853,103.073,21.73,22.787,2836.583,10.624,163.982,5000,440.277,5.074,5000
5000,5000,5000,160.313,9.414,5000,5000,36.003,2789.595,63.494,156.689,5000,5000,5000,5000,5000,5000,69.047,5000,5000,9.332,18.056,17.93,17.801,5000,5000,5000,5000,39.156,137.448,27.927,259.161,22.73,13.099,5000,5000,5000,51.715,5000
174.508,111.649,340.017,2274.31,207.887,199.179,75.654,110.535,336.839,150.248,93.444,253.847,222.457,282.835,282.921,247.384,273.386,273.798,541.606,0.005,110.035,247.286,236.527,231.011,120.404,106.403,107.986,123.949,95.242,150.326,148.528,215.408,63.035,5031.072,1420.904,74.359,1503.136,403.234,5000
634.369,166.127,1649.253,2178.212,1193.333,4482.583,629.673,2292.778,2765.536,2809.231,430.87,1698.244,1223.756,2222.58,2221.427,1711.834,1858.591,2058.037,2237.454,0.006,503.751,608.231,606.545,327.71,631.914,518.536,399.309,475.491,406.233,1041.423,989.704,633.859,454.372,5000,2232.948,749.208,2317.877,477.578,5000
1110.33,5000,5000,5000,5000,5000,1833.548,5000,5000,5000,1517.018,5000,5000,5000,5000,5000,5000,5000,5000,0.003,4186.341,2361.925,2196.777,1456.811,5000,2200.898,825.334,1660.378,1868.856,5000,2001.21,5000,1726.38,5000,5000,3338.659,5000,5000,5000
5000,573.084,5000,5000,5000,5000,5000,5000,5000,5000,5000,5000,5000,5000,5000,5000,5000,5000,5000,0.004,5000,5000,5000,5000,5000,5000,4466.523,5000,5000,5000,5000,5000,5000,5000,5000,5000,5000,5000,5000
5000,5000,5000,5000,5000,5000,5000,5000,5000,5000,5000,5000,5000,5000,5000,5000,5000,5000,5000,0.007,5000,5000,5000,5000,5000,5000,5000,5000,5000,5000,5000,5000,5000,5000,5000,5000,5000,5000,5000
5000,5000,5000,5000,5000,5000,5000,5000,5000,5000,5000,5000,5000,5000,5000,5000,5000,5000,5000,0.005,5000,5000,5000,5000,5000,5000,5000,5000,5000,5000,5000,5000,5000,5000,5000,5000,5000,5000,5000
773.584,67.894,220.6,45.384,49.186,12.481,10.444,38.719,64.626,111.414,30.492,66.331,68.041,16.792,16.46,17.605,16.502,20.743,138.96,15.252,103.968,90.988,90.7,92.62,29.769,190.292,183.265,31.312,68.104,49.525,15.101,109.134,49.18,65.117,6.376,42.495,913.005,158.284,5000
5000,5000,5000,5000,5000,5000,5000,5000,5000,5000,5000,5000,5000,5000,5000,5000,5000,5000,5000,5000,5000,5000,5000,5000,5000,5000,5000,5000,5000,5000,5000,5000,5000,5000,5000,5000,5000,5000,5000
5000,5000,5000,5000,5000,5000,5000,5000,5000,5000,5000,5000,5000,5000,5000,5000,5000,5000,5000,5000,5000,5000,5000,5000,5000,5000,5000,5000,5000,5000,5000,5000,5000,5000,5000,5000,5000,5000,33.243
5000,5000,5000,5000,5000,5000,5000,5000,5000,5000,5000,5000,5000,5000,5000,5000,5000,2.634,5000,5000,5000,5000,5000,5000,5000,5000,5000,5000,5000,5000,5000,5000,5000,5000,5000,5000,5000,1.82,573.575
5000,5000,5000,5000,5000,5000,5000,5000,5000,5000,5000,5000,5000,5000,5000,5000,5000,2.49,5000,5000,5000,5000,5000,5000,5000,5000,5000,5000,5000,5000,5000,5000,5000,5000,5000,5000,5000,2.169,1084.09
5000,5000,5000,5000,5000,5000,5000,5000,5000,5000,5000,5000,5000,5000,5000,5000,5000,3.658,5000,5000,5000,5000,5000,5000,5000,5000,5000,5000,5000,5000,5000,5000,5000,5000,5000,5000,5000,2.896,2398.775
83.295,325.997,595.385,303.313,105.672,286.335,121.207,288.561,364.274,232.984,228.63,219.982,293.519,285.998,301.552,209.989,218.867,393.198,212.143,785.987,204.846,391.645,378.633,213.558,144.836,322.113,316.513,141.93,259.691,284.522,158.665,228.357,213.356,421.19,440.68,76.349,1314.775,2238.62,5000
226.778,458.063,706.255,476.543,73.34,358.206,143.142,316.49,608.91,306.488,252.351,364.281,286.093,335.95,358.979,385.054,368.606,585.532,394.017,959.436,230.19,429.206,404.626,220.401,178.946,211.912,218.616,167.54,191.426,247.899,242.196,274.024,214.31,734.941,810.917,68.159,1645.171,1458.197,5000
241.117,871.565,1837.318,965.609,181.226,612.602,388.247,569.842,561.934,693.056,735.138,679.353,610.721,599.482,599.947,672.509,684.421,936.888,751.118,2140.256,461.174,585.285,551.399,454.571,441.054,503.545,457.964,437.259,392.281,490.735,421.514,694.737,516.008,1323.341,777.39,183.388,1641.91,2697.417,5000
237.611,1386.381,2924.3,761.814,193.954,944.366,451.424,644.587,1118.973,806.09,950.442,925.352,717.023,1149.834,1146.099,902.771,922.833,952.476,819.087,2514.226,497.586,598.821,579.272,466.221,485.358,673.614,687.623,433.599,460.262,568.454,508.95,612.161,517.254,1229.287,809.853,217.242,1695.956,1614.602,5000
348.356,1602.386,3719.014,1444.411,307.362,1069.418,567.924,755.155,1203.443,1071.312,1160.568,1526.791,1154.011,2295.775,2348.577,1489.231,1557.387,1253.006,1476.712,3772.929,510.857,994.332,973.394,571.995,558.299,619.739,745.703,532.659,545.518,864.32,816.528,828.831,693.19,2766.673,1012.429,355.08,1868.407,4232.221,5000
432.424,1799.671,4319.073,1312.83,398.195,1746.583,594.571,988.271,903.869,1195.135,2496.669,1829.589,1623.404,2927.12,2841.593,1856.893,1831.265,1448.854,1046.133,4325.25,619.942,903.293,871.398,749.162,577.253,1092.497,909.47,839.166,588.153,733.405,911.896,1090.215,721.466,2450.33,1046.73,415.602,1927.87,3032.37,5000
440.925,1684.906,5000,1470.342,353.907,1541.796,494.707,1116.587,942.855,1826.79,1399.996,1568.932,2276.309,3070.629,3020.764,1576.147,1641.927,1760.771,1440.96,4043.914,859.964,1020.78,999.687,515.931,649.426,899.98,1027.458,703.821,704.455,956.212,812.717,1018.487,842.365,2115.552,1436.477,412.021,2312.048,5000,5000
473.129,2950.746,5000,1905.469,501.088,2272.274,962.726,1052.018,1427.566,1719.019,2512.268,1613.194,2771.051,2708.508,2613.825,1634.952,1567.459,4750.926,2124.366,5000,1165.141,1606.513,1524.341,1020.991,932.138,1110.666,1146.545,826.678,776.256,1795.239,954.204,1830.426,1000.967,5000,1923.927,464.127,2765.743,5000,5000
1765.669,2812.268,5000,2081.074,419.246,3627.87,1086.393,1559.591,1309.07,2117.106,3564.484,2161.361,2227.023,2920.037,2871.223,2268.982,2263.614,3562.218,2074.353,5000,1166.172,1665.686,1602.413,1252.347,1027.243,1693.613,1351.865,999.894,1038.45,1444.133,1421.003,1346.205,1036.445,3110.833,1849.213,1625.305,2743.786,4488.55,5000
377.89,2246.732,5000,5000,5000,5000,5000,5000,5000,5000,363.677,5000,5000,5000,5000,5000,5000,0.544,5000,5000,5000,5000,5000,5000,5000,5000,5000,5000,5000,5000,5000,5000,5000,5000,5000,316.03,5000,5000,7.049
1.038,3288.55,5000,275.453,5000,5000,5000,5000,5000,5000,375.267,5000,5000,5000,5000,5000,5000,5000,5000,5000,5000,5000,5000,5000,5000,5000,5000,5000,5000,5000,5000,5000,5000,5000,5000,1.069,5000,5000,23.003
1.146,1862.744,5000,0.222,5000,5000,5000,5000,5000,5000,378.351,5000,5000,5000,5000,5000,5000,5000,5000,5000,5000,5000,5000,5000,5000,5000,5000,5000,5000,5000,5000,5000,5000,4456.142,5000,141.237,5000,5000,1.974
0.84,51.75,5000,0.325,5000,5000,5000,5000,5000,5000,559.881,5000,5000,5000,5000,5000,5000,0.808,5000,5000,5000,5000,5000,5000,5000,5000,5000,5000,5000,5000,5000,5000,5000,5000,5000,127.829,5000,5000,70.125
5000,1589.082,133.471,672.4,122.513,135.046,800.18,113.045,115.684,121.063,49.844,64.47,61.807,59.588,59.363,46.343,47.225,89.025,70.46,244.688,149.385,148.449,151.562,335.409,170.183,528.534,592.077,142.722,564.024,103.634,124.966,73.786,563.022,345.928,71.755,5000,977.981,609.263,5000
5000,1751.755,156.832,55.542,154.277,59.683,311.575,68.136,83.183,175.651,80.681,44.202,54.536,92.86,90.843,54.144,54.307,74.774,103.825,224.164,49.236,63.979,64.175,116.54,184.121,108.307,122.688,147.767,211.647,114.693,62.56,87.581,403.817,585.586,16.604,5000,923.062,455.145,5000
43.284,0.686,25.219,26.639,76.203,40.844,1314.207,14.331,25.082,63.917,53.798,17.073,22.009,15.047,15.026,25.003,25.411,24.85,23.233,32.832,23.381,11.177,10.984,11.494,19.98,17.125,23.738,19.441,23.225,5.735,24.351,17.684,20.712,105.738,20.301,53.585,487.779,69.208,5000
4441.799,1512.525,3784.876,3093.032,3383.575,4915.524,5000,5000,4612.765,4244.816,1810.006,3663.772,2853.155,5000,5000,3924.602,4075.711,5000,4739.623,5000,5000,5000,4891.531,5000,5000,5000,5000,5000,5000,5000,5000,5000,5000,5000,5000,5000,5000,5000,5000
57.126,43.029,136.844,99.007,204.323,114.122,173.799,219.655,208.873,230.293,78.844,84.354,84.738,104.69,113.087,104.767,107.22,216.447,110.504,88.428,165.5,178.933,176.119,178.307,177.019,232.306,212.004,168.521,169.16,216.098,204.477,228.589,226.718,342.453,161.273,85.084,666.476,1583.092,5000
322.201,145.774,424.412,231.288,728.188,452.374,408.523,558.011,755.041,748.899,348.54,410.665,242.206,453.358,467.217,399.842,411.189,1107.388,402.19,232.082,389.819,324.826,317.335,319.606,349.308,442.853,426.048,354.46,360.293,570.469,421.216,495.456,466.853,2741.015,509.167,127.891,637.59,2673.949,5000
412.032,322.052,353.015,409.23,479.264,372.743,2037.115,1050.425,588.864,795.086,734.35,354.61,259.74,351.6,360.91,278.966,287.024,1183.108,368.289,820.372,868.639,744.117,738.791,742.324,928.897,1201.395,1002.029,878.835,815.424,529.541,649.838,684.667,1522.527,1620.708,332.232,894.391,955.357,2724.621,5000
13.234,14.314,146.441,80.614,7.107,5000,10.494,18.256,2493.392,7.978,10.761,26.265,73.061,25.524,24.492,17.537,18.028,6.375,19.398,597.872,18.534,51.41,50.465,17.732,11.867,23.038,22.742,11.527,6.413,24.944,8.377,19.789,14.198,8.478,31.151,13.367,936.583,6.791,5000
86.309,51.735,157.937,75.441,103.775,152.867,85.05,123.135,157.66,101.685,154.237,160.009,68.267,160.702,167.471,164.986,167.395,139.147,143.363,121.837,79.577,73.655,73.359,73.677,68.288,72.778,69.382,72.061,69.031,93.431,119.811,118.972,75.699,178.264,87.885,100.574,254.397,165.692,5000
157.306,136.291,238.037,95.056,147.907,228.897,108.34,166.895,244.239,154.567,238.058,192.904,108.983,210.239,209.998,204.292,211.685,219.667,226.842,132.997,90.058,84.747,88.465,86.473,86.622,98.19,91.747,85.858,86.634,138.901,145.799,154.012,90.004,196.778,121.196,142.718,280.206,268.001,5000
5000,191.692,5000,448.735,135.553,1031.572,268.395,156.104,165.042,316.602,853.786,876.742,796.739,1033.992,1026.929,964.442,890.615,835.836,1142.737,1080.277,324.939,392.322,397.271,400.958,297.221,393.429,363.956,289.157,297.387,124.596,252.461,208.223,314.031,343.68,77.008,1244.282,1021.198,1664.373,5000
5000,346.518,5000,743.238,255.687,1730.022,408.912,251.758,203.808,786.297,1662.608,1911.33,1577.086,1825.085,1716.999,2018.516,2010.624,1467.057,1506.289,1457.482,447.32,915.54,873.161,876.835,611.064,364.605,362.29,586.243,638.245,227.353,298.194,312.957,267.877,920.055,286.056,642.816,1225.01,3824.281,5000
123.276,60.543,1469.729,176.1,82.126,193.496,51.919,65.107,50.548,39.438,118.539,117.447,178.944,120.584,118.542,118.367,117.181,92.797,93.773,416.061,105.065,97.047,98.2,99.162,66.194,87.837,91.346,65.04,94.761,75.797,64.064,57.161,132.043,124.337,60.391,196.61,992.651,191.55,5000
178.064,58.891,1117.202,59.929,32.47,71.04,31.622,32.192,31.559,21.426,92.133,101.533,110.246,101.715,99.821,102.135,101.808,144.39,147.774,87.037,39.701,40.869,42.33,40.671,30.825,52.873,59.729,30.866,31.726,32.248,31.291,32.211,55.183,27.289,68.911,30.824,1012.511,194.736,5000
110.585,4.78,821.251,3.001,47.965,4.089,45.377,50.989,45.107,14.894,3.559,3.667,3.323,3.714,3.363,3.593,3.57,2.923,3.862,48.348,56.185,56.094,55.703,57.099,43.402,63.182,58.991,44.057,43.862,45.662,44.709,48.796,63.68,13.298,63.902,43.814,1017.148,3.026,5000
5000,121.932,2385.311,188.994,93.596,993.692,86.053,117.534,141.905,47.504,125.425,78.88,69.692,77.937,78.187,78.415,79.665,83.394,94.009,311.482,104.619,111.497,112.121,110.734,92.453,126.641,123.208,94.054,97.828,91.041,87.478,95.092,120.047,86.633,100.022,146.369,1052.683,105.504,5000
1425.664,68.705,2800.354,33.284,53.291,51.01,53.018,51.099,48.821,26.766,19.136,18.39,32.966,19.217,21.44,18.716,18.132,14.717,19.877,56.996,72.241,63.458,63.85,63.266,51.509,83.904,91.433,50.215,51.606,55.029,49.857,53.58,78.672,25.18,60.455,80.314,1012.097,20.601,5000
126.987,49.025,1346.027,111.551,78.202,106.963,56.981,51.923,54.25,51.43,54.224,48.393,75.411,49.372,54.779,49.282,48.202,162.895,114.825,171.849,53.895,51.462,51.213,52.101,58.581,78.129,77.035,56.628,64.9,46.432,56.9,45.465,66.881,40.472,59.472,96.452,994.692,98.45,5000
284.526,480.68,222.083,70.747,95.362,30.595,119.599,12.497,12.176,518.498,5000,2149.327,601.848,635.79,653.525,1144.987,1230.744,2573.01,270.027,80.971,49.929,38.015,38.353,64.227,45.635,251.996,113.286,136.222,27.48,12.266,39.557,9.765,140.207,1482.567,273.557,144.988,1172.934,2069.397,5000
470.043,522.147,134.894,142.247,519.122,107.893,131.766,28.823,24.222,1694.078,5000,287.227,199.155,1680.46,1673.398,1868.835,2010.58,3217.498,5000,109.882,98.654,152.878,150.07,132.395,128.473,170.331,197.926,145.982,175.6,28.258,46.031,34.923,148.071,1403.072,569.033,1639.284,1464.852,5000,5000
378.134,10.027,2811.897,184.686,1494.95,5000,430.215,2377.273,3338.84,1322.917,379.712,2754.539,5000,5000,5000,2729.858,2996.189,1049.609,3030.833,0.084,483.156,599.956,596.298,598.952,517.657,295.932,390.637,587.634,586.701,4596.98,1008.351,1417.9,597.941,1441.714,838.642,526.928,1611.617,3866.01,5000
5000,29.29,5000,5000,5000,5000,5000,5000,5000,5000,5000,5000,5000,5000,5000,5000,5000,5000,5000,5000,5000,5000,5000,5000,5000,5000,412.317,5000,5000,5000,5000,5000,350.03,5000,5000,5000,5000,5000,5000
5000,1207.423,5000,5000,5000,5000,5000,5000,5000,5000,5000,5000,5000,5000,5000,5000,5000,5000,5000,5000,5000,5000,5000,5000,5000,5000,5000,5000,5000,5000,5000,5000,5000,5000,5000,5000,5000,5000,5000
5000,1828.042,5000,5000,5000,5000,5000,5000,5000,5000,5000,5000,5000,5000,5000,5000,5000,5000,5000,5000,5000,5000,5000,5000,5000,5000,5000,5000,5000,5000,5000,5000,5000,5000,5000,5000,5000,5000,5000
208.803,7.96,4086.629,234.772,1530.548,3238.618,191.388,190.716,1932.33,1648.667,58.072,2437.714,5000,5000,5000,2288.957,2587.789,942.513,3350.439,0.02,145.726,151.355,149.983,149.521,203.816,144.477,198.484,124.477,145.146,273.167,95.336,161.119,301.658,3379.281,5000,298.715,5000,1989.86,5000
5000,5000,5000,5001.553,5000,5000,5000,5000,5000,5000,5000,5000,5000,5000,5000,5000,5000,5000,5000,5000,5000,5000,5000,5000,5000,5000,5000,5000,5000,5000,5000,5000,5000,5000,5000,5000,5000,5000,5000
1.523,2.115,55.371,4.488,8.773,98.197,0.788,12.834,62.374,7.857,30.998,26.943,8.477,24.752,24.723,25.516,27.319,6.855,13.869,6.579,6.839,1.051,0.939,0.878,2.917,2.369,4.593,3.027,0.298,4.31,3.375,7.941,2.241,0.98,10.906,0.501,0.19,2.024,0.885
2.064,3.019,10.117,35.715,2.215,3.421,2.346,3.574,476.756,1.559,32.127,61.823,2.369,7.667,7.811,58.321,63.441,12.99,63.251,169.041,2.283,1.592,1.439,1.502,1.213,0.416,0.404,1.379,2.416,126.95,2.002,3.09,0.583,2.028,90.325,2.931,982.937,3445.862,5000
3.307,4.308,2917.846,41.289,7.379,4.363,2.607,7.35,2457.016,4.436,34.028,5000,3.846,5000,5000,5000,5000,542.377,5000,1273.246,6.541,4.177,4.091,4.359,3.054,7.556,6.309,2.959,2.759,5000,4.406,9.891,6.773,2.608,5000,4.063,5000,5000,5000
5.71,0.934,3.252,66.105,5000,23.769,2509.97,201.045,107.916,5000,5000,5000,5000,5000,5000,5000,5000,5000,0.957,45.232,2.898,3.348,2.538,2.465,5000,5000,5000,5000,5000,5000,5000,5000,1957.48,5000,3.586,5000,906.655,5000,5000
5000,28.422,4323.815,5000,5000,38.757,5000,4404.602,146.965,5000,5000,5000,5000,5000,5000,5000,5000,5000,26.93,68.802,5000,5000,5000,5000,5000,5000,5000,5000,5000,5000,5000,5000,2533.366,5000,30.336,5000,933.377,5000,5000
5000,9.831,11.12,216.013,5000,183.596,5000,68.978,55.508,5000,5000,5000,5000,5000,5000,5000,5000,5000,6.362,34.673,5000,5000,5000,5000,5000,15.325,21.957,5000,5000,5000,5000,5000,2648.146,5000,3.577,5000,906.943,5000,5000
5000,1.86,4.229,73.047,5000,149.102,3645.926,362.682,834.268,5000,5000,5000,5000,5000,5000,5000,5000,5000,1.666,31.807,5000,5000,5000,5000,5000,5.347,5.439,5000,5000,5000,5000,5000,4.122,5000,3.661,5000,906.726,5000,5000
5000,130.841,5000,4836.107,5000,5.225,5000,94.238,49.243,5000,5000,5000,5000,5000,5000,5000,5000,5000,8.851,114.509,5000,5000,5000,5000,5000,5000,5000,5000,5000,5000,5000,5000,2577.716,5000,3.397,5000,906.871,5000,5000
5000,11.432,11.916,259.967,5000,145.651,4095.761,167.062,287.387,5000,5000,5000,5000,5000,5000,5000,5000,5000,5000,31.8,5000,5000,5000,620.275,5000,5000,5000,1084.153,5000,5000,5000,5000,2533.312,5000,3.334,5000,907.012,5000,5000
0.506,0.337,1.942,24.606,5000,1.84,2497.181,1.949,1.79,5000,5000,5000,5000,5000,5000,5000,5000,5000,0.645,28.939,1.868,1.672,2.054,2.131,5000,1.895,1.747,5000,2140.684,5000,5000,5000,2.171,5000,3.901,2.496,907.599,5000,5000
5000,1.336,6.228,167.726,5000,104.595,5000,30.665,72.418,5000,5000,5000,5000,5000,5000,5000,5000,5000,2.019,32.236,5000,5000,5000,5000,5000,13.871,15.004,5000,5000,5000,5000,5000,2497.625,5000,3.864,5000,907.417,5000,5000
1.072,0.411,1.946,27.721,5000,1.604,2503.857,2.106,2.248,5000,5000,5000,5000,5000,5000,5000,5000,5000,0.688,31.446,1.816,1.934,1.759,1.759,5000,2.726,2.516,5000,5000,5000,5000,5000,1.973,5000,3.355,5000,906.797,5000,5000
5000,136.138,5000,1482.792,5000,117.795,3618.182,65.279,115.137,5000,5000,5000,53.202,5000,5000,5000,5000,5000,5000,72.307,5000,5000,5000,5000,5000,5000,5000,5000,5000,5000,5000,5000,2685.807,5000,3.31,5000,907.343,5000,5000
0.943,0.589,1.763,28.656,5000,63.936,386.018,2.354,2.014,5000,5000,5000,5000,5000,5000,5000,5000,5000,0.894,31.015,1.785,1.864,1.861,1.951,5000,2.248,2.635,5000,875.002,5000,5000,5000,2.157,5000,3.463,2.691,906.853,5000,5000
5000,18.812,12.798,263.889,5000,149.496,5000,513.543,758.713,5000,5000,5000,5000,5000,5000,5000,5000,5000,8.548,69.405,5000,5000,5000,5000,5000,5000,5000,5000,5000,5000,5000,5000,2589.253,5000,3.306,5000,906.856,5000,5000
5000,4.058,4.86,192.797,5000,575.537,5000,207.629,434.276,5000,5000,5000,5000,5000,5000,5000,5000,5000,1.884,35.273,5000,5000,5000,5000,5000,14.902,19.313,5000,5000,5000,5000,5000,2560.546,5000,3.951,5000,906.667,5000,5000
1.073,0.805,2.241,33.575,5000,22.849,2575.678,22.221,6.474,5000,5000,5000,5000,5000,5000,5000,5000,5000,1.311,28.629,2.28,2.288,2.444,2.184,5000,2.927,2.886,5000,5000,5000,5000,5000,2.372,5000,4.259,5000,908.029,5000,5000
5000,0.813,3.215,29.817,5000,67.321,2502.233,16.747,10.074,5000,5000,5000,5000,5000,5000,5000,5000,5000,0.853,29.181,2.132,2.221,2.223,2.164,5000,2.789,2.516,5000,895.703,5000,5000,5000,2.468,5000,3.805,5000,907.212,5000,5000
5000,349.79,5000,4097.903,5000,35.466,5000,5000,897.091,5000,5000,5000,5000,5000,5000,5000,5000,5000,5000,258.78,5000,5000,5000,5000,5000,5000,5000,5000,5000,5000,5000,5000,2633.635,5000,3.301,5000,906.891,5000,5000
17.146,0.792,2.812,35.581,5000,404.088,4237.237,28.454,3.698,5000,5000,5000,5000,5000,5000,5000,5000,5000,1.05,27.589,2.257,2.414,2.22,2.666,5000,3.274,3.937,5000,5000,5000,5000,5000,3.303,5000,3.688,5000,907.216,5000,5000
5000,1184.64,5000,5000,5000,5000,5000,5000,5000,5000,5000,5000,5000,5000,5000,5000,5000,5000,5000,5000,5000,5000,5000,5000,5000,5000,5000,5000,5000,5000,5000,5000,5000,5000,0.399,5000,0.533,5000,5000
5000,5000,5000,5000,5000,5000,5000,5000,5000,5000,5000,5000,5000,5000,5000,5000,5000,5000,5000,5000,5000,5000,5000,5000,5000,5000,5000,5000,5000,5000,5000,5000,5000,5000,0.457,5000,0.721,5000,5000
127.6,195.164,618.339,248.253,334.435,443.915,132.587,285.391,486.983,338.862,227.173,382.38,313.146,431.804,440.322,425.806,435.189,329.946,479.223,225.717,163.619,157.244,156.556,157.065,146.538,153.725,151.904,151.212,142.978,283.522,231.094,284.724,143.693,1224.659,647.867,133.971,723.783,778.011,5000
252.003,489.602,1606.963,600.634,1034.385,1518.706,288.571,824.353,1760.104,980.949,440.829,1128.617,1005.579,1294.023,1297.158,1183.997,1313.047,1043.044,1537.047,570.988,339.222,315.547,323.376,330.445,303.496,308.859,297.043,311.214,317.654,725.722,606.581,770.6,301.171,3109.693,1406.874,256.473,1425.649,2058.245,5000
614.668,1380.125,4985.509,1874.52,2655.964,4081.718,790.405,1984.292,2981.991,2798.943,911.415,3370.816,2670.299,4141.208,4230.955,3152.41,3415.361,2678.344,3797.862,1331.231,763.862,734.461,727.795,733.215,741.223,716.486,683.005,722.736,725.014,1957.318,1892.498,1969.841,722.85,5000,4216.802,583.053,4124.947,5000,5000
5000,5000,5000,5000,5000,5000,5000,5000,5000,5000,5000,5000,5000,5000,5000,5000,5000,5000,5000,5000,5000,5000,5000,5000,5000,5000,5000,5000,5000,5000,5000,5000,5000,5000,5000,5000,5000,5000,5000
5000,5000,5000,5000,5000,5000,5000,5000,5000,5000,5000,5000,5000,5000,5000,5000,5000,5000,5000,5000,5000,5000,5000,5000,5000,5000,5000,5000,5000,5000,5000,5000,5000,5000,5000,5000,5000,5000,5000
5000,5000,5000,5000,5000,5000,5000,5000,5000,5000,5000,5000,5000,5000,5000,5000,5000,5000,5000,5000,5000,5000,5000,5000,5000,5000,5000,5000,5000,5000,5000,5000,5000,5000,5000,5000,5000,5000,5000
5000,5000,5000,5000,5000,5000,5000,5000,5000,5000,5000,5000,5000,5000,5000,5000,5000,5000,5000,5000,5000,5000,5000,5000,5000,5000,5000,5000,5000,5000,5000,5000,5000,5000,5000,5000,5000,5000,5000
6.901,10.132,92.196,1.401,66.011,65.26,64.721,65.095,66.266,63.696,66.736,43.43,64.096,63.713,65.16,62.331,63.663,66.047,65.724,21.782,73.948,71.588,71.912,71.577,65.908,69.037,72.255,64.794,67.285,64.615,63.362,65.522,68.628,58.877,12.698,66.094,927.809,0.617,5000
15.721,28.578,153.116,1.261,118.56,120.18,118.19,114.349,113.586,112.331,116.844,93.783,116.438,113.961,115.231,110.085,117.75,118.823,118.483,46.197,126.366,126.283,125.713,123.477,117.296,119.693,120.6,121.074,115.772,116.902,120.39,116.722,121.648,111.364,16.07,116.648,242.652,0.935,5000
137.024,5.387,134.88,2.965,130.461,129.422,129.448,125.788,127.339,127.721,129.819,78.732,127.72,127.857,125.766,120.213,125.082,132.043,124.192,40.782,133.495,133.35,130.892,129.33,128.76,131.741,127.795,129.139,129.507,128.808,126.676,122.075,124.921,123.122,15.971,127.615,18.957,0.845,2079.664
441.492,15.705,84.535,64.554,25.487,1.561,2.819,7.193,2.587,369.484,49.001,1.129,0.928,201.555,210.131,172.999,175.887,1.243,139.574,95.792,146.895,39.002,38.773,86.122,2.307,55.335,38.398,2.331,256.601,2.336,7.29,3.297,13.076,1097.101,289.487,2.093,1193.569,2434.278,5000
2120.53,4.004,864.726,51.76,146.141,363.385,305.176,78.33,304.229,3067.845,3017.688,1.747,1.266,370.457,370.158,1615.345,1730.815,62.425,1481.566,51.844,6.2,23.65,23.424,33.548,2.187,491.454,49.482,1.891,47.656,2.955,39.651,2.41,551.296,1169.264,3324.069,5000,4214.186,2987.97,5000
178.948,299.803,307.6,193.767,232.221,265.478,151.893,217.607,380.231,224.47,221.233,243.521,213.382,265.996,272.51,211.199,214.553,363.575,222.714,393.316,197.86,176.082,168.704,176.642,152.219,145.426,135.301,149.157,179.493,183.339,118.546,122.127,206.531,558.892,300.003,22.394,995.903,264.144,5000
5000,5000,5000,5000,5000,5000,5000,5000,5000,5000,5000,5000,5000,5000,5000,5000,5000,5000,5000,5000,5000,5000,5000,5000,5000,5000,5000,5000,5000,5000,5000,5000,5000,5000,5000,5000,5000,5000,5000
5000,5000,5000,5000,5000,5000,5000,5000,5000,5000,5000,5000,5000,5000,5000,5000,5000,5000,5000,5000,5000,5000,5000,5000,5000,5000,5000,5000,5000,5000,5000,5000,5000,5000,5000,5000,5000,5000,5000
5000,5000,5000,5000,5000,5000,5000,5000,5000,5000,5000,5000,5000,5000,5000,5000,5000,5000,5000,5000,5000,5000,5000,5000,5000,5000,5000,5000,5000,5000,5000,5000,5000,5000,5000,5000,5000,5000,5000
5000,5000,5000,5000,5000,5000,5000,5000,5000,5000,5000,5000,5000,5000,5000,5000,5000,5000,5000,5000,5000,5000,5000,5000,5000,5000,5000,5000,5000,5000,5000,5000,5000,5000,5000,84.66,5000,5000,5000
5000,5000,5000,5000,5000,5000,5000,5000,5000,5000,5000,5000,5000,5000,5000,5000,5000,5000,5000,5000,5000,5000,5000,5000,5000,5000,5000,5000,5000,5000,5000,5000,5000,5000,5000,5000,5000,5000,5000
5000,5000,5000,5000,5000,5000,5000,5000,5000,5000,5000,5000,5000,5000,5000,5000,5000,5000,5000,5000,5000,5000,5000,5000,5000,5000,5000,5000,5000,5000,5000,5000,5000,5000,5000,5000,5000,5000,5000
162.883,345.315,324.324,158.702,165.856,279.923,169.126,177.192,287.537,245.549,249.345,242.517,200.602,302.597,294.426,244.813,252.713,241.567,259.615,364.461,157.705,216.688,217.28,227.011,166.842,186.752,171.446,165.547,155.996,131.059,186.357,243.211,170.432,464.042,299.08,140.681,1009.968,245.17,5000
5000,5000,5000,5000,5000,5000,5000,5000,5000,5000,5000,5000,5000,5000,5000,5000,5000,5000,5000,5000,5000,5000,5000,5000,5000,5000,5000,5000,5000,5000,5000,5000,5000,5000,5000,5000,5000,5000,5000
5000,5000,5000,5000,5000,5000,5000,5000,5000,5000,5000,5000,5000,5000,5000,5000,5000,5000,5000,5000,5000,5000,5000,5000,5000,5000,5000,5000,5000,5000,5000,5000,5000,5000,5000,5000,5000,5000,5000
6.689,2.782,7.491,5.093,6.656,14.891,18.071,8.117,5.054,11.089,4.364,8.141,1.558,8.909,8.86,10.593,10.738,4.57,1.186,19.08,21.026,15.26,15.111,22.412,1.715,20.452,10.81,1.786,15.226,0.615,1.716,0.396,14.288,6.583,7.196,13.95,325.514,19.882,5000
249.641,296.475,165.797,432.802,217.275,384.099,85.415,411.263,114.354,327.122,395.747,35.852,105.44,385.145,384.481,104.812,108.061,42.175,26.667,742.782,147.013,250.777,246.758,249.311,414.715,247.285,100.731,483.49,164.902,153.279,153.689,25.712,153.25,393.059,626.026,298.345,1098.123,1777.751,5000
5000,5000,5000,5000,5000,5000,5000,5000,5000,5000,2256.595,5000,5000,5000,5000,5000,5000,5000,5000,5000,5000,5000,5000,5000,5000,5000,5000,5000,5000,5000,5000,5000,5000,5000,5000,264.471,5000,5000,5000
5000,5000,5000,5000,5000,5000,5000,5000,5000,5000,5000,5000,5000,5000,5000,5000,5000,5000,5000,5000,5000,5000,5000,5000,5000,5000,5000,5000,5000,5000,5000,5000,5000,5000,5000,5000,5000,5000,5000
5000,5000,5000,5000,5000,5000,5000,5000,5000,5000,5000,5000,5000,5000,5000,5000,5000,5000,5000,5000,5000,5000,5000,5000,5000,5000,5000,5000,5000,5000,5000,5000,5000,5000,5000,5000,5000,5000,5000
5000,5000,5000,5000,5000,5000,5000,5000,5000,5000,5000,5000,5000,5000,5000,5000,5000,5000,5000,5000,5000,5000,5000,5000,5000,5000,5000,5000,5000,5000,5000,5000,5000,5000,5000,5000,5000,5000,5000
5000,5000,5000,5000,5000,5000,5000,5000,5000,5000,5000,5000,5000,5000,5000,5000,5000,5000,5000,5000,5000,5000,5000,5000,5000,5000,5000,5000,5000,5000,5000,5000,5000,5000,5000,5000,5000,5000,5000
663.006,859.812,725.692,263.385,83.37,476.615,184.723,425.856,141.148,295.925,336.235,356.828,690.319,92.807,92.978,49.556,51.452,318.223,905.376,670.981,313.35,133.069,128.428,129.837,25.682,195.641,346.029,25.668,91.124,283.277,297.97,326.982,258.489,1303.615,749.03,137.763,1282.211,359.821,1702.49
5000,5000,5000,5000,5000,5000,5000,5000,5000,5000,5000,5000,5000,5000,5000,5000,5000,5000,5000,5000,5000,5000,5000,5000,5000,5000,5000,5000,5000,5000,5000,5000,5000,5000,5000,5000,5000,5000,5000
5000,5000,5000,5000,5000,5000,5000,5000,5000,5000,5000,5000,5000,5000,5000,5000,5000,5000,5000,5000,5000,5000,5000,5000,5000,5000,5000,5000,5000,5000,5000,5000,5000,5000,5000,5000,5000,5000,5000
5000,338.078,3338.127,294.138,140.238,1027.708,201.029,225.031,264.265,190.46,594.047,614.603,495.414,401.137,411.905,631.177,617.175,819.213,533.737,724.432,221.863,216.596,215.906,229.831,173.385,207.967,201.587,172.645,185.267,190.636,214.425,189.982,202.894,184.809,313.378,1093.994,1577.59,766.367,5000
5000,811.502,3502.637,272.416,122.441,1235.501,210.774,244.46,277.173,141.538,583.233,470.963,497.009,496.833,500.85,480.023,472.143,640.202,535.873,740.947,223.499,230.456,235.672,217.853,178.413,245.403,236.729,170.827,180.026,181.361,145.878,150.373,215.918,146.535,433.944,616.939,1389.037,1094.848,5000
5000,590.231,3674.513,287.591,136.679,1440.002,221.24,313.352,379.797,189.753,395.977,628.889,995.113,973.953,907.18,634.23,611.781,678.961,705.968,1204.277,272.543,261.97,262.646,261.294,201.474,257.291,239.144,204.43,228.663,242.468,223.648,240.522,197.629,194.926,572.618,677.075,1655.205,1365.889,5000
5000,237.09,3195.449,236.923,106.614,691.59,127.917,159.765,182.874,96.999,399.83,157.665,225.264,154.61,154.598,154.016,150.438,380.281,231.654,469.951,181.933,144.128,145.253,171.145,145.296,183.299,216.595,144.639,139.03,158.648,146.595,127.085,149.46,111.64,247.953,457.053,1341.325,373.141,5000
5000,541.435,3530.249,259.947,106.4,840.85,142.952,176.468,228.582,88.451,243.752,322.793,201.803,323.853,329.648,324.891,321.245,492.167,563.334,619.711,177.889,231.783,230.383,228.131,138.923,191.877,188.888,136.205,143.301,151.704,160.664,138.344,183.927,144.635,159.071,704.321,1297.022,502.514,5000
5000,504.55,3403.912,443.507,164.85,1429.6,243.382,372.009,445.56,214.87,943.55,1506.092,726.095,648.056,638.476,1506.225,1512.788,553.037,505.562,1300.335,335.023,294.845,294.75,291.463,237.427,296.93,305.717,237.533,266.944,318.22,289.223,301.14,268.479,235.463,634.912,586.278,1756.592,1561.252,5000
5000,878.167,3482.223,285.742,155.822,757.751,210.681,201.786,353.467,136.33,252.016,289.907,376.003,423.064,426.524,293.462,297.639,325.787,320.305,869.253,280.425,238.955,245.679,265.035,224.404,251.271,245.758,230.574,203.576,255.792,213.869,191.925,208.972,178.88,435.457,916.671,1557.206,673.869,5000
5000,1261.975,3595.15,299.166,186.587,1077.521,272.112,400.14,397.878,196.093,440.924,366.287,382.417,360.341,360.396,368.542,360.796,391.544,376.537,907.026,351.084,297.023,278.983,260.841,264.824,343.937,352.906,243.083,262.458,250.957,267.006,301.986,270.214,199.954,641.788,759.384,1625.597,853.572,5000
5000,397.935,3152.245,292.825,137.395,731.05,217.94,324.657,371.867,125.157,265.082,433.021,276.053,436.704,399.566,442.815,434.658,291.878,240.346,902.195,259.34,270.111,276.107,267.946,210.36,249.514,268.473,211.685,212.572,266.01,182.047,219.276,247.013,130.183,343.61,457.645,1439.537,417.994,5000
5000,361.312,3486.578,283.724,194.744,1066.65,294.238,345.655,417.773,159.669,724.12,992.453,1242.286,976.415,966.508,1021.167,1033.074,1042.212,1017.047,1024.676,305.129,297.681,291.053,323.53,277.344,334.489,337.787,273.963,326.88,326.601,263.767,315.783,288.877,201.841,413.32,849.716,1470.785,1671.602,5000
5000,259.902,3170.854,272.416,148.214,694.261,249.018,341.642,454.755,151.715,377.73,603.593,447.603,957.017,993.248,599.668,584.128,673.685,604.992,747.718,253.502,285.463,283.298,357.108,204.001,223.09,212.192,214.933,258.456,267.524,282.165,218.526,255.441,183.789,339.803,510.625,1322.49,467.352,5000
5000,451.839,3415.157,292.76,150.593,962.885,265.908,324.853,369.585,179.15,580.341,528.216,468.283,482.12,461.015,587.866,525.555,447.231,680.302,934.799,293.875,264.459,263.752,295.96,251.992,250.102,256.015,258.87,228.807,245.189,212.068,203.025,206.417,154.171,429.39,432.245,1405.414,705.104,5000
5000,480.761,3408.841,292.075,153.538,1099.179,223.678,292.904,357.689,182.266,523.399,823.98,429.723,580.549,588.525,810.046,836.003,366.411,466.969,845.585,259.387,233.334,227.892,283.537,205.444,265.392,239.368,202.222,231.065,263.857,207.933,234.683,225.545,224.368,497.945,1050.957,1408.726,926.783,5000
5000,684.459,3842.074,381.114,187.087,1491.302,242.574,318.194,359.354,218.314,603.689,783.214,584.697,785.87,818.744,782.828,782.09,553.553,818.798,1035.33,279.005,268.309,269.024,271.84,265.077,240.248,237.753,264.554,262.039,312.135,222.715,235.8,253.401,318.944,431.229,653.163,1401.302,874.216,5000
5000,588.707,3631.538,358.772,172.79,1099.458,236.774,287.245,456.685,238.293,466.882,440.806,511.428,491.162,471.297,436.814,434.921,537.669,608.738,1253.608,292.51,322.038,303.202,341.923,256.143,349.6,331.46,277.07,283.604,238.888,305.958,299.156,285.583,270.157,460.374,1056.002,1612.417,974.851,5000
5000,543.949,3753.787,309.705,176.485,1177.291,194.538,298.223,338.288,178.747,316.257,535.599,449.809,851.422,847.021,539.075,553.882,585.513,355.583,849.01,276.945,250.153,252.387,235.94,235.266,258.425,287.503,226.889,268.105,321.492,237.271,251.164,245.008,184.542,570.385,743.931,1658.081,730.057,5000
5000,510.479,3552.743,302.59,149.228,976.609,207.133,244.939,373.739,165.438,367.716,502.481,368.403,506.353,479.932,538.643,517.421,407.73,308.725,877.219,266.852,267.542,266.249,297.36,204.405,216.282,231.556,208.346,235.858,242.553,239.463,217.403,225.1,199.374,452.082,599.546,1492.669,412.56,5000
5000,695.483,3721.76,299.203,157.812,1784.311,245.285,288.892,349.752,215.777,893.212,1235.361,591.184,1337.891,1325.985,1235.555,1217.276,679.67,1349.93,1031.419,290.109,305.618,311.853,294.324,264.555,289,275.609,258.376,210.842,298.1,221.423,255.423,244.633,274.757,358.205,598.179,1449.696,1945.207,5000
5000,343.229,3387.798,268.694,133.386,970.33,226.947,264.86,323.854,216.977,360.911,737.147,307.48,459.557,488.766,729.822,747.765,399.746,773.337,892.396,250.482,242.187,244.286,227.496,221.228,252.168,253.653,227.916,202.155,231.159,164.855,211.623,261.568,206.486,541.498,509.002,1466.719,962.494,5000
5000,644.108,3701.299,305.364,191.374,1001.946,316.134,356.43,301.693,230.636,549.127,385.862,344.773,474.571,500.845,435.486,397.639,511.973,403.904,1118.692,274.783,294.954,283.581,272.511,253.723,283.814,291.584,267.746,243.804,286.255,242.149,206.389,291.693,206.96,625.827,600.005,1628.848,871.378,5000
169.684,16.896,68.015,711.158,284.754,431.815,615.144,464.396,488.816,182.173,318.695,336.482,325.643,346.653,332.193,365.115,378.324,361.386,377.761,896.833,651.607,664.59,640.382,612.061,562.023,574.549,511.55,573.163,610.705,647.04,401.637,405.052,664.472,348.558,555.65,140.725,1483.657,2120.744,5000
5000,5000,5000,5000,5000,5000,5000,5000,5000,5000,5000,5000,5000,5000,5000,5000,5000,649.952,5000,5000,5000,5000,5000,5000,5000,5000,5000,5000,5000,5000,5000,5000,88.004,5000,5000,5000,5000,5000,5000
5000,5000,5000,5000,5000,5000,5000,5000,5000,5000,5000,5000,5000,5000,5000,5000,5000,5000,5000,5000,5000,5000,5000,5000,5000,5000,5000,5000,5000,5000,5000,5000,5000,5000,5000,5000,5000,5000,5000
5000,5000,5000,5000,5000,5000,5000,5000,5000,5000,5000,5000,5000,5000,5000,5000,5000,5000,5000,5000,5000,5000,5000,5000,5000,5000,5000,5000,5000,5000,5000,5000,5000,5000,5000,5000,5000,5000,5000
5000,5000,5000,5000,5000,5000,5000,5000,5000,5000,5000,5000,5000,5000,5000,5000,5000,2874.458,5000,5000,5000,5000,5000,5000,5000,5000,5000,5000,5000,5000,5000,5000,92.596,5000,5000,5000,5000,5000,5000
5000,5000,5000,5000,5000,5000,5000,5000,5000,5000,5000,5000,5000,5000,5000,5000,5000,5000,5000,5000,5000,5000,5000,5000,5000,5000,5000,5000,5000,5000,5000,5000,5000,5000,5000,5000,5000,5000,5000
58.121,5000,4462.772,5000,31.25,5000,258.239,415.927,2611.141,55.813,959.815,1752.402,5000,5000,5000,2361.998,2244.302,45.993,11.854,5000,262.754,270.724,272.802,277.237,284.561,393.672,321.188,273.993,327.393,46.248,312.987,377.258,84.207,5000,15.765,77.334,933.817,123.453,5000
5000,5000,5000,5000,5000,5000,5000,5000,5000,5000,5000,5000,5000,5000,5000,5000,5000,1050.503,5000,5000,5000,5000,5000,5000,5000,5000,5000,5000,5000,5000,5000,5000,289.287,5000,5000,5000,5000,5000,5000
5000,5000,5000,5000,5000,5000,5000,5000,5000,5000,5000,5000,5000,5000,5000,5000,5000,5000,5000,5000,5000,5000,5000,5000,5000,5000,5000,5000,5000,5000,5000,5000,5000,5000,5000,5000,5000,5000,5000
5000,5000,5000,5000,5000,5000,5000,5000,5000,5000,5000,5000,5000,5000,5000,5000,5000,5000,5000,5000,5000,5000,5000,5000,5000,5000,5000,5000,5000,5000,5000,5000,5000,5000,5000,5000,5000,5000,5000
5000,5000,5000,5000,5000,5000,5000,5000,5000,5000,5000,5000,5000,5000,5000,5000,5000,5000,5000,5000,5000,5000,5000,5000,5000,5000,5000,5000,5000,5000,5000,5000,5000,5000,5000,5000,5000,5000,5000
5000,5000,5000,5000,5000,5000,5000,5000,5000,5000,5000,5000,5000,5000,5000,5000,5000,5000,5000,5000,5000,5000,5000,5000,5000,5000,5000,5000,5000,5000,5000,5000,5000,5000,5000,5000,5000,5000,5000
5000,5000,5000,5000,5000,5000,5000,5000,5000,5000,5000,5000,5000,5000,5000,5000,5000,5000,5000,5000,5000,5000,5000,5000,5000,5000,5000,5000,5000,5000,5000,5000,5000,5000,5000,5000,5000,5000,5000
3064.903,279.563,216.266,449.485,228.832,262.762,1026.489,875.91,771.352,350.335,281.634,289.971,223.968,293.641,283.162,330.393,347.796,654.087,311.909,892.823,1393.82,1182.164,1184.216,1612.485,1454.457,960.166,805.094,1440.239,1560.838,392.486,679.712,786.509,1550.402,5000,296.475,2398.562,457.481,5000,5000
5000,739.192,1198.501,1835.217,1291.197,1416.789,5000,3873.607,2769.963,2242.917,5000,1662.935,1014.369,1995.453,2038.86,1495.886,1526.97,5000,1529.055,5000,3841.454,4891.424,3602.793,4989.181,5000,3875.386,4279.307,5000,5000,1802.111,2731.532,2692.807,5000,5000,1214.964,5000,1353.969,5000,5000
5000,2316.749,4369.07,5000,5000,5000,5000,5000,5000,5000,5000,5000,3926.49,5000,5000,5000,5000,5000,4584.667,5000,5000,5000,5000,5000,5000,5000,5000,5000,5000,5000,5000,5000,5000,5000,5000,5000,5000,5000,5000
5000,2864.795,5000,5000,5000,5000,5000,5000,5000,5000,5000,5000,5000,5000,5000,5000,5000,5000,5000,5000,5000,5000,5000,5000,5000,5000,5000,5000,5000,5000,5000,5000,5000,5000,5000,5000,5000,5000,5000
5000,3398.567,5000,5000,5000,5000,5000,5000,5000,5000,5000,5000,5000,5000,5000,5000,5000,5000,5000,5000,5000,5000,5000,5000,5000,5000,5000,5000,5000,5000,5000,5000,5000,5000,5000,5000,5000,5000,5000
5000,4150.193,5000,5000,5000,5000,5000,5000,5000,5000,5000,5000,5000,5000,5000,5000,5000,5000,5000,5000,5000,5000,5000,5000,5000,5000,5000,5000,5000,5000,5000,5000,5000,5000,5000,5000,5000,5000,5000
5000,449.991,3204.92,19.076,989.043,719.312,3145.054,954.95,531.375,1181.476,5000,713.541,76,779.434,781.235,670.392,755.676,5000,1394.788,88.405,110.613,594.228,604.712,672.489,2571.013,5000,5000,2561.478,2564.57,1374.773,799.258,957.645,2586.272,5000,75.105,5000,176.804,5000,5000
5000,753.578,5000,38.014,4470.095,5000,5000,3554.622,2733.912,4985.457,5000,4219.33,740.178,5000,5000,4058.547,4421.837,5000,5000,161.917,2710.576,2586.498,2573.032,2573.842,2604.714,5000,5000,2604.551,2588.79,4715.875,4204.762,2545.971,2593.235,5000,240.853,5000,346.935,5000,5000
5000,1097.473,5000,99.885,5000,5000,5000,5000,5000,5000,5000,5000,1420.758,5000,5000,5000,5000,5000,5000,487.842,2604.026,2607.92,2605.934,2621.536,2625.453,5000,5000,2631.26,2630.368,5000,5000,5000,2634.211,5000,205.906,5000,336.737,5000,5000
5000,5000,5000,349.66,5000,5000,5000,5000,5000,5000,5000,5000,5000,5000,5000,5000,5000,5000,5000,4894.578,2683.586,2701.174,2700.579,2689.502,2711.556,5000,5000,2693.626,2685.796,5000,5000,5000,2706.145,5000,743.948,5000,906.654,5000,5000
5000,5000,5000,611.847,5000,5000,5000,5000,5000,5000,5000,5000,5000,5000,5000,5000,5000,5000,5000,4915.62,2710.16,2744.657,2795.006,2703.735,2775.57,5000,5000,2756.588,2763.648,5000,5000,5000,2766.022,5000,1469.27,5000,1610.913,5000,5000
5000,5000,5000,854.123,5000,5000,5000,5000,5000,5000,5000,5000,5000,5000,5000,5000,5000,5000,5000,5000,2748.766,2768.825,2765.919,2738.109,2732.378,5000,5000,2760.693,2764.579,5000,5000,5000,2751.31,5000,5000,5000,5000,5000,5000
5000,5000,5000,796.162,5000,5000,5000,5000,5000,5000,5000,5000,5000,5000,5000,5000,5000,5000,5000,5000,2774.003,2775.472,2772.358,2771.076,2755.579,5000,5000,2763.984,2744.373,5000,5000,5000,2741.474,5000,2279.876,5000,2352.771,5000,5000
