"InstanceName","abcdSAT_drup","BeansAndEggs","CHBR_glucose","CHBR_glucose_tuned","cmsat5_autotune2","cmsat5_main2","COMiniSatPSChandrasekharDRUP","GHackCOMSPS_DRUP","glucose","glucose_hack_kiel_newScript","Glucose_nbSat","glue_alt","glueminisat.2210.81.main","gulch","Lingelingbbcmain","MapleCMS","MapleCOMSPS_CHB_DRUP","MapleCOMSPS_DRUP","MapleCOMSPS_LRB_DRUP","MapleGlucose","Riss6","Splatz06vmain","tb_glucose","tc_glucose","YALSAT03r"
"sat/10pipe_k.cnf",2186.81,1163.05,841.47,854.68,920.69,5000,511.74,431.01,383.53,5000,597.76,2612.13,1087.29,1953.49,313.4,463.16,399.53,2735.95310463783,403.78,3446.87113398163,5000,224.34,1085.15,1434.14,5000
"sat/14pipe_q0_k.cnf",1488.39,1485.15,1213.26,1136.47,3652.02,5000,1380.4,1234.31,1067,1677.26,1570.02,3249.83,1177.76,1754.36,687.7,950.38,1163.77,3392.58,1855.68,5000,5000,396.4,1555.22,1633.57,5000
"sat/16pipe_16_ooo.cnf",5000,5000,5000,5000,5000,5000,5000,5000,5000,5000,5000,5000,5000,5000,5000,5000,5000,5000,5000,5000,5000,5000,5000,5000,5000
"sat/1dlx_c_iq57_a.cnf",1247.35,1161.48,1063.87,1089.54,481.6,551.45,850.67,840.13,1005.18,997.26,937.04,1952.7,1374.92,2063.94,1287.49,937.8,889.19,2969.22029063554,789.72,3293.7,4823.18,669.24,992.29,1030.65,5000
"sat/9dlx_vliw_at_b_iq4.used-as.sat04-345.cnf",173.99,260.4,188.65,183.27,229.93,245.54,242.84,239.69,128.5,257.53,258.14,589.58,255.31,225.19,196.63,575.58,184.44,2608.05160873465,191.92,3287.03895964968,3068.03,114.38,165.58,169.09,5000
"sat/9dlx_vliw_at_b_iq8.used-as.sat04-718.cnf",1854.83,1281.55,1222.43,1200.47,1111.01,1175.28,1684.46,1466.24,1156.99,1687.62,1633.68,3779.47,1747.92,1616.93,1460.72,3155.44,1512.49,3218.73,1467.47,4997.13015070505,5000,5000,1524.9,1377,5000
"sat/9dlx_vliw_at_b_iq9.used-as.sat04-719.cnf",2489.51,1980.39,1902.24,1945.87565609146,1675.86,1856.37,2705.11,2304.44,1561.95,2315.58,2374.78,5000,2513.74,2167.82,1839.35,4392.27,2422.54,3715.48,2443.08,5000,5000,5000,1993.35,1997.54,5000
"sat/abb313GPIA-9-c.used-as.sat04-317.cnf",5000,5000,5000,5000,5000,5000,326.42,251.47,5000,5000,5000,5000,5000,5000,5000,5000,5000,578.47,286.75,5000,5000,5000,5000,5000,303.04
"sat/ablmulub16x4o.cnf",247.85,402.23,326.94,521.88,463.04,470.82,314.01,316.49,542.36,537.26,584.43,572.1,503.67,357.2,419.06,277.26,459.65,194.22,357.376920773582,191.34,2838.54,760.26,472.81,298.85,5000
"sat/ablmulub2x32o.cnf",294.99,1680.82,702.2,1350.88,719.32,705.6,989.19,1348.98,1524.95,1623.53,1627.75,2061.62,1639.1,1720.19,549.29,468.83,823.25,333.630042608275,819.79,351.58,5000,2427.43,1629.36,1053.16,5000
"sat/ablmulub8x16o.cnf",3617.04,3399.41,3193.11,5000,5000,5000,3170.11,4399.9,5005.69585372467,4161.9,5000,5000,5000,3449.77,2499.28,3644.49,4138.5817634205,1271.9973149862,2371.93,1447.56,5000,5000,4529.1,3576.82,5000
"sat/ACG-20-10p0.cnf",837.29,2294.74,1314.99,1314.38,1015.29,975.43,1354.15,4389.31,2237.72,3304.18,1802.38,2773.15,826.64,4390.13,702.6,1310.03,998.58,731.18,607.85,2852.92,5000,5000,2952.29,2962.77,5000
"sat/ACG-20-5p1.cnf",245.22,337.2,609.44,446.12,450.28,489.18,400.6,627.02,424.67,348.23,426.48,404.39,234.83,417.64,353.55,502.97,149.67,215.11,230.36,677.58,2081.09,287.19,518.66,521.15,5000
"sat/add_01_1000_4.smt2-cvc4.cnf",7.31,11.1,7.99,7.99,13.29,13.24,9.51,6.42,7.5,7.31,8.34,7.12,9.81,14.96,10.64,23.2327186299547,10.15,20.08,12.95,19.88,84.54,20.32,7.22,7.81,5000
"sat/aes_32_3_keyfind_2.cnf",896.39,2549.47,1349.08,1347.74,2939.16,2825.93,35.11,2466.51,275.06,1415.89,5000,1398.79,868.83,741.44,3424.27,141.63,102.95,238.22,90.94,808.26,2449.39,2759.89,2095.57,399,5000
"sat/aes_32_5_keyfind_1.cnf",5000,5000,5000,5000,5000,5000,5000,5000,5000,5000,5000,5000,5000,5000,5000,5000,5000,5000,5000,5000,5000,5000,5000,5000,5000
"sat/aes_64_2_keyfind_1.cnf",5000,5000,5000,5000,5000,5000,5000,5000,5000,5000,5000,5000,5000,5000,5000,5000,5000,5000,5000,5000,5000,5000,5000,5000,5000
"sat/aes_64_3_keyfind_1.cnf",5000,5000,5000,5000,5000,5000,5000,5000,5000,5000,5000,5000,5000,5000,5000,5000,5000,5000,5000,5000,5000,5000,5000,5000,5000
"sat/ak016modbtsimpbisc.cnf",5000,3605.13,5000,5000,3891.37,3789.09,2666.23,3053.27,2349.13,2482.47,2074.61,1317.55,5000,5000,5000,5000,3509.6,3762.91921736353,2302.21,5000,5000,470.58,2523.56,5000,5000
"sat/ak032diagodiagoisc.cnf",5000,5000,5000,5000,1257.39,1263.93,5000,5000,2690.62,2006.37,5000,452.7,1615.16,4299.25,35.06,5000,5000,5000,5000,5000,5000,88.78,5000,5000,5000
"sat/ak032modbtmodbtisc.cnf",5000,5000,3278.46,3300.49,4241.54,4061.14,5000,5000,3544.38,4847.17,4717.38,2789.44,2396.3,5000,5000,5000,5000,5000,5000,5000,5000,300.55,4258.94,4526.58,5000
"sat/ak032modbtsimpbisc.cnf",5000,5000,5000,5000,5000,5000,5000,5000,5000,5000,5000,5000,5000,5000,5000,5000,5000,5000,5000,5000,5000,5000,5000,5000,5000
"sat/ak064boothboothisc.cnf",5000,5000,5000,5000,5000,5000,5000,5000,5000,5000,5000,5000,5000,5000,5000,5000,5000,5000,5000,5000,5000,5000,5000,5000,5000
"sat/ak064diagodiagoisc.cnf",5000,5000,5000,5000,5000,5000,5000,5000,5000,5000,5000,5000,5000,5000,2400.84,5000,5000,5000,5000,5000,5000,2860.45,5000,5000,5000
"sat/ak064modasbg2asisc.cnf",915.5,5000,707.73,713.42,1307.32,1326.12,5000,0.99,5000,4.74,5000,1277.65,734.22,5000,2526.58,5000,5000,5000,5000,5000,8.08,1049.06,10.35,11.49,45.79
"sat/ak064modbtmodbtisc.cnf",5000,5000,5000,5000,5000,5000,5000,5000,5000,5000,5000,5000,5000,5000,5000,5000,5000,5000,5000,5000,5000,5000,5000,5000,5000
"sat/ak064paralbg2btaig.cnf",5000,5000,5000,5000,5000,5000,302.26,5000,5000,5000,5000,5000,5000,5000,2.61,5000,5000,5000,5000,5000,110.56,5000,5000,5000,5000
"sat/ak064paralparalisc.cnf",1664.04,5000,3545.33,3423.38,3729.48,3618.22,5000,5000,3605.01,4351.64,4571.69,2215.88,3237.94,5000,270.42,5000,5000,4599.2,5000,5000,5000,1163.7,3543.27,3864.22,5000
"sat/ak064simpbbg2btaig.cnf",5000,3318.81,5000,5000,5000,5000,5000,5000,1728.3,5000,5000,5000,5000,5000,5000,5000,5000,5000,5000,5000,254.23,1188.24,5000,5000,5000
"sat/ak128astepbg2msaig.cnf",5000,5000,5000,5000,5000,5000,5000,5000,5000,5000,5000,5000,5000,5000,5000,5000,5000,5000,5000,5000,110.35,5000,5000,5000,5000
"sat/ak128boothbg2btisc.cnf",3472.85,1.59,3975.14,3973.67,5000,5000,5000,5000,2283.01,5000,5000,2444.5,4105.73,5000,5000,5000,1840.26,3149.1258344872,5000,3473.97,5000,5000,2489.79,2611.42,5000
"sat/ak128boothboothisc.cnf",5000,5000,5000,5000,5000,5000,5000,5000,5000,5000,5000,5000,5000,5000,5000,5000,5000,5000,5000,5000,5000,5000,5000,5000,5000
"sat/ak128diagobg2asaig.cnf",5000,5000,5000,5000,5000,5000,5000,5000,5000,5000,5000,5000,5000,5000,5.35,5000,5000,5000,5000,5000,142.59,5000,5000,5000,5000
"sat/ak128modasbg2asisc.cnf",5000,5000,1481.16,1482.49,5000,5000,5000,5000,5000,5000,5000,5000,3624.82,5000,5000,5000,5000,5000,5000,5000,34.74,5000,5000,5000,101.2
"sat/ak128modbtbg2msisc.cnf",4894.3,5000,5000,5000,5000,5000,5000,5000,4317.9,5000,5000,5000,5000,5000,5000,5000,5000,3238.67,5000,5000,107.81,5000,5000,5000,5000
"sat/ak128paralbg2msisc.cnf",5000,5000,5000,5000,5000,5000,5000,5000,5000,5000,5000,5000,5000,5000,5000,5000,5000,5000,5000,5000,36.31,5000,5000,5000,5000
"sat/ak128paralparalisc.cnf",5000,5000,5000,5000,5000,5000,5000,5000,5000,5000,5000,5000,5000,5000,3965.35,5000,5000,5000,5000,5000,5000,5000,5000,5000,5000
"sat/ak128simpbbg2msisc.cnf",5000,5000,5000,5000,5000,5000,5000,5000,5000,1206.34,5000,5000,2619.6,5000,5000,5000,4453.54,3008.91,5000,5000,37.2,5000,5000,5000,5000
"sat/am_7_7.shuffled-as.sat03-363.cnf",5000,5000,5000,5000,5000,5000,5000,5000,5000,5000,5000,5000,5000,5000,5000,5000,5000,5000,5000,5000,5000,5000,5000,5000,5000
"sat/am_9_9.cnf",5000,5000,5000,5000,5000,5000,5000,5000,5000,5000,5000,5000,5000,5000,5000,5000,5000,5000,5000,5000,5000,5000,5000,5000,5000
"sat/AProVE07-25.cnf",5000,5000,5000,5000,5000,5000,5000,5000,5000,5000,5000,5000,5000,5000,5000,5000,5000,5000,5000,5000,5000,5000,5000,5000,5000
"sat/AProVE11-06.cnf",2088.64,5000,2598.19,2617.37,2414.21,2709.46,1992.39,3496.85,3603.39,2679.31,4339.98,5000,3277.17,3000,1868.77,2654.02,2220.57,1969.28,1647.64,3298.11,5000,5000,2667.66,2722.58,5000
"sat/arcfour_initialPermutation_5_32.cnf",5000,5000,5000,5000,5000,5000,5000,5000,5000,5000,5000,5000,5000,5000,5000,5000,5000,5000,5000,5000,5000,5000,5000,5000,5000
"sat/arcfour_initialPermutation_6_14.cnf",453.61,401.88,352.53,352.97,183.41,189.4,327.28,319.77,356.47,348.98,339.89,317.85,339.34,379.87,332.91,404.57,318.61,351.51,284.31,526.21,965.64,258.03,373.51,371.51,5000
"sat/barman-pfile06-022.sas.ex.7.cnf",1548.80116499666,1.24,1344.35405132501,1339.53000922107,29.73,29.67,1434.92461517453,1359.81356938955,1373.05615206127,1224.96300039723,1457.2251626954,1499.48653484642,1770.82773048032,1425.21471438263,6.06,29.37,1401.66634927701,1333.59442693684,1355.44149563168,1338.49018399765,881.85,27.65,1333.57122971387,1457.11262398802,5000
"sat/barman-pfile07-027.sas.cr.37.cnf",49.95,29.55,67.74,66.39,53.46,56.35,54.26,74.22,30.97,65.63,69.68,43.32,49.39,71.76,63.91,111.25,50.88,87.3,69.29,164.82,1054.69,5000,53.36,56,5000
"sat/barman-pfile08-030.sas.cr.27.cnf",19.3,7.18,8.85,8.84,9.76,9.81,35.42,36.08,11.04,12.1,15.77,9.5,9.6,13.81,45.81,30.4,34.84,40.28,34.97,24.41,290.16,41.66,8.86,9.12,5000
"sat/barman-pfile09-036.sas.cr.33.cnf",31.13,18.58,24.52,24.66,28.53,29.47,71.5354071402933,91.46,28.41,43.03,36.89,36.82,42.72,30.7,70.34,71.7,86.487991611539,92.57,81.6,72.36,614.05,85.87,31.65,32,5000
"sat/barman-pfile10-038.sas.cr.25.cnf",11.16,7.41,10.59,10.29,13.62,13.97,50.42,56.24,9.18,13.52,18.92,9.72,12.66,11.2,42.31,26.65,49.93,52.94,51.91,21.12,328.19,5000,11.34,11.92,5000
"sat/barman-pfile10-040.sas.cr.17.cnf",4.44,3.44,3.4,3.46,6.82,6.78,25.41,34.62,3.77,3.3,8.61,3.9,4.92,3.57,14.47,8.9,25.88,26.55,26.25,8.62,217.86,22.05,3.42,3.81,5000
"sat/barman-pfile10-040.sas.cr.21.cnf",14.3,5.19,4.91,4.87,9.52,9.49,34.44,38.95,10.83,6.03,12.66,7.35,8.74,6.64,13.04,13.32,35.23,35.09,35.01,14.68,289.32,40.77,5.49,6.01,5000
"sat/C168_FW_UT_518.cnf",0.01,0.01,0.01,0.01,0.02,0.02,0.01,0.01,0.01,0.01,0.02,0.02,0.01,0.02,0.02,0.01,0.01,0.01,0,0.01,0.23,0,0.01,0.05,0
"sat/countbitsarray04_32.cnf",5000,5000,5000,5000,5000,5000,5000,5000,5000,5000,5000,5000,5000,5000,5000,5000,5000,5000,5000,5000,5000,5000,5000,5000,5000
"sat/countbitssrl128.cnf",5000,5000,5000,5000,5000,5000,5000,5000,5000,5000,5000,5000,5000,5000,5000,5000,5000,5000,5000,5000,5000,5000,5000,5000,5000
"sat/ctl_3791_556_unsat.cnf",5000,5000,5000,5000,5000,5000,5000,5000,5000,5000,5000,5000,5000,5000,5000,5000,5000,5000,5000,5000,5000,5000,5000,5000,5000
"sat/ctl_4291_567_8_unsat.cnf",750.87,3931.18,4666.28,4579.21,4074.64,3935.57,3514.56093431485,4026.97,3783.84556478613,3463.2,3916.31,5000,2595.18,4061.73,5000,3221.38,4887.8,2175.02968902476,5000,1934.7,5000,5000,4244.04,5000,5000
"sat/cube-11-h13-unsat.cnf",1956.11,445.73,108.86,112.93,422.77,436.62,238.07,98.78,138.17,150.24,173.98,198.67,212.96,344.65,1889.73,873.66,136.07,456.29,285.89,554.63,1874.56,442.7,390.75,338.02,5000
"sat/custmulsb2x32o.cnf",5000,5000,5000,5000,5000,5000,5000,5000,5000,5000,5000,5000,5000,5000,5000,5000,5000,5000,5000,5000,5000,5000,5000,5000,5000
"sat/custmulun16x16o.cnf",5000,5000,5000,5000,5000,5000,5000,5000,5000,5000,5000,5000,5000,5000,5000,5000,5000,5000,5000,5000,5000,5000,5000,5000,5000
"sat/dated-10-19-u.cnf",5000,5000,5000,5000,5000,5000,5000,5000,5000,5000,5000,5000,5000,5000,5000,5000,5000,5000,5000,5000,5000,5000,5000,5000,5000
"sat/div2.c.20.smt2-stp212.cnf",5.24,4.78,3.91,4,30.42,31.72,5.46,3.1,3.14,4.05,5.11,2.68,3.91,7.66,18.37,32.96,3.7,3.7,4.23,6.53,40.67,5000,2.69,3.01,5000
"sat/E00N23.cnf",2804.67,2339.6,2884.91,2913.92,4404.72,4457.81,3024.61,4176.54,3267.67,3071.31,3589.51,5000,3940.47,4199.11,3732.95,4683.37,4622.93,2529.43,3026.27,2674.5,5000,5000,2773.3,3092.61,5000
"sat/E02F22.cnf",531.94,207.56,303.42,376.51,161.82,165.82,245.89,354.8,236.46,226.51,303.07,471.65,128.85,534.09,707.29,197.18,184.78,174.65,267.13,2586.6,805.29,1631.45,321.58,460.51,5000
"sat/e2_1.c.smt2-stp212.cnf",9.37,0.23,0.19,0.2,0.66,0.66,0.4,0.18,0.22,0.18,0.24,0.24,0.45,0.47,0.83,0.53,0.39,0.39,0.39,0.37,8.1,0.07,0.19,0.23,5000
"sat/e2_2.c.smt2-cvc4.cnf",0.23,0.06,0.13,0.13,0.14,0.16,0.05,0.06,0.05,0.05,0.07,0.07,0.06,0.09,0.3,0.14,0.05,0.05,0.05,0.06,1.62,1.21,0.06,0.08,5000
"sat/e2a_2.c.smt2-cvc4.cnf",0.1,0.02,0.05,0.05,0.12,0.12,0.04,0.04,0.05,0.04,0.05,0.06,0.05,0.05,0.26,0.12,0.04,0.05,0.04,0.05,2.05,0.03,0.04,0.06,5000
"sat/eq.atree.braun.11.unsat.cnf",942.03,810.4,697.21,701.46,1607.22,1491.6,796.49,846.15042915683,524.24,828.97,612.77,1031.25,502.83,683.955649764062,2754.47,1127.72231618216,672.75,455.57,401,525.705145340769,4647.85,5000,741.26,1990.89403199629,5000
"sat/eq.atree.braun.12.unsat.cnf",2750.2,5000,4030.77,4033.82,5000,5000,5000,5000,5000,5000,5000,5000,5000,4321.34,5000,5000,2840.76,4079.75376698758,2627.29,3809.32,5000,5000,4796.86954532779,5000,5000
"sat/eq.atree.braun.13.unsat.cnf",5000,5000,5000,5000,5000,5000,5000,5000,5000,5000,5000,5000,5000,5000,5000,5000,5000,5000,5000,5000,5000,5000,5000,5000,5000
"sat/f1000.cnf",5000,5000,5000,5000,5000,5000,5000,5000,5000,5000,5000,5000,5000,5000,5000,5000,5000,5000,5000,5000,5000,5000,5000,5000,0.25
"sat/f600.cnf",5000,5000,5000,5000,5000,5000,5000,5000,5000,5000,5000,5000,5000,5000,5000,5000,5000,5000,5000,5000,5000,5000,5000,5000,0.02
"sat/g250.29.cnf",5000,5000,5000,5000,5000,5000,5000,5000,5000,5000,5000,5000,5000,5000,5000,5000,5000,5000,5000,5000,5000,5000,5000,5000,8.43
"sat/gaussian.c.75.smt2-cvc4.cnf",5000,5000,2823.33,2887.86,5000,5000,448.291075914093,1887.9,3160.29,3409.97,3603.98,4444.15,3098.33,2943.67,5000,3846.74,383.37,2719.09782564303,264.58,5000,5000,847.550272203045,4286.36581236139,4179.14624728226,5000
"sat/gripper14u.cnf",1319.9,5000,5000,5000,5000,5000,5000,5000,1420.49,1666.36,2890.02,3600.65,1818.35,5000,1771.7,5000,3767.44,5000,5000,5000,5000,5000,3603.25,3004.22,5000
"sat/gss-20-s100.cnf",691.74,2901.79,822.60673621249,823.86,830.21,847.43,395.34,862.22,305.11,618.75,387.22,1870.59211635991,709.14,1079,3145.46,1022.69,89.27,88.01,1568.66128172198,438.98,5000,973.99,1204.49,1231.71,5000
"sat/gss-24-s100.cnf",5000,5000,5000,5000,5000,5000,4046.07,5000,5000,1323.40793914398,5000,5000,5000,5000,5000,5000,5000,5000,5000,5000,5000,5000,5000,5000,5000
"sat/gss-26-s100.cnf",5000,5000,5000,5000,5000,5000,5000,5000,5000,4879.52,5000,5000,5000,5000,5000,5000,5000,5000,5000,5000,5000,5000,5000,5000,5000
"sat/gss-27-s100.cnf",5000,5000,5000,5000,5000,5000,5000,5000,5000,5000,5000,5000,5000,5000,5000,5000,5000,5000,5000,5000,5000,5000,5000,5000,5000
"sat/gss-28-s100.cnf",5000,5000,5000,5000,5000,5000,5000,5000,5000,5000,5000,5000,5000,5000,5000,5000,5000,5000,5000,5000,5000,5000,5000,5000,5000
"sat/gss-29-s100.cnf",5000,5000,5000,5000,5000,5000,5000,5000,5000,5000,5000,5000,5000,5000,5000,5000,5000,5000,5000,5000,5000,5000,5000,5000,5000
"sat/gus-md5-10.cnf",3088.65,2758.6,1975.59,2013.7,952.11,898.18,1433.45,1330.39,1850.57,2213.34,2068.18,2963.07,2034.73,2495.25,1427.46,4040.28,2092.25,1345.37,1931.87,2633.91,5000,1389.06,2452.31,2545.16,5000
"sat/gus-md5-12.cnf",5000,5000,5000,5000,5000,5000,5000,5000,5000,5000,5000,5000,5000,5000,5000,5000,5000,5000,5000,5000,5000,5000,5000,5000,5000
"sat/hitag2-8-60-0-0xb2021557d918860-94.cnf",2652.39,5000,4565.39,5000,5000,5000,5000,5000,5000,5000,5000,5000,4250.94,4469.67,5000,5000,5000,5000,4407.37,5000,5000,5000,5000,5000,5000
"sat/homer17.cnf",3813.59,5000,5000,5000,2540.69,2508.55,2724.37,3700.75,5000,5000,5000,5000,5000,5000,3432.86,1859.67866756369,5000,773.67,1799.97562761525,844.95,5000,5000,5000,5000,5000
"sat/ibm-2002-23r-k90.cnf",144.65,313.31,97.87,96.77,120.22,120.94,60.6,78.55,87.73,116.33,141.54,87.88,150.68,131.3,185.1,222.66,99.01,62.96,56.09,181.68,729.56,375.65,54.25,57.02,5000
"sat/k_unsat.cnf",5000,5000,5000,5000,5000,5000,5000,5000,5000,5000,5000,5000,5000,5000,5000,5000,5000,5000,5000,5000,5000,5000,5000,5000,5000
"sat/k2mul.miter.cnf",1444.46,724.46,1687,876.1,366.97,365.5,1423.62515659912,1177.85,784.79,526.49,770.87,1335.01,1144.37,848.88,664.29,563.87,933.93,1263.57039803723,696.08,853.99,3846.4,198.745959286722,692.38,949.9,5000
"sat/korf-18.cnf",397.77,525.43,248.72,247.4,5000,5000,5000,5000,5000,5000,5000,5000,5000,286.05,367.01,397.08,5000,5000,5000,5000,4087.38,677.88,5000,1564.19,5000
"sat/li-exam-61.cnf",5000,5000,5000,5000,5000,5000,5000,5000,5000,5000,5000,5000,5000,5000,5000,5000,5000,5000,5000,5000,5000,5000,5000,5000,5000
"sat/li-exam-61.shuffled-as.sat03-366.cnf",5000,5000,5000,5000,5000,5000,5000,5000,5000,5000,5000,5000,5000,5000,5000,5000,5000,5000,5000,5000,5000,5000,5000,5000,5000
"sat/li-exam-62.cnf",5000,5000,5000,5000,5000,5000,5000,5000,5000,5000,5000,5000,5000,5000,5000,5000,5000,5000,5000,5000,5000,5000,5000,5000,5000
"sat/li-exam-63.cnf",5000,5000,5000,5000,5000,5000,5000,5000,5000,5000,5000,5000,5000,5000,5000,5000,5000,5000,5000,5000,5000,5000,5000,5000,5000
"sat/li-test4-100.cnf",5000,5000,5000,5000,5000,5000,5000,5000,5000,5000,5000,5000,5000,5000,5000,5000,5000,5000,5000,5000,5000,5000,5000,5000,5000
"sat/li-test4-95.cnf",5000,5000,5000,5000,5000,5000,5000,5000,5000,5000,5000,5000,5000,5000,5000,5000,5000,5000,5000,5000,5000,5000,5000,5000,5000
"sat/li-test4-96.cnf",5000,5000,5000,5000,5000,5000,5000,5000,5000,5000,5000,5000,5000,5000,5000,5000,5000,5000,5000,5000,5000,5000,5000,5000,5000
"sat/li-test4-98.cnf",5000,5000,5000,5000,5000,5000,5000,5000,5000,5000,5000,5000,5000,5000,5000,5000,5000,5000,5000,5000,5000,5000,5000,5000,5000
"sat/li-test4-99.cnf",5000,5000,5000,5000,5000,5000,5000,5000,5000,5000,5000,5000,5000,5000,5000,5000,5000,5000,5000,5000,5000,5000,5000,5000,5000
"sat/maxor128.cnf",1509.26,5000,5000,5000,5000,5000,5000,5000,5000,5000,5000,5000,5000,5000,4084.46,5000,5000,5000,5000,5000,5000,5000,5000,5000,5000
"sat/maxxororand032.cnf",207.52,515.3,453.57,461.69,282.44,278.49,457.43,420.06,460.67,438.51,565.27,262.69,725.88,667.55,464.4,1782.5,545.54,2734.75828090143,551.82,902.6,5509.40018585935,170.87,450.43,494.14,5000
"sat/minxorminand128.cnf",1134.25,5000,4112.33,4261.94,5000,5000,1140.07,1762.71157896169,3582.62,5000,3789.51821684565,5000,5000,1326.74,5000,5000,2212.01,4246.60497437804,2532.16,1621.64,5000,1801.07,4338.03,4728.91,5000
"sat/mix034_rmo.opt_false-unreach-call.i-cbmc-u2.cnf",18.41,12.61,10.05,10.72,11.24,11.35,8.67,14.2,10.4,9.55,14.19,16.76,20.56,27.55,52.38,49.74,17.39,15.19,14.21,18.95,78.42,24.14,15.61,16.46,5000
"sat/miza-sr06-md5-48-01.cnf",283.35,2332.68,1135.2,1130.76,49.26,49.03,1196.49,377.44,2311.85,119.39,579.3,281.25,4342.88,1251.54,5000,1023.96,5000,244.23,1873.14,3121.45208552975,4442,1121.95,77.45,82.28,5000
"sat/mizh-md5-47-3.cnf",45.87,298.13,406.15,408.95,74.65,73.04,810.41,334.94,19.98,58.96,73.79,1229.16,2111.55,203.55,4832.28,197.12,3492.63,107.99,1811.37,890.86,2255.55,336,895.08,958.55,5000
"sat/modgen-n200-m90860q08c40-1006.cnf",123.97,117.4,31.3,67.4,30.8,30.4,77.19,223.79,61.13,60.29,62.88,98.95,16.32,22.77,192.76,51.37,26.2,99.87,50.66,306.25,564.05,283.47,139.6,146.06,0.18
"sat/modgen-n200-m90860q08c40-11953.cnf",119.71,67.32,75.68,95.19,365.35,359.99,18.87,218.52,77.93,1008.79,125.47,30.45,2269.69,18.52,397.29,57.84,32.13,18.01,109.96,1590.22,165.91,158.63,465.18,901.8,1.25
"sat/modgen-n200-m90860q08c40-12992.cnf",0.01,0,0.01,0.01,0.02,0.02,0.01,0.01,0.01,0.01,0.01,0.01,0.01,0.01,0.03,0.02,0.01,0.01,0.01,0.01,0.13,0.04,0.01,0.02,5000
"sat/modgen-n200-m90860q08c40-13845.cnf",5000,5000,5000,5000,5000,5000,5000,5000,5000,5000,5000,5000,5000,5000,5000,5000,5000,5000,5000,5000,5000,5000,5000,5000,5000
"sat/modgen-n200-m90860q08c40-1434.cnf",650.6,5000,158.84,274.419877720893,777.18,2610.81,303.39,43.54,868.78,4321.64,94.32,386.18,2035.32,326.1,5000,1207.05,164.03,230.48,361.9,635.69,5000,5000,4393.39,5000,18.57
"sat/modgen-n200-m90860q08c40-14424.cnf",25.48,25.45,26.83,25.07,29.8,29.25,23.08,29.71,17.12,21.55,23.27,25.06,22.36,22.19,41.36,33.55,23.8,19.47,25.81,18.58,163.8,52.4635138638669,18.65,88.9,5000
"sat/modgen-n200-m90860q08c40-14808.cnf",5000,5000,5000,5000,5000,5000,5000,5000,5000,5000,5000,5000,5000,5000,5000,5000,5000,5000,5000,5000,5000,5000,5000,5000,5000
"sat/modgen-n200-m90860q08c40-15163.cnf",0.01,0,0,0.01,0.02,0.02,0.01,0.01,0.01,0.01,0.01,0.01,0.01,0.01,0.03,0.02,0,0.01,0.01,0.01,0.13,0.09,0.01,0.01,5000
"sat/modgen-n200-m90860q08c40-15606.cnf",33.27,13.99,21.09,9.37,15.24,15.03,36.5,15.43,19.83,22.04,16.12,23.14,17.8,33.51,46.74,25.78,8,11.23,23.69,13.97,139.44,39.65,7.72,25.11,36.08
"sat/modgen-n200-m90860q08c40-1585.cnf",75.38,106.18,10.24,8.17,41.47,40.35,21.51,67.98,244.74,41.95,11.58,17.96,2.74,12.97,79.63,45.52,13.25,22.85,9.96,40.72,268.1,111.48,23.78,50.54,0.13
"sat/modgen-n200-m90860q08c40-16597.cnf",74.65,40.21,39.15,30.46,61.37,59.6,24.25,49.26,102.27,40.81,81.57,27.75,170.85,8.29,623.28,245.17,20.95,14.08,11.6,51.56,468.9,515.64,109.32,1290.72,3329.97
"sat/modgen-n200-m90860q08c40-1876.cnf",188.61,219.87,31.7,41.99,168.39,160.47,141.23,169.21,156.04,245.65,276.46,87.11,36.87,54.75,514,59.24,50.22,2.81,105.65,225.91,2022.5,890.45,51.48,200.25,1379.94111039156
"sat/modgen-n200-m90860q08c40-18788.cnf",55.75,787.496900965216,238.5,167.47,510.66,484.42,188.55,275.87,558.48,1128.74,290.77,749.877578773842,810.77,165.25,1844.71,604.164007505922,62.97,128.28,214.42,225.05,2720.38,5000,837.92,2532.01,5000
"sat/modgen-n200-m90860q08c40-18972.cnf",1823.97,865.24,895.15,597.4,392.48,364.95,3714.68,5000,5000,5000,653.36,5000,5000,1365.05,5000,1723.13,767.61,402.77,820.54,867.51,5000,5000,5000,5000,312.77
"sat/modgen-n200-m90860q08c40-19419.cnf",214.59,22.26,24.53,12.65,3.7,3.59,39.92,24.17,130.101573507769,4.89,66.54,99.94,4.72,9.71,178.35,67.86,19,19.62,22.61,38.42,419.08,75.6,9.41,159,3.49
"sat/modgen-n200-m90860q08c40-2087.cnf",1035.09,1980.62,378.12,1164.08,1804.58,1721.18,1329.2,2661.59,2947.42,3415.64,4415.3,3058.36,3284.84,323.03,3353.1,694.73,151.36,74.45,296.46,418.34,5000,5000,2336.24423303523,5000,5000
"sat/modgen-n200-m90860q08c40-21438.cnf",0.01,0,0.01,0.01,0.02,0.02,0.01,0.01,0.01,0.01,0.01,0.01,0.01,0.01,0.02,0.02,0,0,0.01,0.01,0.16,0.04,0.01,0.01,5000
"sat/modgen-n200-m90860q08c40-22556.cnf",59.46,55.32,12.54,28.42,28.82,27.93,48.86,27.58,35.57,41.88,32.19,17.12,28.04,17.62,89.6,2.09,15.62,3.42,22.26,17.13,96.4,99,3.56,85.75,1.49
"sat/modgen-n200-m90860q08c40-25297.cnf",30.39,25.93,38.13,19.58,38.72,36.81,24.54,20.02,21.87,29.65,21.58,40.96,17.44,25.46,56.47,32.42,32.28,18.06,30.94,17.96,180.78,76.3542714686618,15.28,35.69,5000
"sat/modgen-n200-m90860q08c40-28046.cnf",1.46,1.9,2.66,2.2,2.43,2.38,1.62,1.76,1.54,1.61,1.77,1.79,1.99,1.95,3.15,2.83,1.58,2.37,2.38,2.07,10.22,3.63,1.51,4.35,5000
"sat/modgen-n200-m90860q08c40-29020.cnf",0.02,0,0.02,0.01,0.02,0.02,0.01,0.01,0.01,0.01,0.01,0.01,0.01,0.02,0.04,0.05,0.01,0.01,0.01,0.01,0.14,0.05,0.01,0.03,5000
"sat/modgen-n200-m90860q08c40-3230.cnf",5000,532.9,1205.01,1448.75,5000,4713.95,5000,5000,5000,4017.95,5000,5000,5000,5000,5000,5000,559.66,2343.02,81.14,1261.89287691462,5000,5000,5000,5000,5000
"sat/modgen-n200-m90860q08c40-3866.cnf",0.09,0.01,0.03,0.03,0.02,0.02,0.01,0.01,0.01,0.01,0.01,0.02,0.02,0.02,0.09,0.03,0.01,0.01,0.01,0.02,0.13,0.05,0.02,0.02,5000
"sat/modgen-n200-m90860q08c40-4208.cnf",5000,5000,1425.14,3437.31,5000,5000,5000,5000,5000,5000,5000,5000,5000,699.08,5000,4463.44,4419.9,173.7,416.55,215.56,5000,5000,5000,5000,9.51
"sat/modgen-n200-m90860q08c40-5377.cnf",0.09,0,0.01,0.08,0.03,0.03,0.01,0.01,0.05,0.02,0.05,0.01,0.02,0.1,0.04,0.02,0.01,0.01,0.01,0.01,0.12,0,0.01,0.07,5000
"sat/modgen-n200-m90860q08c40-6295.cnf",0.09,0,0.01,0.01,0.02,0.02,0.01,0.01,0.01,0.01,0.02,0.02,0.01,0.01,0.03,0.03,0.01,0.01,0.01,0.02,0.12,0.04,0.01,0.01,5000
"sat/modgen-n200-m90860q08c40-6336.cnf",56.88,293.03,60.6,24.13,169.47,163.35,40.12,32.81,27.78,71.97,695.2,103.3,1020.35,42.5,447.8,91.7,73.04,41.82,73.02,5.79,5000,1174.73,41.75,5000,534.69
"sat/modgen-n200-m90860q08c40-6967.cnf",863.252952162012,4310.31,214.23,367.72,563.64,542.38,754.61,3326.22,5000,5000,5000,5000,5000,5000,5000,906.22,1682.25,3171.88,498.938825673362,5000,5000,5000,5000,5000,5000
"sat/modgen-n200-m90860q08c40-9056.cnf",5000,5000,1349.36,379.87,1930.84,1866.67,2894.2,1299.12,1386.94,5000,4118.34,2989.38,5000,106.68,5000,1661.81,1923.68,180.9,185.63,310.47,5000,5000,5000,5000,346.86
"sat/mul_03_3000_1.smt2-cvc4.cnf",5000,5000,5000,5000,5000,5000,5000,5000,5000,5000,5000,5000,5000,5000,5000,5000,5000,5000,5000,5000,5000,5000,5000,5000,5000
"sat/mulhs016.cnf",5000,5000,5000,5000,5000,5000,5000,5000,5000,5000,5000,5000,5000,5000,5000,5000,5000,5000,5000,5000,5000,5000,5000,5000,5000
"sat/mulhs032.cnf",5000,5000,5000,5000,5000,5000,5000,5000,5000,5000,5000,5000,5000,5000,5000,5000,5000,5000,5000,5000,5000,5000,5000,5000,5000
"sat/mulhs064.cnf",5000,5000,5000,5000,5000,5000,5000,5000,5000,5000,5000,5000,5000,5000,5000,5000,5000,5000,5000,5000,5000,5000,5000,5000,5000
"sat/ndhf_xits_09_UNSAT.cnf",5000,5000,5000,5000,1210.06,1173.8,5000,5000,5000,5000,5000,5000,5000,5000,5000,720.7,5000,5000,5000,5000,5000,5000,5000,5000,5000
"sat/ndhf_xits_17_UNKNOWN.cnf",5000,5000,5000,5000,5000,5000,5000,5000,5000,5000,5000,5000,5000,5000,5000,5000,5000,5000,5000,5000,5000,5000,5000,5000,5000
"sat/newton.2.2.i.smt2-cvc4.cnf",131.34,297.79,148.37,149.22,289.65,304.89,233.06,340.69,200.85,172.07,149.12,117.55,116.34,220.19,227.35,614.59,280.3,1535.11,133.67,2521.19,3455.7,5000,156.13,166.73,5000
"sat/newton.2.3.i.smt2-cvc4.cnf",488.66,718.41,516.5,483.1,734.17,765.05,1503.45,906.55,409.69,398.89,519.88,388,424.17,644.61,622.89,3576.4,436.88,5000,432.26,2687.57346582809,13355.2129115047,5000,355.44,384.69,5000
"sat/newton.2.3.i.smt2-stp212.cnf",187.32,387.64,269.66,279.96,403.21,415.61,498.46,842.09,206.55,269.72,258.49,281.25,161.61,406.93,358.04,1975.75,429.01,2745.56743071842,194.53,2732.62094816301,5000,5000,236.3,263.62,5000
"sat/newton.3.3.i.smt2-stp212.cnf",208.82,557.25,265.79,260.06,501.07,518.89,906.44,508.81,422.56,255.86,221.81,232.73,165.28,366.39,406.96,2030.9,704.82,2718.29,249.85,2544.86696459209,11228.1968215188,5000,227.91,238.82,5000
"sat/newton.4.3.i.smt2-stp212.cnf",258.51,350.04,251.98,250.43,414.55,426.04,573.61,1242.58,277.79,187.59,267.82,337.72,178.57,402.94,514.72,1944.52,527.89,3619.87007393004,268.87,2563.57058557832,3329.7,5000,216.27,232.96,5000
"sat/newton.5.1.i.smt2-cvc4.cnf",3.13,8.58,5.39,5.42,7.1,6.7,7.76,1.99,2.02,6.45,4.37,3.22,7.7,5.26,14.74,14.17,6.21,6.75,5.57,1.05,267.15,9.92,5.28,5.85,5000
"sat/openstacks-sequencedstrips-nonadl-nonnegated-os-sequencedstrips-p30_1.035-NOTKNOWN.cnf",5000,5000,5000,5000,5000,5000,5000,5000,5000,5000,5000,5000,5000,5000,5000,5000,5000,5000,5000,5000,5000,5000,5000,5000,5000
"sat/openstacks-sequencedstrips-nonadl-nonnegated-os-sequencedstrips-p30_3.045-NOTKNOWN.cnf",5000,5000,5000,5000,5000,5000,5000,5000,5000,5000,5000,5000,5000,5000,5000,5000,5000,5000,5000,5000,5000,5000,5000,5000,5000
"sat/par32-1-c.cnf",5000,5000,5000,5000,5000,5000,1260.33,5000,364.63,5000,5000,5000,5000,5000,5000,5000,5000,5000,5000,5000,5000,5000,5000,5000,5000
"sat/par32-3-c.cnf",5000,5000,5000,5000,1621.82,1599.90657362767,5000,4482.19,5000,5000,5000,5000,5000,5000,5000,5000,5000,5000,5000,5000,5000,5000,5000,5000,5000
"sat/partial-10-13-u.cnf",5000,5000,5000,5000,5000,5000,5000,5000,5000,5000,5000,5000,5000,5000,5000,5000,5000,5000,5000,5000,5000,5000,5000,5000,5000
"sat/partial-10-15-s.cnf",4155.11,213.45,1414.03,1442.24,1789.75,1819.55,547.95,553.62,1351.28,807.35,454.4,1835.77,238.02,318.1,469.25,495.83,166.13,242.6,398.52,379.85,5000,1467.5,866.39,937.21,5000
"sat/partial-10-19-s.cnf",3682.02,5000,4104.01,4214.13,5000,5000,5000,5000,5000,5000,5000,5000,5000,5000,5000,2885.26,1581.16,5000,1181.55,886.98,5000,5000,5000,5000,5000
"sat/partial-10-19-u.cnf",5000,5000,5000,5000,5000,5000,5000,5000,5000,5000,5000,5000,5000,5000,5000,5000,5000,5000,5000,5000,5000,5000,5000,5000,5000
"sat/partial-5-11-u.cnf",5000,5000,5000,5000,5000,5000,5000,5000,5000,5000,5000,5000,5000,5000,5000,5000,5000,5000,5000,5000,5000,5000,5000,5000,5000
"sat/partial-5-15-u.cnf",5000,5000,5000,5000,5000,5000,5000,5000,5000,5000,5000,5000,5000,5000,5000,5000,5000,5000,5000,5000,5000,5000,5000,5000,5000
"sat/partial-5-17-u.cnf",5000,5000,5000,5000,5000,5000,5000,5000,5000,5000,5000,5000,5000,5000,5000,5000,5000,5000,5000,5000,5000,5000,5000,5000,5000
"sat/partial-5-19-u.cnf",5000,5000,5000,5000,5000,5000,5000,5000,5000,5000,5000,5000,5000,5000,5000,5000,5000,5000,5000,5000,5000,5000,5000,5000,5000
"sat/pb_400_02_lb_15.cnf",323.64,99.43,59.05,59.18,534.93,542.51,57.12,118.2,300.19,117.62,67.33,805.29,148.67,98.58,140.37,312.29,86.93,88.96,150.38,45.51,1290.25,491.53,74.69,76.97,5000
"sat/podwr001_power.opt_false-unreach-call.i-cbmc-u2.cnf",90.08,37.4,30.38,29.96,92.15,93.92,24,37.94,41.28,34.55,46.65,60.31,45.15,84.4,122.79,135.48,31.93,52.13,36.62,79.66,324.19,5000,33.56,37.19,5000
"sat/q_query_3_L200_coli.sat.cnf",83.38,119.52,69.2,70.67,326.38,330.97,89.85,72.4,80.11,45.14,92.33,122.62,93.31,111.25,421.15,245.11,83.68,140.81,194.63,163.83,498.69,5000,60.74,64.1,5000
"sat/rbcl_xits_09_UNKNOWN.cnf",5000,5000,5000,5000,5000,5000,5000,5000,5000,5000,5000,5000,5000,5000,5000,5000,5000,5000,5000,5000,5000,5000,5000,5000,5000
"sat/rbcl_xits_11_UNKNOWN.cnf",5000,5000,5000,5000,5000,5000,5000,5000,5000,5000,5000,5000,5000,5000,5000,5000,5000,5000,5000,5000,5000,5000,5000,5000,5000
"sat/rbcl_xits_13_UNKNOWN.cnf",5000,5000,5000,5000,5000,5000,5000,5000,5000,5000,5000,5000,5000,5000,5000,5000,5000,5000,5000,5000,5000,5000,5000,5000,5000
"sat/rpoc_xits_08_UNSAT.cnf",755.9,1138.41,1612.77,1671.47,635.29,623.14,905.67,1010.91,1007.52,1244.65,1490.55,499.53,989.24,745.99,854.7,324.67,1286.84538655057,434.72,1054.17,500.7,5000,5000,1024.99,5000,5000
"sat/rpoc_xits_09_UNSAT.cnf",5000,5000,5000,5000,5000,5000,5000,5000,5000,5000,5000,5000,5000,5000,5000,4775.59,5000,5000,5000,5000,5000,5000,5000,5000,5000
"sat/rpoc_xits_10_UNKNOWN.cnf",5000,5000,5000,5000,5000,5000,5000,5000,5000,5000,5000,5000,5000,5000,5000,2691.29,5000,5000,5000,5000,5000,5000,5000,5000,5000
"sat/rpoc_xits_11_UNKNOWN.cnf",5000,5000,5000,5000,5000,5000,5000,5000,5000,5000,5000,5000,5000,5000,5000,5000,5000,5000,5000,5000,5000,5000,5000,5000,5000
"sat/rpoc_xits_14_UNKNOWN.cnf",5000,5000,5000,5000,5000,5000,5000,5000,5000,5000,5000,5000,5000,5000,5000,5000,5000,5000,5000,5000,5000,5000,5000,5000,5000
"sat/safe-30-h29-unsat.cnf",5000,5000,5000,5000,5000,5000,5000,5000,5000,5000,5000,5000,5000,5000,5000,5000,5000,5000,5000,5000,5000,5000,5000,5000,5000
"sat/safe009_pso.oepc_true-unreach-call.i-cbmc-u2.cnf",1,0.33,0.66,0.68,1.77,1.8,1.57,0.59,1.51,0.64,0.88,0.81,1.48,1.68,1.76,1.97,1.53,1.56,1.46,2.06,8.7,5000,0.66,1.55,5000
"sat/safe027_pso.opt_true-unreach-call.i-cbmc-u2.cnf",4.21,2.72,4.24,3.86,4.89,7,3.58,2.12,3.59,2.41,4.08,3.77,5.25,4.51,8.08,7.38,3.88,4.18,3.79,4.39,23.16,5000,2.31,2.64,5000
"sat/safe028_tso.oepc_true-unreach-call.i-cbmc-u2.cnf",1.42,0.52,1.08,1.03,2.47,2.42,1.93,1.01,1.07,1.14,1.55,1.29,2.31,3.06,2.41,3.3,2.09,1.92,1.93,1.6,11.57,5000,1.15,1.32,5000
"sat/safe029_power.opt_false-unreach-call.i-cbmc-u2.cnf",28.36,7.04,8.89,8.75,10.76,10.08,6.35,5.43,7.19,4.83,6.92,4.61,6.72,4.49,45.52,11.89,11.7,10.03,7.35,13.41,58.22,5000,6.11,6.71,5000
"sat/sat_prob_143.cnf",5000,5000,5000,5000,5000,5000,5000,5000,5000,5000,5000,5000,5000,5000,5000,5000,5000,5000,5000,5000,5000,5000,5000,5000,5000
"sat/sat_prob_23.cnf",3081.43,5000,5000,5000,5000,5000,5000,5000,5000,5000,5000,3750.9,5000,5000,1257.78,5000,5000,5000,5000,5000,5000,5000,5000,5000,5000
"sat/sat_prob_3.cnf",5000,3580.96,5000,5000,5000,5000,4924.23,5000,2391.06,3613.05,3556.85,2076.31,3838.6,5000,5000,5000,4700.11,4999.0358150671,2968.93,5000,5000,1524.64,2122.55,5000,5000
"sat/sat_prob_63.cnf",5000,5000,5000,5000,5000,5000,5000,5000,5000,5000,5000,5000,5000,5000,5000,5000,5000,5000,5000,5000,5000,5000,5000,5000,5000
"sat/sat_prob_83.cnf",5000,2761.95,5000,5000,5000,5000,1873.77,2748.25,870.19,1365.42,1096.63,5000,3775.51,1563.81,933.6,5000,1845.52,5000,2055.06313765224,5000,5000,5000,819.39,961.734234243161,5000
"sat/schup-l2s-bc56s-1-k391.cnf",165.01,1112.10293134634,285.87,286.24,328.89,339.51,305.56,315.64,314.28,387.9,334.78,216.79,325.87,407.94,792.52,354.21,203.82,361.12,204.37,413.33,2102.8,388.8,336.08,336.74,5000
"sat/servers_slapd_a_vc149923.cnf",501.09,1063.86,171.51,171.55,5000,5000,17.25,194.47,239.63,338.75,233.52,693.54,22.38,934.22,5000,148.94,883.73,61.49,163.14,229.66,11.89,0.56,154.77,166.03,5000
"sat/sin2.c.2.smt2-cvc4.cnf",5000,5000,5000,5000,5000,5000,5000,5000,5000,5000,5000,5000,5000,5000,5000,5000,5000,5000,2286.31,5000,5000,5000,5000,5000,5000
"sat/sin2.c.20.smt2-cvc4.cnf",4997.02139674413,4995.04317812119,4997.1613585584,4996.04720943912,4995.66411909944,4997.88708672801,4998.37464180896,4996.00469587105,4996.6123435663,4997.7775590719,4995.11522949139,4996.34564623631,4998.46363750352,4997.08927897118,4995.55029385015,4996.1258317888,4996.06662427931,4995.11018689462,1928.48635544615,4995.42097943505,4999.18134762754,4995.04416950031,4997.07311986252,4997.01870162688,5000
"sat/slp-synthesis-aes-top21.cnf",5000,5000,5000,5000,5000,5000,5000,5000,5000,5000,5000,5000,5000,5000,5000,5000,5000,5000,5000,5000,5000,5000,5000,5000,5000
"sat/slp-synthesis-aes-top23.cnf",5000,5000,5000,5000,5000,5000,5000,5000,5000,5000,5000,5000,5000,5000,5000,5000,5000,5000,5000,5000,5000,5000,5000,5000,5000
"sat/slp-synthesis-aes-top26.cnf",5000,5000,5000,5000,3032.55,2945.12,5000,5000,5000,5000,5000,5000,5000,5000,5000,4547.05,5019.82586110844,2269.63,3399.68,5000,5000,5000,5000,5000,5000
"sat/smtlib-qfbv-aigs-VS3-benchmark-S2-tseitin.cnf",5000,5000,3409.11,3365.9,5000,5000,5000,5000,3612.56,4321.91,5000,5000,5000,5000,4338.1,5000,5000,4375.02,5000,4746.25,12748.3065131517,5000,2898.47,3075.31,5000
"sat/smulo128.cnf",5000,5000,5000,5000,5000,5000,5000,5000,5000,5000,5000,5000,5000,5000,5000,5000,5000,5000,5000,5000,5000,5000,5000,5000,5000
"sat/snw_13_8_CCSEncnopre.cnf",317,323.39,399.27,363.41,372.92,395.29,308.45,318.92,373.93,385.88,401.97,354,570.92,406.68,595.79,432.37,352.21,321.29,364.36,326.94,1661.8,5000,333.87,349.18,5000
"sat/snw_13_8_CCSpreOptEncpre.cnf",40.58,25.69,28.95,28.83,65.45,61.65,32.01,35.09,32.6,37.86,35.63,34.79,49.85,44.99,81.43,99.25,49.11,65.41,54.32,66.96,169.39,5000,34.71,36.06,5000
"sat/snw_13_8_CCSpreOptnopre.cnf",36.76,69.6,34.89,35.37,77.13,76.29,29.18,30.59,31.75,36.6,37.02,39.76,94.17,43.02,122.07,109.73,42.86,56.09,45.69,63.43,390.4,5000,35.4,37.57,5000
"sat/snw_13_8_CCSpreOptpre.cnf",28.89,29.36,42.39,28.73,46.15,46,22.33,26.69,25.3,28.31,28.03,27.01,42.05,26.95,89.91,66.68,29.98,46.37,33.6,40.9,192.7,108.38,27.43,92.44,5000
"sat/snw_13_8_pre.cnf",892.34,1255.58,1030.7,963.26,1147.05,1135.03,924.7,1046.33,961.47,966.06,1168.96,1141.16,1904.59,1166.52,3308.83,1002.44,1122.35,897.55,929.76,830.43,5000,5000,965.73,1092.51,5000
"sat/snw_13_9_CCSEncpre.cnf",63.87,7.89,3.03,2.66,8.76,10.02,4.08,4.25,2.74,1.5,8.65,7.93,12.96,1.84,2.5,12.46,10.06,12.79,3.93,7.69,23.59,15.79,4.04,4.28,5000
"sat/snw_13_9_CCSpre.cnf",27.9,23.12,8.77,8.65,11.39,11.58,3.63,3.94,2.82,17.27,10,159.25,31.63,25.3,114.57,33.33,12.75,6.98,4.16,14.81,238.94,68.04,2.46,2.73,5000
"sat/snw_13_9_Encpre.cnf",63.88,6.7,2.52,2.51,8.15,8.22,4.05,4.22,2.34,1.47,7.67,5.88,12.22,1.28,1.93,11.32,9.73,12.47,3.77,7.52,22.67,15.96,3.96,4.28,5000
"sat/snw_13_9_pre.cnf",36.26,24.96,2.86,2.85,30.74,28.69,8.91,11.39,4.03,2.99,3.7,17.89,36.36,3.64,182.52,60.22,5.01,4.56,4.42,25.39,323.35,364.9,5.8,9.51,5000
"sat/snw_13_9_preOpt_pre.cnf",5.63,2.36,1.89,1.9,3.93,3.8,4.73,4.97,1.95,1.96,2.54,2.45,11.66,2.81,2.98,4.36,2.52,2.32,2.29,2.91,93.06,86.86,1.73,3.22,5000
"sat/snw_13_9_preOptEncpre.cnf",35.06,1.56,0.69,0.69,1.54,1.4,0.47,0.5,1.22,0.71,0.82,0.91,0.62,0.94,2.38,3.19,0.62,0.6,0.58,1.35,11.91,7.89,0.76,0.84,5000
"sat/snw_16_8_nopre.cnf",5000,5000,2132.82,2076.25,5000,5000,1982.08,2340.24,2392.78,2028.01,2987.25,2100.17,5000,2305.4,5000,5000,2472.83,2040.44,2517.47,2375.85,5000,5000,2306.14,2470.45,5000
"sat/snw_16_8_pre.cnf",2571.52,2476.71,2084.66,2147.29,2211.8,2496.67,2173.59,2082.76,2173.57,2238.06,2427.19,2963,3910.56,2133.76,4377.23,2197.49,2510.44,2120.13,2411.84,2297.04,5000,5000,1761.27,1943.93,5000
"sat/snw_16_8_preOpt_pre.cnf",242.68,256.64,200.03,193.91,339.09,358.1,194.92,208.83,198.95,195.1,216.18,220.97,297.04,208.01,493.41,484.77,201.44,270.33,268.85,307.95,1075.15,781.18,186.22,170.79,5000
"sat/snw_16_9_CCSpre.cnf",5000,5000,5000,5000,4062.13,4282.54,5000,5000,5000,5000,5000,5000,5000,5000,5000,5000,5000,5000,5000,5000,5000,5000,5000,5000,5000
"sat/snw_16_9_CCSpreOptpre.cnf",54.92,130.91,269.7,276.58,465.91,463.36,55.37,98.26,550.19,88.8,238.91,530.16,190.91,318.33,220.08,62.68,123.37,237.84,210.77,191.97,190.83,1819.13,73.53,77.55,5000
"sat/snw_16_9_Encpre.cnf",5000,2653.23,5000,5000,5000,5000,2405.02,5000,1103.22,5000,5000,5000,5000,3871.74,5000,5000,5000,305.38,5000,5000,5000,5000,4375.31,4149.22,5000
"sat/snw_16_9_pre.cnf",5000,5000,5000,5000,5000,5000,5000,5000,5000,3987.27,5000,5000,5000,5000,5000,5000,5000,5000,5000,5000,5000,5000,5000,5000,5000
"sat/snw_16_9_preOpt_pre.cnf",1866.79,747.49,153.34,153.76,301.87,324.04,138.08,531.43,394.43,576.39,290.3,1321.46,95.69,892.9,903.99,958.49,108.71,280.17,403.15,3158.26,5000,513.23,913.69,963.34,5000
"sat/snw_16_9_preOptEncpre.cnf",628.36,49.49,51,50.98,108.62,114.54,238.32,195.38,807.06,506.87,58.97,521.87,298.54,413.07,799.7,2306.64,29.18,568.25,265.92,1535.2,290.93,3123.85,948.28,981.95,5000
"sat/snw_17_9_CCSpreOptEncpre.cnf",5000,5000,5000,5000,5000,5000,5000,5000,5000,5000,5000,5000,5000,5000,5000,5000,5000,5000,5000,5000,5000,5000,5000,5000,5000
"sat/sokoban-p01.sas.ex.17.cnf",19.97,13.59,15.94,15.98,14.69,15.69,16.12,16.89,15.75,15.98,22.57,22.07,17.36,23.8,22.02,19.15,15.88,16.23,14.57,17.51,1225.04,37.24,15.62,22.15,5000
"sat/sokoban-p04.sas.ex.13.cnf",7.3,4.12,11.03,11.1,9.48,10.48,11.28,10.93,11.43,10.55,15.54,16.03,11.75,16.56,5.89,13.5,11.19,11.19,11.05,12.72,551.29,22.83,10.84,15.24,5000
"sat/sokoban-p09.sas.cr.25.cnf",0.47,0.29,0.21,0.21,0.58,0.61,0.17,0.18,0.22,0.19,0.23,0.28,0.21,0.29,1.16,0.64,0.18,0.18,0.17,0.22,13.38,5000,0.2,0.24,5000
"sat/sokoban-p10.sas.cr.35.cnf",7.73,0.64,1.76,1.74,1.53,1.46,1.58,1.28,0.99,1.36,1.46,1.58,1.85,3.03,1.35,2.85,1.67,1.4,1.3,2.02,295.58,5000,1.44,1.59,5000
"sat/sokoban-p16.sas.cr.37.cnf",2917.49,5000,4922.4,5000,3447.69,3415.56,4745.78,5000,5000,4894.37,5000,5000,5000,5000,3436.61,2682.24,5000,5000,4796.62,5000,5000,5000,4364.64,4860.64,5000
"sat/sokoban-p16.sas.cr.39.cnf",5000,5000,5000,5000,5000,5000,5000,5000,5000,5000,5000,5000,5000,5000,5000,4501.49,5000,5000,5000,5000,5000,5000,5000,5000,5000
"sat/sokoban-p16.sas.ex.15.cnf",1038.98,4677.06829391541,1189.77,1208.03,1361.64,1449.18,1016.95,1040.84,1061.21,1128.25,1099.6,1576.49,1323.49,1388.57,1361.78,2342.81,985.41,1361.73,1140.18,1484.69,5000,5000,1145.33,1222.33,5000
"sat/sokoban-p16.sas.ex.17.cnf",5000,5000,5000,5000,4627.49,4597.61,5000,5000,5000,5000,5000,5000,5000,5000,4903.61,5000,4702.31,5000,5000,5000,5000,5000,5000,5000,5000
"sat/sokoban-p16.sas.ex.19.cnf",5000,5000,5000,5000,5000,5000,5000,5000,5000,5000,5000,5000,5000,5000,5000,5000,5000,5000,5000,5000,5000,5000,5000,5000,5000
"sat/sokoban-p17.sas.ex.11.cnf",11.55,1,7.97,7.98,5.69,5.69,8.6,7.84,7.89,7.66,12.14,13.41,8.54,12.63,5.44,5.63,8.47,8.57,8.61,8.13,85.52,0.84,7.82,12.38,5000
"sat/sokoban-p18.sas.cr.29.cnf",3.52,0.5,0.66,0.64,0.78,0.78,0.47,0.44,0.49,0.66,0.7,0.73,0.61,0.76,0.96,1.06,0.46,0.43,0.5,0.82,15.85,2.16,0.52,0.58,5000
"sat/sokoban-p19.sas.cr.23.cnf",1.29,0.3,0.36,0.37,0.54,0.53,1.17,0.37,0.33,0.39,0.42,0.4,0.4,0.46,0.74,0.6,1.15,1.1,1.11,0.35,11.72,1.61,0.31,0.38,5000
"sat/sokoban-p20.sas.cr.21.cnf",155.587000413988,573.96,216.95,215.09,281.19,276.98,186.41,223.62,201.94,350.08,190.31,191.58,228.69,309.46,258.26,440.109844170564,320.91,456.29,323.68,396.61,8620.47845531012,432.67,240.367368543994,264.44,5000
"sat/sokoban-p20.sas.cr.23.cnf",301.11,789.66,694.84,693.76,1039.93,1016.58,728.48,698.35,686,588.55,693.88,557.33,751.02,1137.19,584.46,809.67,925.41,1125.87,906.9,881.35,5000,5000,720.13,707.63,5000
"sat/sokoban-p20.sas.cr.25.cnf",1163.58,2645.35,2093.06,1820.9,1752.01,1804.99,1838.12,1922.99,2033.57,2493.99,1919.33,1701.32,2681.43,4129.26,1279.17,1757.68,2056.06,1804.77,1943.34,1845.37,5000,5000,2072.6,2160.53,5000
"sat/sokoban-p20.sas.cr.27.cnf",3275.68,5000,5000,5000,5000,5000,5000,5000,5000,4844.06,5000,5000,5000,5000,4563.49,3839.84,5000,5000,3486.41,5000,5000,5000,5033.50560575215,5000,5000
"sat/sokoban-p20.sas.cr.29.cnf",5000,5000,5000,5000,5000,5000,5000,5000,5000,5000,5000,5000,5000,5000,5000,5000,5000,5000,5000,5000,5000,5000,5000,5000,5000
"sat/sokoban-p20.sas.cr.31.cnf",5000,5000,5000,5000,5000,5000,5000,5000,5000,5000,5000,5000,5000,5000,5000,5000,5000,5000,5000,5000,5000,5000,5000,5000,5000
"sat/sokoban-p20.sas.cr.33.cnf",5000,5000,5000,5000,5000,5000,5000,5000,5000,5000,5000,5000,5000,5000,5000,5000,5000,5000,5000,5000,5000,5000,5000,5000,5000
"sat/sokoban-p20.sas.cr.35.cnf",5000,5000,5000,5000,5000,5000,5000,5000,5000,5000,5000,5000,5000,5000,5000,5000,5000,5000,5000,5000,5000,5000,5000,5000,5000
"sat/sokoban-p20.sas.cr.37.cnf",5000,5000,5000,5000,5000,5000,5000,5000,5000,5000,5000,5000,5000,5000,5000,5000,5000,5000,5000,5000,5000,5000,5000,5000,5000
"sat/sokoban-p20.sas.cr.39.cnf",5000,5000,5000,5000,5000,5000,5000,5000,5000,5000,5000,5000,5000,5000,5000,5000,5000,5000,5000,5000,5000,5000,5000,5000,5000
"sat/sokoban-p20.sas.ex.11.cnf",614.22,1492.22103669771,542.41,535.71,803.58,849.51,537.87,614.81,527.91,502.92,516.1,798.26,634.29,639.11,960.67,1456.62,519.35,685.64,590.31,716.75,5000,732.41,527.02,587.94,5000
"sat/sokoban-p20.sas.ex.13.cnf",3145.92,5000,2552.52,2677.67,3108.29,3246,5000,3494.62,2421.12,2520.37,2140.85,4629.62,3713.36,3330.83,3491.08,4367.45,2210.45,4795.20418373526,2208.78,3337.87,5000,3172.08,2501.81,2838.71,5000
"sat/sokoban-p20.sas.ex.17.cnf",5000,5000,5000,5000,5000,5000,5000,5000,5000,5000,5000,5000,5000,5000,5000,5000,5000,5000,5000,5000,5000,5000,5000,5000,5000
"sat/sokoban-sequential-p145-microban-sequential.050-NOTKNOWN.cnf",5000,5000,5000,5000,5000,5000,5000,5000,5000,5000,5000,5000,5000,5000,5000,5000,5000,5000,5000,5000,5000,4997.33168829106,3362.38,3628.38,5000
"sat/sokoban-sequential-p145-microban-sequential.070-NOTKNOWN.cnf",5000,5000,5000,5000,5000,5000,5000,5000,5000,5000,5000,5000,5000,5000,5000,5000,5000,5000,3889.45,1929.31,5000,5000,5000,5000,5000
"sat/sortnet-7-ipc5-h15-unsat.cnf",5000,5000,5000,5000,5000,5000,5000,5000,5000,5000,5000,5000,5000,5000,5000,5000,5000,5000,5000,5000,5000,5000,5000,5000,5000
"sat/sortnet-8-ipc5-h18-unsat.cnf",5000,5000,5000,5000,5000,5000,5000,5000,5000,5000,5000,5000,5000,5000,5000,5000,5000,5000,5000,5000,5000,5000,5000,5000,5000
"sat/square.2.0.i.smt2-cvc4.cnf",1.27,5.82,1.7,1.76,2.75,2.85,2.95,1.23,2.24,2.32,1.61,1.94,2.89,4.19,5.15,3.33,2.99,2.67,2.9,2.74,12.22,9.95,1.9,2.07,5000
"sat/Sz1024_34824.smt2-stp212.cnf",5000,5000,5000,5000,5000,5000,5000,5000,5000,5000,5000,5000,5000,5000,5000,5000,5000,5000,4140.08,5000,5000,5000,5000,5000,5000
"sat/Sz512_15127_1.smt2-stp212.cnf",5000,5000,5000,5000,5000,5000,5000,5000,5000,5000,5000,5000,5000,5000,5000,5000,5000,5000,5000,5000,5000,5000,5000,5000,5000
"sat/Sz512_15127_3.smt2-cvc4.cnf",364.350171460876,179.93,134.31,151.1,276.28,259.74,130.17,134.35,145.67,142.47,149.87,284.51,175.08,203.57,120.44,112.32,161.03,96.73,114.13,117.4,573.04,159.85,113.27,221.65,5000
"sat/Sz512_15127_4.smt2-cvc4.cnf",5000,5000,5000,5000,5000,5000,5000,5000,5000,5000,5000,5000,5000,5000,5000,5000,5000,5000,5000,5000,5000,5000,5000,5000,5000
"sat/Sz512_15127_5.smt2-stp212.cnf",5000,5000,5000,5000,5000,5000,5000,5000,5000,5000,5000,5000,5000,5000,5000,5000,5000,5000,5000,5000,5000,5000,5000,5000,5000
"sat/Sz512_15127_6.smt2-stp212.cnf",5000,5000,5000,5000,5000,5000,5000,5000,5000,5000,5000,5000,5000,5000,5000,5000,5000,5000,5000,5000,5000,5000,5000,5000,5000
"sat/Sz512_15128_0.smt2-stp212.cnf",1872.14,1841.97,5000,3940.53,5000,5000,1237.72,3054.45,2250.35,3702.23,4364.62,4315.99,1942.86,5000,5000,5000,5000,615.47,4387.15,4997.02844338169,5000,1275.21,2180.66,5000,5000
"sat/Sz512_15128_1.smt2-cvc4.cnf",5000,3062.51,5000,2544.35,4846.1,5000,4145.63,3955.51,4451.42,5000,3537.17,2440.67,3013.79,4780.81,5000,2832.34,5000,334.59,4109.76,5000,5000,2561.65,1555.61,5000,5000
"sat/test_v3_r3_vr10_c1_s24300.smt2-stp212.cnf",4.92,1.93,0.9,0.88,1.54,1.49,1.24,0.85,0.69,0.34,1.42,1.24,1.52,1.57,3.03,2,1.65,1.76,1.71,1.42,11.26,3.51,0.58,0.69,5000
"sat/test_v3_r8_vr5_c1_s8257.smt2-stp212.cnf",14.26,8.46,9.72,10.56,37.53,41.16,18.98,8.55,8.87,9.18,13.04,8.55,11.36,20.83,20.87,36.02,8.93,10.66,8.46,12.12,62.64,22.83,5.19,5.43,5000
"sat/test_v5_r5_vr1_c1_s15604.smt2-stp212.cnf",14.36,4.43,4.59,4.58,20.67,20.72,5.6,6.11,5.94,5.4,4.42,4.42,9.88,11.88,33.02,28.43,9.63,8.57,6.51,7.07,41.08,5000,5.19,5.5,5000
"sat/test_v7_r12_vr1_c1_s22787.smt2-cvc4.cnf",2783.78,1124.66,1448.98,1454.25,5000,5000,1454.56,1796.89,1184.9,3586.84,1170.28,1064.15,1609.3,1201.03,983.88,2146.84,851.83,3466.96,1051.07,2014.89,3455.45,1757.89,589.75,631.16,5000
"sat/test_v7_r12_vr10_c1_s18160.smt2-cvc4.cnf",5000,5000,5000,5000,5000,5000,5000,5000,5000,5000,5000,5000,5000,5000,5000,5000,5000,5000,5000,5000,5000,5000,5000,5000,5000
"sat/test_v7_r12_vr10_c1_s18160.smt2-stp212.cnf",5000,5000,5000,5000,5000,5000,5000,5000,5000,5000,5000,5000,5000,5000,5000,5000,5000,5000,5000,5000,5000,5000,5000,5000,5000
"sat/test_v7_r17_vr1_c1_s30331.smt2-stp212.cnf",1333.16,4619.05,3141.28,3061.48,3153.09,3349.07,3028.62,2469.63,287.28,707.21,433.43,476.03,826.7,503.16,467.8,2972.71,4035.76,531.81,244.63,2797.53,1695.66,5000,183.95,185.41,5000
"sat/test_v7_r17_vr10_c1_s3680.smt2-stp212.cnf",5000,5000,5000,5000,5000,5000,5000,5000,5000,5000,5000,5000,5000,5000,5000,5000,5000,5000,5000,5000,5000,5000,5000,5000,5000
"sat/test_v7_r17_vr5_c1_s25451.smt2-cvc4.cnf",5000,5000,5000,5000,5000,5000,5000,5000,5000,4985.62,5000,5000,5000,5000,5000,5000,5000,5000,5000,5000,5000,5000,5000,5000,5000
"sat/test_v7_r17_vr5_c1_s2807.smt2-stp212.cnf",5000,5000,5000,5000,5000,5000,5000,5000,5000,5000,5000,5000,5000,5000,5000,5000,5000,5000,5000,5000,5000,5000,5000,5000,5000
"sat/test_v7_r7_vr10_c1_s32506.smt2-cvc4.cnf",349.56,441.69,295.67,311.34,730.39,777.22,250.62,336.91,124.34,172.22,105.39,100.17,105.56,220.79,954,1204.39,361.57,59.95,451.29,810.28,1373.28,1325.52,241.6,250.43,5000
"sat/total-10-13-u.cnf",187.19,342.12,355.02,335.05,216.93,218.38,263.62,367.22,212.48,264.93,392.54,346.38,325.44,431.87,124.62,169.07,266.42,346.92,307.86,426.36,2218.12,140.3,294.74,318.94,5000
"sat/total-10-19-u.cnf",5000,5000,5000,5000,5000,5000,5000,5000,5000,5000,5000,5000,5000,5000,5000,5000,5000,5000,5000,5000,5000,5000,5000,5000,5000
"sat/total-5-17-u.cnf",5000,5000,5000,5000,5000,5000,5000,5000,5000,5000,5000,5000,5000,5000,5000,5000,5000,5000,5000,5000,5000,5000,5000,5000,5000
"sat/traffic_3_uc_sat.cnf",357.2,252.37,29.1,30.49,266.15,367.07,195.58,164.49,81.84,60.94,94.71,184.55,101.11,110.87,71.94,537.07,255.25,100.77,87.49,211.77,1280.22,4464.09,121.68,116.63,5000
"sat/transport-transport-city-sequential-35nodes-1000size-4degree-100mindistance-4trucks-14packages-2008seed.020-NOTKNOWN.cnf",453.53,820.78,451.38,479.76,428.79,774.61,133.34,556.33,280.63,262.67,1162.76,682.8,509.6,149.74,1338.9,170.18,171.78,237.36,338.79,266.05,5000,205.12,517.65,645.06,5000
"sat/transport-transport-city-sequential-35nodes-1000size-4degree-100mindistance-4trucks-14packages-2008seed.050-SAT.cnf",5000,2670.28,5000,5000,5000,5000,5000,5000,3296.95,5000,2697.96,5000,5000,5000,5000,5000,1831.07,5000,86.81,5000,5000,5000,5000,5000,5000
"sat/transport-transport-three-cities-sequential-14nodes-1000size-4degree-100mindistance-4trucks-14packages-2008seed.040-NOTKNOWN.cnf",5000,5000,5000,5000,5000,5000,5000,5000,5000,5000,5000,5000,5000,5000,5000,2141.51,5000,5000,4390.73,5000,5000,5000,5000,5000,5000
"sat/transport-transport-two-cities-sequential-15nodes-1000size-3degree-100mindistance-3trucks-10packages-2008seed.020-NOTKNOWN.cnf",627.55,554.62,185.645937742366,179.92,847.49,824.35,121.91,885.58,301.5,255.53,391.41,1552.28,555.74,520.52,506.63,634.87,854.23,858.6,305.61,988.83,5000,5000,326.2,381.68,5000
"sat/transport-transport-two-cities-sequential-15nodes-1000size-3degree-100mindistance-3trucks-10packages-2008seed.040-SAT.cnf",825.6,421.67800972954,101.62,97.8,234.9,232.06,590.36,551.09,262.49,879.23,123.66,1524.15,69.12,565.84,584.85,255.37,224.89,367.690989432965,305.62,137.89,5000,5000,403.87,470.19,5000
"sat/UCG-20-5p1.cnf",155.78,142.74,94.61,98.52,234.08,218.9,200.34,428.15,204.66,202.42,226.31,67.71,122.62,620.25,119.02,349.15,84,77.8,55.39,273.18,1298.48,5000,144.85,149.6,5000
"sat/UR-15-10p0.cnf",337.17,621.650935675151,188.63,187.65,220.42,205.77,222.56,275.2,226.93,195.06,223.86,327.41,143.19,906.17,330.96,427.28,144.26,258.45,274.34,404.98,5000,5000,339.28,344.23,5000
"sat/UTI-20-10p1.cnf",1099.73,1645.64,636.37,610.91,917.76,878.93,318.734191045904,1229.85,914.68,768.32,991.18,2080.13,963.66,1360.43,877.64,1126.1,866.57,828.31,628.61,1658.04,5000,5000,1186.51,1280.7,5000
"sat/UTI-20-5p1.cnf",838.68,559.62,569.79,504.11,361.51,372.54,87.71,574.11,372.33,302.06,282.61,1320.6,172.39,256.21,411.64,325.62,96.68,288.73,151.04,318.38,1367.67,5000,190.57,222.14,5000
"sat/uum16.smt2-cvc4.cnf",5000,5000,5000,5000,5000,5000,5000,5000,5000,5000,5000,5000,5000,5000,5000,5000,5000,5000,5000,5000,5000,5000,5000,5000,5000
"sat/uum8.smt2-stp212.cnf",5.42,12.57,18.61,18.6,11.75,11.67,6.87,6.61,3.97,4.43,5.84,6,6.72,10.63,7.91,22.62,11.75,16.35,11.33,15,26.22,16.24,5.24,8.84,5000
"sat/valves-gates-1-k617-unsat.cnf",1334.25730311019,3919.55,899.770645877415,993.5,1668.1,1649.94,2005.61,1603.44,1183.94,1272.63,1260.43,2665.28,4433.48,2126.75,2365.92,3745.01,5000,3060.03,5000,2878.29,5000,1827.18,1293.97,1251.97,5000
"sat/velev-pipe-oun-1.1-05.cnf",5000,5000,5000,5000,5000,5000,5000,5000,5000,5000,5000,5000,5000,5000,5000,5000,5000,5000,5000,5000,5000,2935.26,5000,5000,5000
"sat/velev-vliw-uns-2.0-uq5.cnf",456.24,373.21,261.67,294.53,326.55,344.65,396.8,403.01,237.29,424.35,264.84,806.79,425.21,370.76,301.3,840.18,328.57,2596.67905173661,343.6,3089.69974593516,5000,189.63,296.41,299.09,5000
