531.32,5000,5000,5000,5000,5000,5000,5000,5000,5000,5000,5000,5000,5000,5000,5000,5000,5000,5000,5000,5000,5000,5000,5000,5000,5000,5000,5000,5000,5000,5000,5000,5000,5000,5000,5000,5000
5000,5000,5000,5000,5000,5000,5000,5000,5000,5000,5000,5000,5000,5000,5000,5000,5000,5000,5000,5000,5000,5000,5000,5000,5000,5000,5000,5000,5000,5000,5000,5000,5000,5000,5000,5000,5000
5000,5000,5000,5000,5000,5000,5000,5000,5000,5000,5000,5000,5000,5000,5000,5000,5000,5000,5000,5000,5000,5000,5000,5000,5000,5000,5000,5000,5000,5000,5000,5000,5000,5000,5000,5000,5000
5000,5000,5000,5000,5000,5000,5000,5000,5000,5000,5000,5000,5000,5000,5000,5000,5000,5000,5000,5000,5000,5000,5000,5000,5000,5000,5000,5000,5000,5000,5000,5000,5000,5000,5000,22.32,1.99
5000,5000,5000,5000,5000,592.62,5000,5000,54.25,5000,5000,5000,5000,5000,5000,5000,5000,5000,5000,5000,5000,5000,5000,5000,5000,5000,356.03,5000,5000,5000,5000,5000,295.01,5000,5000,1.15,0.02
5000,5000,5000,5000,5000,5000,5000,5000,5000,5000,5000,5000,5000,5000,5000,5000,5000,5000,5000,5000,5000,5000,5000,5000,5000,5000,5000,5000,5000,5000,5000,5000,5000,5000,5000,6.39,49.4
5000,5000,5000,5000,98.72,5000,5000,5000,5000,5000,5000,5000,5000,5000,5000,5000,5000,5000,5000,5000,5000,5000,5000,5000,5000,5000,89.9,5000,5000,5000,5000,5000,5000,5000,5000,0.14,0.05
5000,5000,5000,5000,403.66,5000,5000,5000,5000,5000,5000,5000,5000,5000,5000,5000,5000,5000,5000,87.31,5000,88.32,89.48,5000,5000,5000,5000,5000,5000,5000,5000,5000,5000,5000,5000,1.11,0.16
5000,5000,5000,5000,5000,5000,5000,5000,5000,5000,5000,5000,5000,5000,5000,5000,5000,5000,5000,5000,5000,5000,5000,5000,5000,5000,5000,5000,5000,5000,5000,5000,5000,5000,5000,0.43,0.03
5000,5000,5000,5000,5000,5000,5000,5000,5000,5000,5000,5000,5000,5000,5000,5000,5000,5000,5000,5000,5000,5000,5000,5000,5000,5000,111.88,5000,5000,5000,5000,5000,5000,5000,5000,0.48,0.01
5000,96.02,5000,5000,5000,5000,5000,5000,5000,5000,5000,5000,5000,5000,5000,5000,5000,5000,5000,5000,5000,5000,5000,5000,5000,5000,5000,5000,5000,5000,5000,5000,5000,5000,5000,162.45,430.6
5000,5000,5000,5000,5000,5000,5000,5000,5000,5000,5000,5000,5000,5000,5000,5000,5000,5000,5000,5000,5000,352.77,357.3,5000,5000,5000,5000,5000,5000,5000,5000,5000,5000,5000,5000,4.18,1.04
5000,5000,5000,5000,5000,5000,5000,5000,5000,5000,5000,5000,5000,5000,5000,5000,5000,5000,5000,5000,5000,5000,5000,5000,5000,317.1,5000,5000,5000,5000,5000,5000,5000,5000,5000,0.49,1.53
5000,5000,5000,5000,5000,5000,5000,5000,5000,5000,5000,5000,5000,5000,5000,5000,5000,5000,5000,5000,5000,5000,5000,5000,5000,5000,5000,5000,5000,5000,5000,5000,5000,5000,5000,0.42,0.04
5000,5000,5000,5000,5000,5000,5000,5000,5000,5000,5000,5000,5000,5000,5000,5000,5000,5000,5000,5000,5000,5000,5000,5000,5000,5000,5000,5000,5000,5000,5000,34.58,5000,5000,5000,0.72,0.08
5000,5000,5000,5000,5000,5000,5000,5000,5000,5000,5000,5000,5000,5000,5000,5000,5000,5000,5000,180.45,5000,180.39,177.66,5000,5000,5000,5000,5000,5000,5000,5000,5000,5000,5000,5000,0.61,0
5000,5000,5000,5000,5000,136.02,5000,5000,5000,5000,5000,5000,5000,5000,5000,5000,5000,5000,5000,5000,5000,5000,5000,5000,5000,634.72,5000,5000,5000,5000,5000,5000,5000,5000,5000,0.2,0.41
655.86,5000,5000,5000,5000,5000,5000,5000,37.63,5000,5000,5000,5000,5000,5000,5000,5000,5000,5000,5000,5000,5000,5000,5000,518.56,5000,5000,5000,5000,5000,5000,5000,5000,5000,5000,1.05,0.3
473.81,5000,5000,5000,5000,5000,5000,166.19,5000,5000,5000,5000,5000,5000,5000,5000,5000,5000,5000,5000,5000,5000,5000,5000,5000,5000,5000,5000,5000,5000,5000,5000,15.53,5000,5000,0.67,0.33
5000,5000,5000,5000,5000,5000,5000,5000,5000,5000,5000,5000,5000,5000,5000,5000,5000,5000,5000,5000,5000,5000,5000,5000,5000,475.69,5000,5000,5000,205.89,5000,5000,5000,5000,5000,0.51,0.48
5000,5000,5000,5000,5000,5000,5000,238.79,5000,5000,5000,272.22,5000,5000,5000,5000,5000,5000,5000,5000,5000,5000,5000,5000,5000,5000,5000,5000,5000,5000,5000,5000,114.19,5000,248.23,0.46,0.38
5000,5000,5000,5000,5000,5000,5000,5000,5000,5000,5000,5000,5000,5000,5000,5000,5000,5000,5000,5000,5000,5000,5000,5000,5000,5000,5000,5000,5000,5000,5000,5000,5000,5000,5000,1.1,0.75
5000,5000,5000,5000,5000,5000,5000,325.15,5000,5000,5000,5000,5000,5000,5000,5000,5000,5000,5000,5000,5000,5000,5000,5000,5000,5000,5000,5000,5000,5000,5000,3.51,5000,5000,5000,13.01,4.35
5000,5000,5000,5000,5000,5000,5000,5000,5000,5000,5000,5000,5000,5000,5000,5000,5000,5000,5000,5000,5000,5000,5000,5000,5000,5000,5000,5000,5000,5000,5000,5000,5000,5000,5000,5000,5000
399.02,5000,5000,647.96,265.57,5000,5000,230.29,5000,93.5,351.89,3.77,5000,550.84,559.41,5000,409.12,364.06,229.18,233.04,248.37,227.19,227.01,5000,417.36,447.35,5000,376.72,5000,298.01,523.66,467.65,5000,5000,218.98,5000,5000
5000,5000,5000,5000,5000,5000,5000,5000,5000,5000,5000,5000,5000,5000,5000,5000,5000,5000,5000,5000,5000,5000,5000,5000,5000,5000,5000,5000,5000,5000,5000,5000,5000,5000,5000,5000,5000
5000,5000,5000,5000,5000,5000,5000,5000,5000,5000,5000,5000,5000,5000,5000,5000,5000,5000,5000,5000,5000,5000,5000,5000,5000,5000,5000,5000,5000,5000,5000,5000,5000,5000,5000,5000,5000
5000,5000,5000,5000,5000,5000,5000,5000,5000,5000,5000,5000,5000,5000,5000,5000,5000,5000,5000,5000,5000,5000,5000,5000,5000,5000,5000,5000,5000,5000,5000,5000,5000,5000,5000,5000,5000
5000,5000,5000,5000,5000,5000,5000,5000,5000,5000,5000,5000,5000,5000,5000,5000,5000,5000,5000,5000,5000,5000,5000,5000,5000,5000,5000,5000,5000,5000,5000,5000,5000,5000,5000,5000,5000
5000,5000,5000,5000,5000,5000,5000,5000,5000,5000,5000,5000,5000,5000,5000,5000,5000,5000,5000,5000,5000,5000,5000,5000,5000,5000,5000,5000,5000,5000,5000,5000,5000,5000,5000,5000,5000
5000,5000,5000,5000,5000,5000,5000,5000,5000,5000,5000,5000,5000,5000,5000,5000,5000,5000,5000,5000,5000,5000,5000,5000,5000,5000,5000,5000,5000,5000,5000,5000,5000,5000,5000,5000,5000
5000,5000,5000,5000,5000,5000,5000,5000,5000,5000,5000,5000,5000,5000,5000,5000,5000,5000,5000,5000,5000,5000,5000,5000,5000,5000,5000,5000,5000,5000,5000,5000,5000,5000,5000,5000,5000
5000,5000,5000,5000,5000,5000,5000,5000,5000,5000,5000,5000,5000,5000,5000,5000,5000,5000,5000,5000,5000,5000,5000,5000,5000,5000,5000,5000,5000,5000,5000,5000,5000,5000,5000,5000,5000
5000,5000,5000,5000,5000,5000,5000,5000,5000,5000,5000,5000,5000,5000,5000,5000,5000,5000,5000,5000,5000,5000,5000,5000,5000,5000,5000,5000,5000,5000,5000,5000,5000,5000,5000,5000,5000
5000,5000,5000,5000,5000,5000,5000,5000,5000,5000,5000,5000,5000,5000,5000,5000,5000,5000,5000,5000,5000,5000,5000,5000,5000,5000,5000,5000,5000,5000,5000,5000,5000,5000,5000,5000,5000
5000,5000,5000,5000,5000,5000,5000,5000,5000,5000,5000,5000,5000,5000,5000,5000,5000,5000,5000,5000,5000,5000,5000,5000,5000,5000,5000,5000,5000,5000,5000,5000,5000,5000,5000,5000,5000
485.03,5000,5000,5000,5000,5000,5000,5000,5000,5000,5000,5000,5000,5000,5000,5000,5000,5000,5000,5000,5000,5000,5000,5000,5000,5000,5000,5000,5000,5000,5000,5000,5000,5000,396.88,5000,5000
5000,5000,5000,5000,5000,5000,5000,5000,5000,5000,5000,5000,5000,5000,5000,5000,5000,5000,5000,5000,5000,5000,5000,5000,5000,5000,5000,5000,5000,5000,5000,5000,5000,5000,5000,5000,5000
671.72,160.59,357.58,5000,285.31,5000,5000,270.26,5000,236.9,310.74,227.99,273.06,300.63,299.71,279.17,5000,331.74,692.15,532.11,314.74,533.11,379.88,266.69,339.95,258.97,257.65,272.15,5000,5000,5000,265.77,696.66,502.33,244.17,5000,5000
5000,5000,5000,5000,5000,5000,5000,5000,5000,5000,5000,5000,5000,5000,5000,5000,5000,5000,5000,5000,5000,5000,5000,5000,5000,5000,5000,5000,5000,5000,5000,5000,5000,5000,5000,5000,5000
514.36,306.48,5000,5000,689.76,5000,5000,5000,5000,583.85,5000,569.22,5000,664.21,658.08,5000,5000,5000,5000,5000,5000,5000,5000,5000,5000,660.78,5000,5000,5000,5000,5000,5000,5000,5000,5000,5000,5000
5000,5000,5000,5000,5000,5000,5000,5000,5000,5000,5000,5000,5000,5000,5000,5000,5000,5000,5000,5000,5000,5000,5000,5000,5000,5000,5000,5000,5000,5000,5000,5000,5000,5000,5000,5000,5000
5000,5000,5000,5000,5000,5000,5000,5000,5000,5000,5000,5000,5000,5000,5000,5000,575.3,5000,5000,5000,5000,5000,5000,5000,5000,5000,5000,5000,5000,5000,5000,5000,5000,5000,5000,5000,5000
5000,5000,5000,5000,5000,5000,5000,5000,5000,5000,5000,5000,5000,5000,5000,5000,5000,5000,5000,5000,5000,5000,5000,5000,5000,5000,5000,5000,5000,5000,5000,5000,5000,5000,5000,5000,5000
330.48,5000,5000,5000,5000,5000,5000,325.82,2934.07,5000,291.29,5000,5000,5000,5000,5000,5000,5000,5000,5000,5000,5000,5000,5000,649.79,5000,5000,5000,5000,5000,5000,5000,5000,5000,299.21,5000,5000
5000,5000,5000,5000,5000,5000,5000,5000,5000,5000,5000,5000,5000,5000,5000,5000,5000,5000,5000,5000,5000,5000,5000,5000,5000,5000,5000,5000,5000,5000,5000,5000,5000,5000,5000,5000,5000
5000,164.27,403.68,466.57,227.74,509.36,5000,137.21,2658.73,183.72,134.25,153.07,293.27,315.76,316.12,307.56,5000,302.85,435.77,255.74,228.26,255.94,253.23,233.39,220.45,259.66,229.04,208.3,469.65,5000,509.32,192.61,467.98,529.69,228.74,5000,5000
5000,5000,5000,5000,5000,5000,5000,5000,5000,5000,5000,5000,5000,5000,5000,5000,5000,5000,5000,5000,5000,5000,5000,5000,5000,5000,5000,5000,5000,5000,5000,5000,5000,5000,5000,5000,5000
5000,5000,5000,5000,5000,5000,5000,5000,5000,5000,5000,5000,5000,5000,5000,5000,5000,5000,5000,5000,5000,5000,5000,5000,5000,5000,5000,5000,5000,5000,5000,5000,5000,5000,5000,5000,5000
5000,5000,5000,5000,5000,5000,5000,5000,5000,5000,683.42,5000,5000,5000,5000,5000,5000,5000,5000,5000,5000,5000,5000,5000,5000,5000,5000,5000,5000,5000,5000,5000,5000,5000,5000,5000,5000
5000,5000,5000,5000,5000,5000,5000,5000,5000,5000,5000,5000,5000,5000,5000,5000,5000,5000,5000,5000,5000,5000,5000,5000,5000,5000,5000,5000,5000,5000,5000,5000,5000,5000,5000,5000,5000
5000,5000,5000,5000,5000,5000,5000,5000,5000,5000,5000,5000,5000,5000,5000,5000,5000,5000,5000,5000,5000,5000,5000,5000,5000,5000,5000,5000,5000,5000,5000,5000,5000,5000,5000,5000,5000
5000,5000,5000,5000,5000,5000,5000,5000,5000,5000,5000,5000,5000,5000,5000,5000,5000,5000,5000,5000,5000,5000,5000,5000,5000,5000,5000,5000,5000,5000,5000,5000,5000,5000,5000,5000,5000
5000,5000,5000,5000,5000,5000,5000,5000,5000,5000,5000,5000,5000,5000,5000,5000,5000,5000,5000,5000,5000,5000,5000,5000,5000,5000,5000,5000,5000,5000,5000,5000,5000,5000,5000,5000,5000
5000,5000,5000,5000,5000,5000,5000,5000,5000,5000,5000,5000,5000,5000,5000,5000,5000,5000,5000,5000,5000,5000,5000,5000,5000,5000,5000,5000,5000,5000,5000,5000,5000,5000,5000,5000,5000
5000,5000,5000,5000,5000,5000,5000,5000,5000,5000,5000,5000,5000,5000,5000,5000,5000,5000,5000,5000,5000,5000,5000,135.67,5000,5000,5000,135.67,5000,5000,5000,5000,5000,5000,5000,5000,5000
5000,5000,5000,5000,5000,5000,5000,5000,5000,5000,5000,5000,5000,5000,5000,193.54,5000,5000,5000,5000,5000,5000,5000,5000,5000,5000,144.85,5000,5000,5000,5000,356.7,5000,5000,358.9,5000,5000
592.26,5000,5000,5000,5000,5000,5000,5000,5000,5000,5000,5000,5000,5000,5000,5000,5000,569.15,5000,5000,5000,5000,5000,142.1,207.16,581.76,428.66,480.65,5000,5000,5000,412.88,5000,5000,339.25,5000,5000
459.82,431.42,518.19,217.6,495.03,5000,298.4,363.27,433.07,473.31,429.04,5000,5000,62.5,61.84,5000,5000,5000,5000,263.53,5000,268.91,256.04,269.43,344.47,412.17,5000,235.52,216.65,5000,287.21,5000,520.4,5000,253.55,5000,5000
5000,704.37,5000,5000,211.29,5000,365.84,350.17,2693.53,5000,5000,227.35,97.16,663.03,652.35,110.76,5000,5000,115.6,202.26,5000,198.52,199.59,370.03,296.07,335.71,381.08,5000,595.08,425.14,5000,375.85,5000,149.2,515.56,5000,5000
5000,5000,5000,5000,5000,5000,5000,5000,5000,5000,5000,5000,5000,5000,5000,5000,5000,5000,5000,5000,5000,5000,5000,5000,5000,5000,5000,5000,5000,5000,5000,5000,5000,5000,5000,5000,5000
5000,5000,5000,5000,5000,5000,5000,5000,5000,5000,5000,5000,5000,5000,5000,5000,270.82,5000,5000,5000,5000,5000,5000,5000,5000,5000,5000,5000,5000,5000,5000,5000,5000,5000,5000,5000,5000
5000,5000,5000,5000,5000,5000,5000,5000,5000,5000,484.72,5000,5000,5000,5000,5000,5000,5000,506.16,5000,5000,5000,5000,5000,5000,5000,5000,5000,5000,5000,5000,5000,5000,5000,5000,5000,5000
5000,5000,5000,5000,477.74,5000,5000,286.27,240.94,5000,649.69,5000,5000,5000,5000,5000,329.34,621.57,5000,5000,5000,1182.39,5000,5000,457.7,586.87,337.55,5000,529.23,5000,447.13,5000,5000,5000,525.64,5000,5000
95.54,5000,5000,5000,133.44,5000,5000,311.76,5000,679.52,495.95,290.39,687.94,436.15,435.82,5000,12.87,702.99,5000,224.56,5000,224.81,219.32,591.96,216,175.5,112.53,209.66,5000,515.27,190.96,216.09,456.15,5000,621.51,5000,5000
5000,303.31,449.57,5000,34.21,5000,5000,240.02,1565.07,101.12,683.23,227.7,5000,5000,5000,272.75,222.31,39.58,5000,5000,5000,527.32,673.42,85.11,664.77,176.22,5000,297.56,159.55,259.77,553.79,618.05,5000,521.27,5000,5000,5000
5000,5000,5000,5000,5000,5000,5000,5000,5000,5000,5000,5000,5000,5000,5000,5000,5000,5000,5000,5000,5000,5000,5000,5000,5000,5000,5000,5000,5000,5000,5000,5000,5000,5000,5000,5000,5000
5000,5000,5000,5000,5000,5000,5000,5000,5000,5000,5000,5000,5000,5000,5000,5000,5000,5000,5000,5000,5000,5000,5000,5000,5000,5000,5000,5000,5000,5000,5000,5000,5000,5000,5000,5000,5000
349.12,3920.57,5000,5000,5000,5000,5000,5000,5000,5000,5000,5000,5000,5000,5000,5000,5000,5000,5000,5000,5000,5000,5000,5000,5000,5000,5000,5000,5000,5000,5000,5000,5000,5000,5000,5000,5000
5000,5000,5000,5000,5000,5000,479.9,5000,5000,5000,647.76,548.28,5000,813.27,5000,5000,5000,5000,5000,5000,5000,5000,5000,5000,264.08,464.58,1966.09,281.89,5000,5000,5000,390.82,5000,5000,5000,5000,5000
5000,495.78,492.53,615.98,331.31,5000,443.08,395.01,231.95,185.73,5000,5000,5000,5000,5000,444.83,5000,5000,408.93,832.56,1423.8,5000,5000,5000,385.84,195.38,1254.54,666.25,5000,308.8,5000,5000,453.4,5000,189.97,5000,5000
61.56,35.94,88.24,58.71,62.54,105.72,111.27,90.62,80.13,105.26,5000,96.71,117.18,5000,5000,5000,172.73,5000,73.29,97.52,95.01,94.53,93.49,89.51,97.89,94.37,101.28,90.75,82.85,102.51,109.82,92.91,150.38,5000,43.22,5000,5000
5000,5000,5000,5000,5000,5000,5000,5000,5000,5000,5000,5000,5000,5000,5000,5000,5000,5000,5000,5000,5000,5000,5000,5000,5000,5000,5000,5000,5000,5000,5000,5000,5000,5000,5000,5000,5000
5000,125.37,313.94,143.02,670.57,5000,5000,5000,5000,611.74,5000,511.5,500.95,5000,5000,637.4,5000,452.67,165.21,2532.05,2104.38,2489.95,2534.37,2645.12,5000,5000,2515.7,2656.97,473.89,5000,5000,2604.58,5000,375.56,5000,5000,5000
5000,5000,5000,5000,5000,5000,5000,5000,5000,5000,5000,5000,5000,5000,5000,5000,5000,5000,5000,5000,5000,5000,5000,5000,5000,5000,5000,5000,5000,5000,5000,5000,5000,5000,5000,5000,5000
1.83,1.07,59.64,30.78,6.03,213.48,6.84,4.44,43.59,9.09,59.64,65.4,51.69,74.02,74.14,52.03,2.7,6.67,38.01,12.5,16.51,12.64,12.34,5.34,44.27,42.98,4.21,5.36,46.33,5.84,4.68,30.96,6.66,38.65,3.3,5000,5000
0.42,0.71,5000,22.43,0.16,592.46,3.91,11.13,59.78,574.37,133.39,241.75,67.14,51.99,53.01,67.26,5000,190.6,6.06,5.3,22.48,5.15,5.22,5.84,33.69,32.58,5.31,5.9,25.03,13.56,3.84,39.23,357.53,149.19,0.34,446.09,5000
38.31,29.94,26.29,23.13,21.08,55.77,78.42,29.76,60.85,15.91,30.24,53.21,56.26,37.03,37.2,56.36,23.25,45.86,80.68,34.42,36.29,39.09,38.99,36.4,25.76,31.41,32.58,36.73,277.55,53.13,18.17,15.35,62.61,56.07,25.36,343.32,5000
5000,5000,5000,5000,5000,5000,5000,5000,5000,5000,5000,5000,5000,5000,5000,5000,5000,5000,5000,5000,5000,336.79,335.69,5000,5000,5000,5000,5000,5000,5000,5000,5000,5000,86.43,5000,279.2,5000
5000,5000,378.24,5000,5000,5000,5000,5000,5000,5000,5000,5000,5000,5000,5000,5000,5000,5000,5000,5000,5000,5000,5000,5000,5000,5000,5000,5000,5000,5000,5000,5000,5000,8.67,5000,256.29,5000
5000,5000,5000,5000,5000,5000,5000,5000,5000,5000,704.66,5000,5000,5000,5000,5000,5000,5000,5000,5000,5000,5000,5000,5000,302.11,5000,5000,5000,5000,5000,5000,5000,5000,57.07,5000,421.98,5000
5000,5000,5000,5000,5000,5000,5000,5000,5000,5000,5000,5000,5000,5000,5000,5000,5000,5000,5000,5000,5000,5000,5000,5000,5000,5000,5000,5000,5000,5000,5000,5000,5000,5000,5000,5000,5000
5000,5000,5000,5000,5000,5000,5000,5000,5000,5000,5000,5000,5000,5000,5000,5000,5000,5000,5000,5000,5000,5000,5000,5000,5000,5000,5000,5000,5000,422.99,5000,5000,5000,238.38,5000,444.6,5000
18.45,61.34,179.38,68.13,41.02,70.52,47.82,40.43,166.82,43.93,42.91,44.69,49.49,56.76,56.61,49.22,43.75,44.12,274.44,47.67,49.4,49.68,48.04,40.57,47.28,46.89,43.04,41.89,62.11,46.32,42.25,45.38,36.05,78.69,43.87,5000,5000
5000,5000,5000,438.11,5000,5000,5000,5000,5000,5000,5000,5000,5000,5000,5000,5000,5000,5000,5000,5000,5000,5000,5000,5000,5000,5000,5000,5000,5000,5000,5000,5000,5000,5000,5000,5000,5000
5000,5000,5000,5000,5000,5000,5000,5000,5000,5000,5000,5000,5000,5000,5000,5000,5000,5000,5000,5000,5000,5000,5000,5000,5000,5000,5000,5000,5000,5000,5000,5000,5000,5000,5000,5000,5000
5000,5000,5000,5000,5000,5000,5000,5000,5000,5000,5000,5000,5000,5000,5000,5000,5000,5000,5000,5000,5000,5000,5000,5000,5000,5000,5000,5000,5000,5000,5000,5000,5000,5000,5000,5000,5000
5000,5000,5000,5000,5000,5000,5000,5000,5000,5000,5000,5000,5000,5000,5000,5000,5000,5000,5000,5000,5000,5000,5000,5000,5000,5000,5000,5000,5000,5000,5000,5000,5000,5000,5000,5000,5000
555.78,5000,5000,5000,5000,5000,5000,85.51,5000,5000,5000,5000,5000,5000,5000,5000,5000,5000,5000,5000,5000,5000,5000,5000,5000,5000,5000,5000,5000,5000,5000,5000,5000,5000,5000,5000,5000
5000,5000,5000,513.83,5000,5000,188.6,79.53,2586.68,322.2,619.45,5000,290.92,5000,5000,295.62,5000,5000,5000,127.13,54.51,5000,5000,173.45,65.13,125.97,192.23,173.99,5000,475.29,191.02,159.93,5000,5000,338.71,5000,5000
651.23,5000,5000,185.1,558.31,5000,5000,244.26,2538.54,5000,5000,5000,5000,5000,5000,5000,5000,5000,5000,282,269.37,295.45,286.87,101.4,113.83,133.74,279.56,104.47,5000,228.49,66.14,100.01,5000,5000,267.58,5000,5000
49.22,37.15,42.76,0.05,6.98,5000,17.8,7.84,1236.51,0.14,21.67,240.6,218.24,212.69,207.85,218.94,117.85,85.08,5000,10.76,11.85,23.83,23.17,10.34,15.07,15.08,9.48,10.37,61.69,13.69,8.01,7.55,107.22,247.06,4.62,636.44,5000
1.41,1.35,5000,30.3,426.32,5000,456.7,26.18,2490.94,303.09,5000,5000,5000,5000,5000,5000,5000,5000,8.43,121.94,0.58,5000,5000,83.31,55.35,118.78,0.39,84.76,0.48,0.42,74.22,53.24,5000,1.45,277.1,402.61,5000
103.48,5000,5000,218.47,5000,5000,594.54,357.56,2614.28,612.15,5000,5000,5000,5000,5000,5000,5000,5000,5000,263.16,139.02,364.52,362.64,269.33,379.12,258.58,139.2,336.67,5000,110.14,210.49,328.46,5000,5000,5000,5000,5000
0.74,0.92,5000,4.51,479.65,5000,5000,268.05,2539.89,5000,5000,5000,5000,5000,5000,5000,5000,5000,4.79,5000,5000,5000,5000,135.4,76.48,51.18,5000,107.34,5000,534.16,505.43,191.65,5000,5000,519.52,5000,5000
165.43,5000,5000,218.62,5000,5000,5000,5000,2614.64,5000,5000,5000,5000,5000,5000,5000,5000,5000,5000,5000,182.21,5000,5000,5000,5000,260.03,186.67,5000,5000,5000,5000,336.51,5000,5000,528.55,5000,5000
1.94,1.23,5000,0.39,671.96,108.24,348.16,65.67,2490.13,5000,5000,5000,5000,5000,5000,5000,5000,5000,12.61,0.77,0.55,0.76,0.75,0.7,360,202.9,218.74,0.71,533.5,263.26,153.35,233.37,5000,1.39,649.91,396.57,5000
113.98,5000,5000,237.95,251.51,5000,630.45,363.2,2613.43,280.84,5000,5000,5000,5000,5000,5000,5000,5000,5000,64.15,77.6,282.12,279.38,150.58,165.15,160.01,152.84,172.3,5000,116.68,455.08,181.28,5000,5000,311.21,5000,5000
0.54,1.03,306.16,33.46,48.69,5000,36.75,20.41,2489.8,148.35,117.41,355.79,554.07,648.74,657.84,563.18,155.39,76.13,4.86,14.91,0.56,31.17,31.46,20.31,34.74,33.71,18.17,21.03,98.29,33.69,26.13,22.21,528.15,1.65,48.67,389.34,5000
70.45,581.99,102.78,33.07,17.24,660.77,32.7,11.03,1897.69,29.47,27.85,47.26,274.23,95.79,96.07,276.68,20.13,93.7,464.81,9.25,10.93,48.01,47.29,17.68,21.59,16.48,9.74,18.28,11.96,6.16,22.09,11.95,5000,351.59,25.97,5000,5000
9.34,24.09,99.81,45.13,8.28,563.2,15.73,8.61,2487.99,2.83,132.1,343.63,324.46,411.59,409.64,328.39,205.93,264.4,320.56,11.05,7.75,11.77,11.34,10.56,21.69,14.42,10.2,10.6,76.8,13.6,13.26,10,70.07,236.49,16.8,5000,5000
93.67,5000,584.79,117.67,50.98,5000,92.02,70.12,2503.18,42.54,267.16,296,315.87,5000,5000,325.2,438.11,282.77,498.62,48.05,31.06,107.49,106.55,32.04,35.36,56.9,74.44,32.39,276.68,39.41,109.32,33.12,244.58,153.27,44.96,5000,5000
606.13,5000,5000,5000,5000,5000,5000,5000,5000,5000,5000,5000,5000,5000,5000,5000,5000,5000,5000,5000,358.54,5000,5000,253.3,430.84,5000,133.81,254.67,5000,5000,5000,5000,5000,5000,5000,5000,5000
5000,5000,5000,346.29,5000,95.71,129.66,630.52,5000,5000,5000,5000,5000,5000,5000,5000,5000,5000,5000,5000,1.36,5000,5000,279.38,122.44,138.24,5000,768.58,2.81,89.49,175.17,9.46,5000,5000,5000,5000,5000
5000,5000,5000,5000,5000,5000,5000,5000,2600.39,5000,5000,5000,5000,5000,5000,5000,5000,5000,5000,221.2,5000,5000,5000,5000,321.19,511.31,5000,5000,5000,5000,5000,5000,5000,5000,5000,5000,5000
140.73,1.61,5000,184.75,144.87,5000,53.7,157.7,2537.74,110.72,512.7,529.42,5000,5000,5000,5000,423.92,5000,61.77,109.47,143.96,145.09,142.82,89.35,97.14,99.57,133.67,88.94,418.02,123.53,116.74,84.96,3.03,8.12,169.8,679.51,5000
5000,5000,5000,308.5,5000,5000,5000,5000,3328.84,5000,5000,5000,5000,5000,5000,5000,5000,5000,5000,5000,108.2,246.52,243.06,255.69,5000,333.84,5000,325.58,5000,5000,5000,5000,5000,5000,580.05,5000,5000
399.86,5000,5000,652.72,5000,5000,5000,285.31,5000,5000,5000,5000,5000,5000,5000,5000,5000,5000,5000,297.09,5000,275.93,269.86,177.45,312.61,117.1,274.77,5000,5000,5000,163.18,115.6,5000,5000,5000,5000,5000
5000,5000,5000,5000,5000,5000,227.36,5000,5000,5000,5000,5000,5000,176.72,177.1,5000,5000,66.12,5000,5000,268.34,5000,5000,5000,5000,5000,5000,5000,405.61,5000,5000,5000,5000,5000,592.75,2.6,5.89
5000,5000,5000,177.54,39.75,5000,351.35,5000,5000,5000,5000,5000,5000,5000,5000,5000,5000,5000,5000,5000,5000,5000,5000,5000,299.38,5000,5000,5000,5000,5000,5000,5000,526.42,5000,5000,6.92,8.47
5000,5000,620.47,452.52,218.03,5000,5000,249.01,5000,209.71,5000,5000,5000,222.14,218.15,5000,25.58,5000,5000,5000,227.2,5000,5000,226.13,565.14,109.37,5000,281.66,5000,683.76,114.15,5000,290.51,5000,5000,2.03,5.43
5000,5000,5000,635.67,36.99,382.38,39.38,5000,5000,56.41,5000,5000,401.65,163.98,163.07,407.03,5000,252.57,5000,5000,5000,5000,5000,5000,223.79,247.78,5000,5000,51.07,5000,238.63,691.97,100.89,5000,5000,2.02,40.27
5000,5000,5000,82.64,219.33,5000,163.77,5000,3363.7,5000,5000,5000,5000,5000,5000,5000,5000,5000,5000,194.04,5000,1869.79,5000,5000,5000,5000,5000,1382.01,5000,345.15,190.32,221.64,80.02,5000,305.16,1.96,1.72
653.04,5000,5000,618.73,47.99,5000,206.51,418.83,5000,43.21,5000,5000,5000,5000,5000,5000,5000,421.78,262.74,50.24,154.01,324.42,319.1,172.92,340.24,577.72,5000,5000,131.81,474.7,122.95,190.6,87.17,5000,5000,1.81,24.38
5000,5000,49.22,5000,44.87,5000,125.59,5000,2595.63,39.03,5000,5000,385.69,395.35,397.22,383.07,5000,361.64,5000,5000,5000,460.92,5000,36.27,5000,5000,5000,36.23,150.5,203.53,44.31,145.4,123.05,5000,5000,1.86,9.33
418.92,5000,95.54,47.84,46.64,5000,184.88,5000,5000,148.06,158.16,395.75,49.42,5000,5000,48.29,5000,297.45,5000,89.57,5000,257.04,255.56,346.49,86.45,18.81,261.4,5000,695.47,18.33,52.83,563.54,144.94,149.98,328.23,1.83,3.01
404.67,5000,512.65,461.19,59.67,620.3,68.32,5000,176.97,1.98,5000,336.19,5000,124.66,127.34,5000,94.73,282.27,599.04,172.3,71.67,256.51,258.15,16.74,200.88,678.91,5000,16.8,95.08,17.14,80.13,48.86,184.29,64.99,656.41,1.76,16.67
130.86,5000,28.25,554.58,25.61,5000,78.37,346.26,555.28,3.29,197.9,378.45,24.12,60.42,60.42,23.81,77.59,97.82,696.1,34.78,254.14,302.28,292.53,568.66,439,533.25,36.92,288.28,94.58,127.95,74.02,33.54,144.62,5000,155.49,1.62,8.28
144.47,5000,17.4,241.15,23.08,5000,46.25,338.17,2695.51,33.84,24.35,256.55,269.39,26.63,27.36,270.97,154,99.38,5000,37.09,5000,21.08,20.55,280.38,697.19,41.44,262.84,79.23,168.49,80.73,0.47,101.36,74.12,260.74,5000,1.95,3.05
389.36,5000,142.69,330.62,76.13,5000,47.55,129.87,1898.75,255.98,106.49,34.88,44.32,228.45,227.97,44.77,27.36,125.81,5000,5000,289.07,648.1,5000,3.4,146.89,5000,5000,3.39,16.24,68.89,213.78,170.92,10.68,305.07,466.62,1.63,2.28
5000,5000,5000,5000,518.66,330.83,5000,5000,5000,305.12,5000,5000,5000,5000,5000,5000,19.72,312.81,5000,5000,5000,5000,5000,5000,5000,170.4,5000,5000,5000,5000,222.07,5000,5000,5000,5000,2.6,2.47
672.97,5000,5000,5000,5000,5000,553.12,5000,5000,184.2,5000,5000,5000,5000,5000,5000,5000,5000,5000,5000,304.23,5000,5000,5000,5000,5000,5000,5000,5000,5000,584.35,5000,5000,5000,5000,2.25,5.47
705.46,5000,5000,93.53,113.78,5000,241.11,105.71,5000,154.07,5000,5000,5000,22.56,24.03,5000,411.55,5000,5000,5000,5000,5000,5000,5000,5000,5000,5000,5000,5000,5000,491.18,5000,297.84,5000,5000,6.28,1.15
692.79,5000,5000,43.08,292.61,5000,523.9,5000,5000,445.05,5000,5000,5000,5000,5000,5000,5000,5000,5000,5000,5000,5000,5000,5000,5000,589.2,5000,189.71,5000,621.61,205.41,5000,5000,5000,5000,2.33,29.07
5000,5000,5000,5000,5000,5000,5000,165.63,5000,5000,5000,5000,5000,5000,5000,5000,528.69,5000,5000,171.02,5000,5000,5000,5000,334.6,5000,5000,5000,5000,145.05,514.55,5000,195.63,5000,5000,2.42,8.25
5000,5000,5000,5000,378.05,5000,355.53,5000,5000,5000,5000,5000,5000,84.14,84.35,5000,5000,5000,5000,5000,5000,5000,5000,5000,110.05,5000,5000,5000,5000,5000,5000,51.01,336.7,5000,5000,2.03,1.17
5000,5000,5000,5000,588.61,5000,5000,5000,5000,5000,5000,225.78,5000,5000,5000,5000,5000,688.3,5000,5000,5000,107.45,104.15,5000,48.78,119.89,5000,5000,5000,5000,226.33,5000,93.18,5000,5000,2.18,9.9
5000,5000,5000,5000,106.94,5000,482.79,5000,723.75,608.4,341.34,5000,5000,5000,5000,5000,5000,5000,5000,5000,5000,80.53,80.12,5000,375,5000,5000,5000,88.74,5000,109.08,5000,94.94,5000,5000,2.14,27.74
5000,5000,5000,5000,5000,5000,5000,5000,5000,5000,5000,5000,5000,5000,5000,5000,5000,5000,5000,5000,5000,5000,5000,5000,5000,5000,5000,5000,5000,5000,5000,5000,5000,5000,5000,5000,5000
5000,5000,5000,5000,5000,5000,5000,5000,5000,5000,5000,5000,5000,5000,5000,5000,5000,5000,5000,5000,5000,5000,5000,5000,5000,5000,5000,5000,5000,5000,5000,5000,5000,5000,5000,5000,5000
5000,1926.59,763.08,3328.94,657.55,1102.1,1137.34,3301.09,228.07,3540.18,325.57,1131.97,1232.26,598.38,640.79,603.85,3413.89,1572.28,882.29,2647.01,2508.57,2561.79,2919.72,2579.57,5000,5000,2727.02,2567.94,958.44,1410.95,858.03,2608.73,2957.83,706.98,5000,1877.79,5000
5000,5000,563.45,5000,5000,5000,5000,5000,5000,5000,412.23,5000,5000,5000,5000,5000,5000,5000,277.29,5000,710.16,5000,5000,5000,5000,5000,5000,5000,695.38,5000,5000,5000,5000,5000,5000,5000,5000
5000,5000,5000,5000,5000,5000,5000,5000,5000,5000,5000,5000,5000,5000,5000,5000,5000,5000,5000,5000,5000,5000,5000,5000,5000,5000,5000,5000,5000,5000,5000,5000,5000,5000,5000,5000,5000
5000,5000,5000,5000,5000,5000,5000,5000,5000,5000,5000,5000,5000,5000,5000,5000,5000,5000,5000,5000,5000,5000,5000,5000,5000,5000,5000,5000,5000,5000,5000,5000,5000,5000,5000,5000,5000
285.4,129.39,276.57,227.92,444.69,5000,287.59,83,509.77,322.98,311.67,577.54,331.71,473.81,473.9,617.7,211.7,700.8,312.24,256.95,351.52,256.28,256.12,248.71,559.71,394.35,244.5,250.41,275.3,307.44,207.24,192.99,441.67,289.74,105.93,5000,5000
5000,5000,5000,5000,5000,5000,5000,5000,5000,5000,5000,5000,5000,5000,5000,5000,5000,5000,5000,5000,5000,5000,5000,5000,5000,5000,5000,5000,5000,5000,5000,5000,5000,5000,5000,5000,5000
2093.87,5000,1054.28,965.88,1986.47,5000,2596.54,5000,2870.32,1680.94,200.65,2669.09,1368.05,3027.83,3167.54,2985.96,2876.61,3117.01,830.58,1294.34,2361.38,1313.93,1335.21,1203.66,563.48,526.78,130.06,1583.04,595.94,1013.09,902.43,580.88,1133.38,809.05,495.24,2951.11,5000
5000,5000,5000,5000,5000,5000,5000,5000,5000,5000,5000,5000,5000,5000,5000,5000,5000,5000,5000,5000,5000,5000,5000,5000,5000,5000,5000,5000,5000,5000,5000,5000,5000,5000,5000,5000,5000
5000,5000,5000,5000,5000,5000,5000,5000,5000,5000,5000,5000,5000,5000,5000,5000,5000,5000,5000,5000,5000,5000,5000,5000,5000,5000,5000,5000,5000,5000,5000,5000,5000,5000,5000,5000,5000
5000,5000,5000,5000,5000,5000,5000,5000,5000,5000,362.73,5000,5000,5000,5000,5000,5000,5000,5000,5000,5000,5000,5000,5000,5000,5000,5000,5000,5000,5000,5000,5000,5000,5000,5000,5000,5000
137.61,98.14,226.61,99.57,177.33,392.96,223.19,161.3,234.82,289.29,314.85,296.42,351.91,436.68,437.97,333.97,458.39,298.5,149.64,138.15,137.02,138.05,137.48,149.23,211.03,181.12,162.72,149.19,221.28,222.43,205.34,182.7,470.37,475.26,117.4,5000,5000
174.33,88.35,226.2,95.46,229.76,317.76,213.76,157.21,200.73,288.27,267.64,271.63,309.51,430.28,418.03,314.2,311.27,337.51,140.94,124.6,126.06,124.65,123.74,142.35,158.64,161.62,145.52,146.26,233.53,210.51,174.29,164.7,5000,5000,135.53,5000,5000
192.52,101.2,252.4,92.94,185.34,372.06,219.71,186.99,269.36,286.86,311.64,357.03,318.91,500.94,481.71,375.23,503.68,5000,149.62,149.84,135.41,150.28,147.39,149.13,175.17,169.73,164.84,152.79,228.35,228.64,209.61,165.14,5000,5000,111.06,5000,5000
125.9,93.17,287.32,97.9,194.52,338.94,241.2,163.68,234.57,294.11,274.32,344.52,294.83,343.52,342.95,289.33,578.3,305.3,153.71,139.26,147.22,139.99,137.92,164.94,185.55,182.8,161.61,168.92,225.84,216.39,208.92,164.76,629.4,5000,116.16,5000,5000
125.08,100.05,268.54,96.45,195.88,381.88,249.33,185.2,227.01,302.9,269.79,262.03,277.85,434.22,441.21,360.58,456.48,370.97,142.08,139.99,145.33,140.15,139.42,154.47,161.43,174.33,165.36,156.84,222.51,222.87,195.21,171,5000,5000,123.52,5000,5000
294.46,116.07,252.46,98.24,224.95,353.57,234.07,167.58,251.13,302.37,284.4,340.18,310.03,443.21,443.5,355.87,562.81,5000,154.69,141.8,147.16,141.81,141.55,156.84,178.75,172.22,161.5,160.69,224.69,226.77,197.73,174.48,618.78,5000,121.76,5000,5000
263.11,107.12,280.76,101.34,245.88,337.73,233.21,172.45,242.78,367.88,261.98,308.97,347.44,364.14,363.6,308.92,329.98,336.7,144.81,138.62,134.21,138.51,138.12,150,169.56,166.91,163.52,152.21,216.95,225.85,184.73,156.57,707.15,367.15,115.48,660.76,5000
270.95,5000,5000,5000,5000,5000,5000,342.92,5000,5000,292.61,5000,5000,5000,5000,5000,5000,5000,5000,5000,5000,5000,5000,5000,479,5000,5000,5000,5000,5000,5000,5000,5000,5000,304.74,5000,5000
5000,170.45,380.55,343.19,210.9,518.58,5000,135.24,2606.87,176.15,118.12,126.65,253.45,285.92,286.63,266.42,5000,281.36,493.57,259.16,223.16,259.37,262.89,193.57,182.87,167.68,214.37,203.89,451.57,5000,493.75,231.35,364.37,542.35,560.89,5000,5000
5000,5000,5000,5000,5000,5000,5000,5000,5000,5000,5000,5000,5000,5000,5000,5000,5000,5000,5000,5000,5000,5000,5000,5000,5000,5000,5000,5000,5000,5000,5000,5000,5000,5000,5000,5000,5000
5000,299.59,5000,5000,582.55,5000,5000,351.93,5000,559.74,281.66,392.58,5000,5000,5000,5000,5000,5000,5000,5000,5000,5000,5000,5000,476.85,451.14,5000,5000,5000,5000,5000,5000,5000,5000,352.5,5000,5000
5000,5000,5000,5000,5000,5000,5000,5000,5000,5000,5000,5000,5000,5000,5000,5000,5000,5000,5000,5000,5000,5000,5000,5000,5000,5000,5000,5000,5000,5000,5000,5000,5000,5000,5000,5000,5000
5000,5000,5000,5000,5000,5000,5000,5000,5000,5000,5000,5000,5000,5000,5000,5000,5000,5000,5000,5000,5000,5000,5000,5000,5000,5000,5000,5000,5000,5000,5000,5000,5000,5000,5000,5000,5000
241.71,5000,540.71,5000,177.24,5000,283.58,250.12,1250.48,223.54,488.16,298.15,344.98,297.12,302.82,330.89,308.6,243.49,5000,588.98,280.41,248.21,251.23,223.9,318.55,231.52,289.38,342.39,589.03,549.13,303.7,318.91,5000,318.43,251.2,5000,5000
182.73,453.47,361.29,5000,87.27,508.63,381.78,221.67,745.49,163.27,342.26,196.55,187.69,190.72,190.09,215.32,198.41,192.65,5000,236.05,142.07,260.46,257.32,215.68,208.11,331.47,287.6,195.83,345.24,262.45,299.88,117.77,656.45,237.6,216.48,5000,5000
147.16,21.8,523.23,5000,13.84,173.91,607.26,57.44,661.7,97.06,6.96,285.49,248.48,25.98,26.04,256.3,173.55,34.37,151.7,27.36,20.16,33.91,33.57,30.33,159.73,241.13,97.11,40.13,12.88,51.81,100.66,43.33,202.26,45.95,9.49,5000,5000
313.66,5000,517.98,5000,203.64,5000,702.04,345.74,1144.94,186.19,363.68,328.6,223.34,261.98,261.59,262.09,256.9,292.54,5000,262.79,520.47,291.94,296.71,269.32,349.67,374.34,612.13,323.37,5000,540.25,360.24,137.46,5000,323.76,395.08,5000,5000
5000,5000,5000,5000,390.28,5000,5000,5000,5000,5000,5000,5000,5000,5000,5000,5000,5000,5000,5000,5000,5000,5000,5000,5000,666.62,337.76,5000,5000,5000,475.19,5000,5000,5000,5000,565.76,5000,5000
194.35,339.95,317.87,5000,115.8,5000,270.73,224.7,1014.08,141.94,235.64,178.1,171.93,206.98,205.38,236.7,217.27,168.27,5000,160.05,243.85,140.86,139.49,272.73,123.71,117.62,247.56,287.36,433.99,286.13,261.33,126.94,5000,231.62,227.67,5000,5000
5000,5000,5000,5000,368.94,5000,5000,5000,2517.87,503.78,5000,5000,5000,5000,5000,5000,614.57,5000,5000,5000,371.12,357.64,351.91,5000,337.25,296.48,5000,5000,5000,494.23,357.56,313.37,5000,5000,631.07,5000,5000
291.78,509.85,368.02,5000,129.9,5000,562.61,185.52,451.94,190.65,381.06,268.75,222.27,235.04,234.61,242.09,212.28,232.23,659.41,224.67,203.84,226.33,226.4,194.43,270.26,271.98,215.97,222.62,385.44,193.41,174.71,181.46,282.65,284.67,268.53,5000,5000
408.71,685.75,424.17,5000,142.91,5000,645.05,240.26,1026.59,223.21,430.97,362.81,308.85,314.05,313.17,300.5,337.38,307.06,5000,257.81,267.9,282.58,275.97,242.87,261,263.35,236.81,234.82,411.85,229.75,228.44,225.26,5000,337.66,304.86,5000,5000
387.92,643.6,427.41,5000,152.2,5000,500.9,203.71,891.88,213.74,430.95,328.06,309.32,285.11,283.61,327.52,257.42,308.73,5000,209.91,261.96,237.12,231.11,229.64,247.16,257.9,220.03,231.43,379.66,216.31,176.53,177.96,497.72,371.35,265.52,5000,5000
309.13,493.83,326.78,5000,111.29,5000,387.62,179.19,728.39,192.3,326.17,217.96,221.28,213.68,213.25,219.08,229.15,240.22,646.97,191.89,187.47,184.54,187.88,196.92,223.56,220.82,193.12,204.16,248.61,132.4,165.77,151.2,307.45,289.81,204.46,5000,5000
5000,5000,5000,5000,5000,5000,5000,5000,5000,5000,5000,5000,5000,5000,5000,5000,5000,5000,5000,5000,5000,5000,5000,5000,5000,5000,5000,5000,5000,5000,5000,5000,5000,5000,329.67,5000,5000
5000,5000,5000,5000,5000,5000,5000,5000,5000,5000,5000,5000,5000,5000,5000,5000,5000,5000,5000,5000,5000,5000,5000,5000,5000,5000,5000,5000,5000,5000,5000,5000,5000,5000,5000,5000,5000
5000,5000,5000,5000,5000,5000,5000,5000,5000,5000,5000,5000,5000,5000,5000,5000,5000,5000,5000,5000,5000,5000,5000,5000,5000,5000,5000,5000,5000,5000,5000,5000,5000,5000,5000,5000,5000
423.28,9.47,5000,5000,5000,5000,8.91,5000,105.62,5000,201.65,1.8,5000,648.96,648.14,5000,156.06,164.86,5000,5000,5000,5000,5000,5000,5000,5000,88.79,292.23,173.27,236.92,5000,140.3,13.59,242.31,548.4,183.38,5000
5000,5000,5000,5000,5000,5000,5000,5000,5000,5000,5000,5000,5000,5000,5000,5000,5000,5000,5000,5000,5000,5000,5000,5000,5000,5000,5000,5000,5000,5000,5000,5000,5000,5000,5000,5000,5000
5000,5000,5000,5000,5000,5000,5000,5000,5000,5000,5000,5000,5000,5000,5000,5000,5000,5000,5000,5000,5000,5000,5000,5000,5000,5000,5000,5000,5000,5000,5000,5000,5000,5000,5000,5000,5000
494.06,5000,5000,5000,5000,5000,5000,5000,5000,5000,5000,5000,5000,5000,5000,5000,5000,5000,5000,5000,5000,5000,5000,5000,5000,5000,5000,231.12,5000,5000,5000,5000,5000,5000,5000,20.04,5000
349.86,5000,5000,5000,5000,5000,541.87,5000,2585.72,5000,5000,5000,5000,5000,5000,5000,5000,5000,5000,5000,5000,5000,5000,5000,498,244.61,168.87,340.03,5000,681.72,115.22,5000,5000,5000,5000,263.53,5000
5000,5000,5000,5000,5000,5000,5000,5000,5000,5000,5000,5000,5000,5000,5000,5000,5000,5000,5000,5000,5000,5000,5000,5000,5000,5000,5000,5000,5000,5000,5000,5000,5000,5000,5000,5000,5000
5000,5000,5000,5000,5000,5000,5000,5000,5000,5000,5000,5000,5000,5000,5000,5000,5000,5000,5000,5000,5000,5000,5000,5000,5000,5000,5000,5000,5000,5000,5000,5000,5000,5000,5000,5000,5000
5000,122,5000,240.97,5000,5000,86.78,239.16,2590.02,5000,5000,5000,5000,5000,5000,5000,5000,5000,5000,312.49,5000,5000,5000,275.1,270.67,232.61,206.26,5000,202.81,74.81,139.8,270.12,300.01,5000,5000,126.68,5000
5000,5000,5000,5000,5000,5000,5000,5000,5000,5000,5000,5000,5000,5000,5000,5000,5000,5000,5000,5000,5000,5000,5000,5000,466.37,5000,5000,5000,5000,5000,609.69,5000,5000,5000,5000,339.7,5000
520.49,5000,5000,214.55,5000,5000,5000,38.91,3009.2,5000,326.45,5000,5000,5000,5000,5000,5000,5000,5000,5000,252.7,5000,5000,356.79,590.67,259.62,5000,5000,374.71,5000,5000,5000,379.16,593.91,476.45,5000,5000
5000,5000,5000,5000,624.45,5000,547.52,3103.74,5000,501.81,5000,5000,5000,5000,5000,5000,5000,5000,5000,3166.19,3110.35,2648.49,3153.52,5000,5000,5000,3488.57,5000,5000,5000,673.56,5000,5000,5000,5000,5000,5000
5000,5000,5000,5000,5000,5000,5000,5000,5000,5000,407.33,5000,5000,5000,5000,5000,5000,5000,5000,5000,5000,5000,5000,5000,5000,5000,5000,5000,5000,5000,5000,5000,5000,5000,5000,5000,5000
342.07,13.51,5000,49.51,5000,5000,480.69,67.69,55.27,5000,138.95,33.39,5000,5000,5000,5000,272.21,5000,243.22,248.31,31.9,255.46,243.25,126.3,44.21,114.1,55.09,133.26,437.26,5000,78.24,176.9,216.95,575.98,164.49,5000,5000
5000,5000,5000,31.31,5000,5000,615.66,663.52,5000,5000,5000,5000,5000,5000,5000,5000,2.64,5000,678.27,438.21,631.01,5000,393.41,517.84,366.55,342.26,311.73,5000,80.65,592.45,284.54,98.73,5000,5000,5000,5000,5000
5000,5000,5000,5000,5000,5000,5000,5000,5000,5000,5000,5000,5000,5000,5000,5000,5000,5000,5000,5000,5000,5000,5000,5000,5000,5000,5000,5000,5000,5000,5000,5000,5000,5000,54.99,5000,5000
294.8,609.55,5000,51.44,549.77,99.67,105.38,316.9,5000,5000,5000,204.21,78.51,180.65,185,1080.71,454.8,5000,5000,162.01,124.49,160.42,162.81,103.4,100.62,190.58,95.52,101.05,329.52,5000,472.97,172.84,5000,448.15,182.41,645.19,5000
5000,5000,5000,5000,5000,5000,5000,5000,5000,5000,5000,5000,5000,5000,5000,5000,5000,5000,5000,5000,5000,5000,5000,5000,455.16,5000,5000,5000,5000,5000,5000,5000,5000,5000,5000,5000,5000
5000,5000,5000,5000,411.34,5000,5000,5000,5000,458.78,413.54,378.94,434.58,356.1,357.11,5000,5000,410,5000,903.16,1250.29,1186.61,1211.8,1051.14,5000,5000,956.39,954.88,5000,708.88,573.32,1032.01,646.18,535.67,5000,5000,5000
5000,641.64,407.85,5000,201.52,5000,5000,927.85,5000,267.18,172.21,220.03,211.38,241.57,241.87,215.35,217.52,227.38,5000,834.59,915.89,1012.48,979.63,718.35,5000,5000,891.14,754.59,360.27,361.4,367.38,805.59,509.88,412.64,5000,5000,5000
42.51,35.05,103.09,72.41,126.32,44.89,102.08,39.5,96.66,147.37,91.07,40.96,12.58,23.56,23.54,141.81,241.53,132.52,77.56,84.18,39.38,84.55,78.95,61.01,50.66,92.72,82.43,29.37,126.86,110.45,61.23,17.37,221.63,22.81,20.72,1.45,240.84
22.65,58.66,11.13,128.55,104.3,92.83,47.85,21.29,117.26,69.59,42.01,86.92,7.63,4.94,4.8,155.41,126.72,105.62,78.7,65.19,27.04,65.28,63.44,10.2,42.56,99.76,76.06,10.27,105.71,44.64,26.29,70.88,172.53,20.71,8.08,2.54,5000
5000,367.21,5000,5000,5000,5000,5000,5000,5000,5000,294.82,5000,5000,5000,5000,5000,5000,511.34,5000,5000,251.03,5000,5000,5000,5000,5000,5000,5000,5000,5000,5000,5000,5000,8.07,5000,5000,5000
5000,5000,5000,5000,5000,5000,260.18,5000,5000,5000,5000,5000,5000,5000,5000,5000,5000,5000,5000,5000,5000,5000,5000,5000,263.51,5000,5000,5000,5000,5000,5000,5000,532.95,5000,168.42,5000,5000
5000,432.83,242.78,5000,16.95,301.49,47.03,102.49,224.87,67.15,49.75,52.27,85.78,84.79,84.94,87.01,221.73,322.91,279.81,60.65,353.54,60.79,60.43,119.12,5000,175.69,28.93,120.5,148.53,195.7,391.62,210.54,136,9.28,5000,5000,5000
5000,5000,5000,5000,5000,5000,5000,5000,5000,5000,5000,5000,5000,5000,5000,5000,5000,5000,5000,5000,5000,5000,5000,5000,5000,5000,5000,5000,5000,5000,5000,5000,5000,5000,5000,5000,5000
5000,5000,5000,5000,5000,5000,5000,5000,5000,5000,5000,5000,5000,5000,5000,5000,5000,5000,5000,5000,5000,5000,5000,5000,5000,5000,5000,5000,5000,5000,5000,5000,5000,5000,5000,5000,5000
5000,5000,5000,5000,5000,5000,5000,5000,5000,5000,5000,5000,5000,5000,5000,5000,5000,5000,5000,5000,5000,5000,5000,5000,5000,5000,5000,5000,5000,5000,5000,5000,5000,5000,5000,5000,5000
5000,5000,5000,5000,5000,5000,5000,5000,5000,5000,5000,5000,5000,5000,5000,5000,5000,5000,5000,5000,5000,5000,5000,5000,5000,5000,5000,5000,5000,5000,5000,5000,5000,5000,5000,5000,5000
5000,5000,5000,5000,5000,5000,5000,5000,5000,5000,5000,5000,5000,5000,5000,5000,5000,5000,5000,5000,5000,5000,5000,5000,5000,5000,5000,5000,5000,5000,5000,5000,5000,5000,5000,5000,5000
5000,5000,5000,5000,5000,5000,5000,5000,5000,5000,5000,5000,5000,5000,5000,5000,5000,5000,5000,5000,5000,5000,5000,5000,5000,5000,5000,5000,5000,5000,5000,5000,5000,5000,5000,5000,5000
5000,5000,5000,5000,5000,5000,5000,5000,5000,5000,5000,5000,5000,5000,5000,5000,5000,5000,5000,5000,5000,5000,5000,5000,5000,5000,5000,5000,5000,5000,5000,5000,5000,5000,5000,5000,5000
5000,5000,5000,5000,5000,5000,5000,5000,5000,5000,5000,5000,5000,5000,5000,5000,5000,5000,5000,5000,5000,5000,5000,5000,5000,5000,5000,5000,5000,5000,5000,5000,5000,5000,5000,5000,5000
71.07,84.72,292.2,73.16,190.84,228.94,93.91,39.18,171.36,150.95,89.99,170.73,281.52,489.43,481.16,251.53,123.6,371.15,84.09,61.42,64.37,62.21,62.38,52.67,60.19,55.78,55.84,49.62,108.78,100.19,72.18,61.67,245.54,5000,81.3,5000,5000
66.12,76.94,220.13,77.93,113.31,156.89,80.98,33.81,177.55,126.22,77.91,103.77,94.65,445.67,444.01,282.88,115,324.36,71.8,51.06,56.27,52.88,51.01,49.08,51.32,47.57,56.18,49.25,99.72,88.13,62.33,48.44,249.89,319.3,73.77,683.07,5000
89.33,104.61,154.8,179.65,217.9,265.86,135.1,58.83,378.76,258.44,98.63,229.97,266.89,5000,5000,680.26,193.66,415.12,110.39,90.95,95.85,90.66,93.38,74.41,85.28,82.37,87.3,83,195.57,159.29,110.36,81.63,543.87,5000,96.06,5000,5000
140.51,206.17,402.68,267.84,294.2,433.9,204.09,99.76,579.02,312.48,158.97,302.1,5000,5000,5000,609.57,372.23,702.03,157.09,130.03,120.54,128.81,132.59,107.06,113.23,135.15,107.97,104.87,221,196.93,159.86,120.53,5000,5000,173.46,5000,5000
179.44,251.53,5000,244.7,589.61,5000,376.88,129.19,1072.27,5000,232.83,702.51,5000,5000,5000,5000,407.15,5000,325.62,170.91,200.21,170.93,170.2,164.05,158.69,172.28,150.61,148.64,407.52,397.28,264.12,159.07,5000,5000,251.39,5000,5000
231.08,371.67,5000,404.07,660.01,5000,449.77,142.23,1615.55,708.51,208.83,5000,5000,5000,5000,5000,658.68,5000,345.59,185.31,193.63,178.89,178.56,173.77,214.31,162.36,173.5,173.69,531.27,380.45,305.83,161.11,5000,5000,221.81,5000,5000
142.81,162.93,239.15,151.9,163.31,231.66,147.11,66.17,320.39,160.75,105.06,313.19,195.03,365.95,366.53,353.56,214.3,280.46,174.5,87.3,75.46,87.16,87.09,77.23,69.57,67.5,60.9,81.18,139.25,134.69,88.11,70.26,297.67,5000,127.81,5000,5000
190.96,146.25,439.26,123.9,154.86,240.52,135.35,58.12,357.93,147.44,106.27,179.91,380.73,342.22,342.17,332.93,250.76,306.22,143.06,79.42,93.16,79.4,81.78,62.59,77.22,71.66,75.49,67.76,136.43,139.75,85.91,76.54,551.46,5000,177.76,5000,5000
506.53,321.67,5000,255.06,239.27,362.33,186.99,99.3,613.6,220.09,137.17,254.98,5000,693.74,684.44,423.31,392,379.13,438.39,116.76,120.12,114.87,114.95,128.6,107.18,140.44,132.09,115.87,294.6,200.08,148.64,153.79,1254.17,5000,172.16,5000,5000
5000,5000,5000,5000,5000,5000,5000,5000,5000,5000,5000,5000,5000,5000,5000,5000,5000,5000,5000,5000,5000,5000,5000,5000,5000,5000,5000,5000,5000,5000,5000,5000,5000,5000,5000,5000,5000
5000,5000,5000,5000,5000,5000,5000,5000,5000,5000,5000,5000,5000,5000,5000,5000,5000,5000,5000,5000,5000,5000,5000,5000,5000,5000,5000,5000,5000,5000,5000,5000,5000,5000,5000,5000,5000
59.43,4.64,298.23,19.3,106.61,281.57,227.76,42.9,944.12,107.92,84.28,192.91,220.44,302.9,303,236.49,77.04,172.63,0.01,98.93,81.41,100.76,98.16,64.23,72.78,64.57,117.5,65.74,477.04,203.29,79.45,65.07,185.74,0.03,70.75,315.43,5000
250.51,31.12,200.68,503.61,5000,144.46,494.16,188.83,161.82,565.83,126.16,373.56,350.3,5000,5000,5000,526.64,271.52,5000,700.2,63.56,136.71,129.41,309.38,301.29,243.91,327.97,77.46,5000,5000,186.07,102.58,5000,412.07,5000,5000,5000
5000,429.04,5000,31.17,77.42,5000,386.41,324.07,904.03,5000,628.54,5000,5000,234.56,233.26,5000,267.07,538.11,5000,289.15,504.11,399.56,379.67,292.54,94.87,347.87,162.62,553.74,73.68,5000,357.86,299.19,552.27,42.65,512.38,642.78,5000
102.58,82.76,5000,274.4,650.86,5000,133.81,199.77,276.71,5000,163.88,661.63,5000,5000,5000,574.27,562.29,595.16,5000,142.9,504.22,256.06,239.43,88.63,149.67,313.18,265.35,478.05,5000,110.76,456.08,209.55,548.35,5000,483.87,5000,5000
5000,5000,5000,5000,5000,5000,5000,5000,5000,5000,5000,5000,5000,5000,5000,5000,5000,5000,5000,5000,5000,5000,5000,5000,5000,5000,5000,5000,5000,5000,5000,5000,5000,0.41,5000,0.51,5000
5000,5000,5000,5000,5000,5000,5000,5000,5000,5000,5000,5000,5000,5000,5000,5000,5000,5000,5000,5000,5000,5000,5000,5000,5000,5000,5000,5000,5000,5000,5000,5000,5000,0.39,5000,0.49,5000
5000,5000,5000,5000,5000,5000,5000,5000,5000,5000,5000,5000,5000,5000,5000,5000,5000,5000,5000,5000,5000,5000,5000,5000,5000,5000,5000,5000,5000,5000,5000,5000,5000,0.44,5000,0.82,5000
5000,5000,5000,5000,5000,5000,5000,5000,5000,5000,5000,5000,5000,5000,5000,5000,5000,5000,5000,5000,5000,5000,5000,5000,5000,5000,5000,5000,5000,5000,5000,5000,5000,5000,5000,5000,5000
5000,5000,5000,5000,5000,5000,5000,5000,5000,5000,5000,5000,5000,5000,5000,5000,5000,5000,5000,5000,5000,5000,5000,5000,5000,5000,5000,5000,5000,5000,5000,5000,5000,5000,5000,5000,5000
5000,5000,5000,5000,5000,5000,5000,5000,5000,5000,5000,5000,5000,5000,5000,5000,5000,5000,5000,5000,5000,5000,5000,5000,5000,5000,5000,5000,5000,5000,5000,5000,5000,5000,5000,5000,5000
19.01,5000,9.54,16.42,29.39,0.8,0.49,22.33,0.64,209.58,17.2,57.99,32.54,18.57,18.47,33.08,16.41,5.64,3.4,20.96,24.16,44.39,44.58,55.47,3.1,2.63,142.29,105.05,57.73,56.91,13.85,2.44,16.67,133.25,13.65,0.47,0.14
5000,5000,5000,5000,5000,5000,5000,5000,5000,5000,5000,5000,5000,5000,5000,5000,5000,5000,5000,5000,5000,5000,5000,5000,19.61,19.62,5000,5000,5000,5000,5000,5000,5000,6.46,5000,339.71,5000
5000,5000,5000,246.76,5000,5000,5000,5000,5000,5000,5000,5000,5000,5000,5000,5000,5000,5000,5000,5000,5000,5000,5000,5000,5000,5000,5000,5000,5000,5000,5000,5000,5000,4.17,5000,344.87,5000
5000,5000,365.75,56.32,30.02,5000,31.16,706.01,2512.34,27.29,116.86,584.83,491.13,5000,5000,503.86,11.57,224.47,5000,5000,2998.64,5000,5000,2540.67,5000,5000,5000,5000,133.66,28.08,27.26,5000,12.32,212,5000,545.07,5000
5000,5000,5000,199.53,11.38,5000,44.33,5000,5000,80.23,199.62,5000,5000,5000,5000,5000,88.74,5000,5000,21.45,11.17,21.44,21.49,5000,5000,5000,46.55,5000,175.71,332.57,33.91,26.97,15.4,5000,5000,5000,5000
197.81,127.1,411.19,5000,243.72,231.74,129.06,85.84,371.78,172.71,108.82,264.08,299.12,334.81,334.79,326.1,315.03,640.3,0,265.32,125.83,284.81,285.58,137.13,123.61,122.45,113.86,140.73,172.35,243.15,170.99,70.77,5000,5000,84.86,5000,5000
5000,190.74,5000,5000,5000,5000,5000,5000,5000,5000,517.04,5000,5000,5000,5000,5000,5000,5000,0,427.4,5000,5000,5000,5000,586.85,469.76,5000,5000,5000,5000,5000,5000,5000,5000,5000,5000,5000
5000,5000,5000,5000,5000,5000,5000,5000,5000,5000,5000,5000,5000,5000,5000,5000,5000,5000,0,5000,5000,5000,5000,5000,5000,5000,5000,5000,5000,5000,5000,5000,5000,5000,5000,5000,5000
5000,5000,5000,5000,5000,5000,5000,5000,5000,5000,5000,5000,5000,5000,5000,5000,5000,5000,0,5000,5000,5000,5000,5000,5000,5000,5000,5000,5000,5000,5000,5000,5000,5000,5000,5000,5000
5000,5000,5000,5000,5000,5000,5000,5000,5000,5000,5000,5000,5000,5000,5000,5000,5000,5000,0,5000,5000,5000,5000,5000,5000,5000,5000,5000,5000,5000,5000,5000,5000,5000,5000,5000,5000
5000,5000,5000,5000,5000,5000,5000,5000,5000,5000,5000,5000,5000,5000,5000,5000,5000,5000,0,5000,5000,5000,5000,5000,5000,5000,5000,5000,5000,5000,5000,5000,5000,5000,5000,5000,5000
5000,95.63,331.69,69.32,85.61,17.14,61.09,15.51,96.93,178.3,48.27,105.07,105.85,26.27,26.3,26.32,31.58,221.38,20.72,141.47,157.52,142.19,141.98,48.29,289.47,290.31,108.5,48.9,82.58,184.77,23.26,72.8,103.48,8.78,65.34,5000,5000
5000,5000,5000,5000,5000,5000,5000,5000,5000,5000,5000,5000,5000,5000,5000,5000,5000,5000,5000,5000,5000,5000,5000,5000,5000,5000,5000,5000,5000,5000,5000,5000,5000,5000,5000,5000,5000
5000,5000,5000,5000,5000,5000,5000,5000,5000,5000,5000,5000,5000,5000,5000,5000,5000,5000,5000,5000,5000,5000,5000,5000,5000,5000,5000,5000,5000,5000,5000,5000,5000,5000,5000,5000,41.25
5000,5000,5000,5000,5000,5000,5000,5000,5000,5000,5000,5000,5000,5000,5000,5000,2.75,5000,5000,5000,5000,5000,5000,5000,5000,5000,5000,5000,5000,5000,5000,5000,5000,5000,5000,5000,5000
5000,5000,5000,5000,5000,5000,5000,5000,5000,5000,5000,5000,5000,5000,5000,5000,2.77,5000,5000,5000,5000,5000,5000,5000,5000,5000,5000,5000,5000,5000,5000,5000,5000,5000,5000,5000,5000
118.6,494.69,5000,441.79,161.27,449.07,435.58,172.39,470.22,387.44,389.9,487.46,365.5,497.09,496.5,366.15,627.51,354.01,5000,328.07,299.65,526.63,510.84,210.03,448.66,429.48,387.2,206.03,449.13,350.02,245.9,311.24,5000,647.45,111.18,5000,5000
336.7,677.72,5000,670.07,109.31,590.94,489.89,201.84,625.99,536.91,421.86,467.33,643.75,588.06,590.27,641.53,5000,651.39,5000,326.19,339.86,539.56,534.99,268.82,323.45,320.76,295.09,246.1,395.62,408.9,367.68,317.66,5000,5000,104.82,5000,5000
349.06,5000,5000,5000,262.9,5000,5000,593.52,705.85,5000,5000,5000,5000,5000,5000,5000,5000,5000,5000,682.75,679.07,699.38,689.68,646.45,5000,706.8,676.95,5000,5000,5000,605.34,5000,5000,5000,263.17,5000,5000
303.43,5000,5000,5000,267.96,5000,5000,5000,5000,5000,5000,5000,5000,5000,5000,5000,5000,5000,5000,704.96,5000,5000,5000,5000,5000,5000,5000,5000,5000,5000,706.93,5000,5000,5000,317.61,5000,5000
497.03,5000,5000,5000,432.31,5000,5000,5000,5000,5000,5000,5000,5000,5000,5000,5000,5000,5000,5000,5000,5000,5000,5000,5000,5000,5000,5000,5000,5000,5000,5000,5000,5000,5000,490.97,5000,5000
597.97,5000,5000,5000,557.34,5000,5000,5000,5000,5000,5000,5000,5000,5000,5000,5000,5000,5000,5000,5000,5000,5000,5000,5000,5000,5000,5000,5000,5000,5000,5000,5000,5000,5000,576.69,5000,5000
584.96,5000,5000,5000,491.39,5000,5000,5000,5000,5000,5000,5000,5000,5000,5000,5000,5000,5000,5000,5000,5000,5000,5000,5000,5000,5000,5000,5000,5000,5000,5000,5000,5000,5000,564.31,5000,5000
545.15,5000,5000,5000,5000,5000,5000,5000,5000,5000,489.64,5000,5000,5000,5000,5000,0.7,5000,5000,5000,5000,5000,5000,5000,5000,5000,5000,5000,5000,5000,5000,5000,5000,5000,399.27,5000,7.85
1.08,5000,5000,358.12,5000,5000,5000,5000,5000,5000,512,5000,5000,5000,5000,5000,5000,5000,5000,5000,5000,5000,5000,5000,5000,5000,5000,5000,5000,5000,5000,5000,5000,5000,1.13,5000,28.11
1.06,5000,5000,0.24,5000,5000,5000,5000,5000,5000,522.87,5000,5000,5000,5000,5000,5000,5000,5000,5000,5000,5000,5000,5000,5000,5000,5000,5000,5000,5000,5000,5000,5000,5000,181.71,5000,2.29
1.13,63.07,5000,0.26,5000,5000,5000,5000,5000,5000,707.8,5000,5000,5000,5000,5000,0.77,5000,5000,5000,5000,5000,5000,5000,5000,5000,5000,5000,5000,5000,5000,5000,5000,5000,165.95,5000,85.59
5000,5000,204.71,5000,184.87,196.13,157.03,1196.18,169.72,169.96,68.62,90.17,89.29,83.21,83.01,66.34,123.48,98.12,316.51,384.5,211.8,218.04,216.16,246.06,5000,5000,801.37,202.3,147.52,105.51,171.95,787,525.36,98.87,5000,5000,5000
5000,5000,242.55,73.6,227.25,86.37,96.13,439.38,120.67,248.27,116.22,77.99,63.74,130.01,129.7,75.02,105.28,143.86,293.96,170.11,68.85,90.48,91.62,273.75,154.41,181.35,307.86,207.62,162.13,122.95,85.43,431.45,5000,19.68,5000,5000,5000
51.51,0.61,30.77,32.49,94.93,47.08,17.64,1544.44,31.35,78.35,64.82,27.37,20.21,17.32,17.8,30.1,29.32,25.41,39.18,12.87,27.86,13.09,12.91,22.64,20.08,28.14,27.36,22.79,6.77,20.67,28.84,25.01,129.61,24.1,62.55,567.68,5000
5000,5000,5000,5000,5000,5000,5000,5000,5000,5000,5000,5000,5000,5000,5000,5000,5000,5000,5000,5000,5000,5000,5000,5000,5000,5000,5000,5000,5000,5000,5000,5000,5000,5000,5000,5000,5000
65.24,50.36,163.77,117.92,259.95,134.83,256.71,209.82,260.5,277.52,95.84,105.12,104.82,130.13,130.47,128.33,259.9,131.31,103.19,212.97,203.26,213.16,215.46,219.22,277.69,266.23,205.68,206.9,274.3,288.42,252.41,277.06,450.68,201.24,103.08,5000,5000
369.68,171.64,535.78,276.25,5000,563.03,5000,705.33,930.81,5000,437.57,297.01,516.45,589.17,598.85,545.23,5000,510.69,275.16,395.97,635.74,393.06,380.48,484.01,508.61,514.66,463.18,548.69,5000,627.38,508.74,5000,5000,606.34,148.78,5000,5000
498.47,410.74,493.86,530.69,619.67,485.87,5000,5000,5000,5000,5000,332.3,485.03,462.06,468.8,373.58,5000,487.2,5000,5000,5000,5000,911.69,5000,5000,5000,5000,5000,698.73,5000,5000,5000,5000,423.24,5000,5000,5000
17.44,18.25,221.41,111.07,9.5,5000,24.65,14.02,2500.44,10.49,14.94,102.64,35.26,33.02,32.99,23.85,7.66,26.27,5000,24.92,25.79,67.39,67.38,15.21,30.22,29.71,8.73,15.33,32.51,26.99,10.76,18.91,10.92,41.51,17.51,5000,5000
100.03,61.45,198.33,91.17,124.68,178.25,150.15,102.39,179.75,117.93,181.27,78.68,183.81,195.52,190.73,198.19,159.42,164.76,139.07,84.04,90.55,84,83.31,77.22,81.82,79.38,80.3,78.71,106.4,135.7,136.1,83.53,201.52,101.41,114.55,295.63,5000
180.48,156.81,278.79,112.34,175.61,270.43,195.19,127.24,280.62,182.44,275.92,125.04,223.49,246.74,244.41,247.43,252.14,262.21,155.05,98.21,102.69,98.58,101.22,98.21,112.05,102.27,99.05,101.14,160.9,177.37,163.42,102.37,226.13,134.92,163.89,318.76,5000
5000,220.2,5000,576.12,172.35,5000,200.38,350.84,212.76,404.75,5000,5000,5000,5000,5000,5000,5000,5000,5000,503.88,390.71,504.34,492.27,387.66,483.3,483.11,387.78,388.89,156.45,273.32,302.44,423.26,449.21,94.36,5000,5000,5000
5000,406.09,5000,5000,331.07,5000,337.06,493.42,266.81,5000,5000,5000,5000,5000,5000,5000,5000,5000,5000,5000,609.71,5000,5000,717.35,490.98,495.39,784.9,714.27,287.22,413.58,396.11,360,5000,402.23,5000,5000,5000
150.44,71.99,5000,223.16,101.58,233.8,76.13,68.55,66.49,52.82,160.66,244.83,160.71,157.73,158,158.31,126.56,134.11,511.09,139.23,145.64,139.88,138.78,88.19,119.68,119.3,123.74,87.73,99.77,75.96,84.16,172.28,179.79,72.99,271.91,5000,5000
257.25,73.75,5000,82.73,38.92,84.65,37.34,37.81,37.14,28.78,132.75,143.32,142.01,139.24,139.28,140.31,183.66,199.1,119.71,51.18,51.63,51.4,51.43,37.44,71.21,71.24,38.45,37.86,38.85,38.6,38.46,69.9,39.66,87.21,37.01,5000,5000
146.44,4.85,5000,3.43,53.04,4.6,53.28,53.56,52.99,17.34,3.77,3.76,4.14,3.93,3.88,3.71,3.33,4.52,57.74,68.17,68.55,68.54,68.4,51.63,75.27,75.02,52.78,52.3,54.14,53.73,53.18,79.8,16.29,75.34,51.57,5000,5000
5000,147.53,5000,247.84,111.74,5000,154.05,108.91,196.92,63.53,174.85,94.65,107.68,106.27,106.04,107.55,104.12,126.03,390.21,154.23,135.69,154.27,154.09,119.23,161.54,162.79,124.08,119.92,109.31,122.54,112.62,158.97,132.77,128.97,195.64,5000,5000
5000,81.06,5000,42.7,65.47,68.77,62.71,62.7,59.74,33.98,23.91,43.45,23.08,22.62,22.58,22.49,18.09,24.83,80.39,78.84,89.73,79.02,79.12,61.43,110.65,110.54,63.89,61.77,66.17,65.17,61.62,100.82,34.14,71.35,106.59,5000,5000
166.54,59.01,5000,140.97,103.96,150.17,67.38,76.12,70.71,70.67,76.94,104.79,66.14,65.07,64.93,65.4,227.28,149.04,226.07,66.16,68.9,65.6,65.37,77.12,101.74,100.9,85.73,77.46,62.24,59.41,78.06,87.94,57.14,72.96,124.69,5000,5000
355.82,617.32,304.23,91.16,119.19,41.8,16.61,149.16,15.82,678.58,5000,5000,5000,5000,5000,5000,5000,354.12,98.15,86.3,65.58,49.48,48.83,57.66,311.81,145.11,36.38,168.94,16.66,13.27,53.18,174.36,5000,346.78,176.76,5000,5000
571.03,654.55,172.72,180.48,653.48,144.98,39.41,166.15,32.31,5000,5000,258.83,375.13,5000,5000,5000,5000,5000,134.77,169.78,127.21,194.27,193.97,168.78,224.63,260.19,227.52,184.11,38.6,46.89,59.08,186.61,5000,5000,5000,5000,5000
442.84,11.53,5000,217.03,5000,5000,5000,5000,5000,5000,446.45,5000,5000,5000,5000,5000,5000,5000,0.04,5000,5000,5000,5000,5000,331.23,449.22,5000,5000,5000,5000,5000,599.21,5000,5000,600.31,5000,5000
5000,33.83,5000,5000,5000,5000,5000,5000,5000,5000,5000,5000,5000,5000,5000,5000,5000,5000,5000,5000,5000,5000,5000,5000,5000,471.35,5000,5000,5000,5000,5000,5000,5000,5000,5000,5000,5000
5000,5000,5000,5000,5000,5000,5000,5000,5000,5000,5000,5000,5000,5000,5000,5000,5000,5000,5000,5000,5000,5000,5000,5000,5000,5000,5000,5000,5000,5000,5000,5000,5000,5000,5000,5000,5000
5000,5000,5000,5000,5000,5000,5000,5000,5000,5000,5000,5000,5000,5000,5000,5000,5000,5000,5000,5000,5000,5000,5000,5000,5000,5000,5000,5000,5000,5000,5000,5000,5000,5000,5000,5000,5000
235.92,9.18,5000,270.48,5000,5000,217.1,225.17,2273.98,5000,67.01,5000,5000,5000,5000,5000,5000,5000,0.02,170.49,171.58,170.03,170.76,225.42,157.71,229.66,170.39,145.76,326.84,184.8,108.74,344.59,5000,5000,338.48,5000,5000
5000,5000,5000,5000,5000,5000,5000,5000,5000,5000,5000,5000,5000,5000,5000,5000,5000,5000,5000,5000,5000,5000,5000,5000,5000,5000,5000,5000,5000,5000,5000,5000,5000,5000,5000,5000,5000
1.56,2.48,69.59,5.09,10.13,124.08,15.65,0.88,74.43,9.17,35.23,9.88,31.68,29.68,28.94,32.28,7.85,16.32,7.6,0.99,7.82,1,1,3.15,2.68,5.16,0.32,3.25,4.96,9.35,3.66,2.32,1.15,12.59,0.55,0.22,0.89
2.2,3.3,11.56,41.73,2.4,3.8,4.13,2.7,564.34,1.68,36.73,2.53,69.49,8.8,8.85,73.78,14.86,73.52,198.51,1.67,2.72,1.67,1.66,1.43,0.44,0.43,2.74,1.46,146.92,3.09,1.89,0.47,2.07,107.77,3.35,5000,5000
3.67,5.14,5000,55.92,8.93,5.27,8,2.9,2464.32,5.31,41.99,4.31,5000,5000,5000,5000,5000,5000,5000,5.05,7.75,5.12,4.91,3.23,7.65,7.32,3.3,3.22,5000,11,5.16,7.56,2.4,5000,4.72,5000,5000
6.84,0.71,3.91,103.98,5000,34.97,297.61,2831.86,165.89,5000,5000,5000,5000,5000,5000,5000,5000,1.33,54.93,3.4,3.36,3.44,3.41,5000,5000,5000,5000,5000,5000,5000,5000,5000,5000,4.37,5000,5000,5000
5000,34.48,5000,5000,5000,59.44,5000,5000,199.61,5000,5000,5000,5000,5000,5000,5000,5000,40.32,85.49,5000,5000,5000,5000,5000,5000,5000,5000,5000,5000,5000,5000,2561.33,5000,47.72,5000,5000,5000
5000,12.1,14.31,345.06,5000,266.35,86.8,2631.96,82.97,5000,5000,5000,5000,5000,5000,5000,5000,10.22,42.61,5000,5000,5000,5000,5000,17.89,26.37,5000,5000,5000,5000,5000,5000,5000,4.09,5000,5000,5000
5000,1.66,5.24,112.75,5000,218.79,538.14,5000,5000,5000,5000,5000,5000,5000,5000,5000,5000,1.93,39.27,5000,5000,5000,5000,5000,7.07,7.13,5000,5000,5000,5000,5000,5.36,5000,4.25,5000,5000,5000
5000,170.16,5000,5000,5000,7.37,135.24,5000,73.97,5000,5000,5000,5000,5000,5000,5000,5000,13.24,147.45,5000,5000,5000,5000,5000,5000,5000,5000,5000,5000,5000,5000,3017.05,5000,4.23,5000,5000,5000
5000,13.98,15.78,419.1,5000,211.26,250.98,3353.76,5000,5000,5000,5000,5000,5000,5000,5000,5000,5000,39.02,5000,5000,5000,5000,5000,5000,5000,5000,5000,5000,5000,5000,2556.23,5000,4.22,5000,5000,5000
0.6,0.4,2.15,40.22,5000,2.2,2.15,2510.1,2.16,5000,5000,5000,5000,5000,5000,5000,5000,0.85,34.7,2.14,2.13,2.13,2.13,5000,2.16,2.14,5000,5000,5000,5000,5000,2.12,5000,4.47,3.24,5000,5000
5000,1.58,8.22,259.83,5000,153.18,44.3,5000,108.07,5000,5000,5000,5000,5000,5000,5000,5000,2.71,39.5,5000,5000,5000,5000,5000,18.19,18.48,5000,5000,5000,5000,5000,2499.25,5000,4.25,5000,5000,5000
1.2,0.5,2.26,47.23,5000,1.36,2.74,2499.27,2.76,5000,5000,5000,5000,5000,5000,5000,5000,0.84,37.77,2.26,2.25,2.25,2.28,5000,2.52,2.52,5000,5000,5000,5000,5000,2.45,5000,4.31,5000,5000,5000
5000,174.29,5000,5000,5000,174.05,92.1,2702.39,158.08,5000,5000,78.51,5000,5000,5000,5000,5000,5000,92.5,5000,5000,5000,5000,5000,5000,5000,5000,5000,5000,5000,5000,2570.19,5000,4.28,5000,5000,5000
1.23,0.58,2.3,47.56,5000,99.24,2.38,597.85,2.37,5000,5000,5000,5000,5000,5000,5000,5000,0.86,37.78,2.24,2.26,2.26,2.27,5000,2.73,2.74,5000,5000,5000,5000,5000,2.67,5000,4.31,3.43,5000,5000
5000,22.62,16.43,427.34,5000,226.69,5000,5000,5000,5000,5000,5000,5000,5000,5000,5000,5000,12.77,91.3,5000,5000,5000,5000,5000,5000,5000,5000,5000,5000,5000,5000,2845.95,5000,4.23,5000,5000,5000
5000,4.77,6.14,305.41,5000,5000,302.17,5000,5000,5000,5000,5000,5000,5000,5000,5000,5000,2.72,42.84,5000,5000,5000,5000,5000,18.67,21.3,5000,5000,5000,5000,5000,2600.09,5000,4.29,5000,5000,5000
1.2,0.79,2.73,55.62,5000,33.73,32.4,2573.56,8.95,5000,5000,5000,5000,5000,5000,5000,5000,1.18,33.26,2.68,2.69,2.69,2.67,5000,3.03,3.05,5000,5000,5000,5000,5000,2.98,5000,5.19,5000,5000,5000
5000,0.65,4.44,48.76,5000,101.75,24.33,2626.79,15.18,5000,5000,5000,5000,5000,5000,5000,5000,1.18,34.5,2.77,2.77,2.8,2.8,5000,3.04,3.04,5000,5000,5000,5000,5000,2.96,5000,4.29,5000,5000,5000
5000,457.36,5000,5000,5000,53.36,5000,5000,5000,5000,5000,5000,5000,5000,5000,5000,5000,5000,382.09,5000,5000,5000,5000,5000,5000,5000,5000,5000,5000,5000,5000,3056.81,5000,4.26,5000,5000,5000
27.4,0.95,3.4,58.29,5000,582.39,42.64,4380.11,5.06,5000,5000,5000,5000,5000,5000,5000,5000,1.33,33.74,2.88,2.91,2.91,2.9,5000,4.28,4.29,5000,5000,5000,5000,5000,4.22,5000,4.35,5000,5000,5000
5000,5000,5000,5000,5000,5000,5000,5000,5000,5000,5000,5000,5000,5000,5000,5000,5000,5000,5000,5000,5000,5000,5000,5000,5000,5000,5000,5000,5000,5000,5000,5000,5000,0.31,5000,0.65,5000
5000,5000,5000,5000,5000,5000,5000,5000,5000,5000,5000,5000,5000,5000,5000,5000,5000,5000,5000,5000,5000,5000,5000,5000,5000,5000,5000,5000,5000,5000,5000,5000,5000,0.35,5000,0.86,5000
148.79,238.9,5000,286.87,387.4,516.04,328.45,157.66,595.08,401.97,264.25,369.03,451.74,505.94,504.69,528.38,393.73,551.3,260.76,181.3,185.49,177.53,182.61,161.92,173.25,167.68,162.39,171.96,323.12,324.44,256.7,161.1,5000,5000,154.6,5000,5000
291.26,590.5,5000,709.06,5000,5000,5000,328.94,2150.11,5000,502.84,5000,5000,5000,5000,5000,5000,5000,663.41,422.23,436.82,421.73,387.67,344.92,346.35,335,369.5,355.39,5000,5000,674.92,338.59,5000,5000,290.88,5000,5000
702.7,5000,5000,5000,5000,5000,5000,5000,5000,5000,5000,5000,5000,5000,5000,5000,5000,5000,5000,5000,5000,5000,5000,5000,5000,5000,5000,5000,5000,5000,5000,5000,5000,5000,661.8,5000,5000
5000,5000,5000,5000,5000,5000,5000,5000,5000,5000,5000,5000,5000,5000,5000,5000,5000,5000,5000,5000,5000,5000,5000,5000,5000,5000,5000,5000,5000,5000,5000,5000,5000,5000,5000,5000,5000
5000,5000,5000,5000,5000,5000,5000,5000,5000,5000,5000,5000,5000,5000,5000,5000,5000,5000,5000,5000,5000,5000,5000,5000,5000,5000,5000,5000,5000,5000,5000,5000,5000,5000,5000,5000,5000
5000,5000,5000,5000,5000,5000,5000,5000,5000,5000,5000,5000,5000,5000,5000,5000,5000,5000,5000,5000,5000,5000,5000,5000,5000,5000,5000,5000,5000,5000,5000,5000,5000,5000,5000,5000,5000
5000,5000,5000,5000,5000,5000,5000,5000,5000,5000,5000,5000,5000,5000,5000,5000,5000,5000,5000,5000,5000,5000,5000,5000,5000,5000,5000,5000,5000,5000,5000,5000,5000,5000,5000,5000,5000
8.14,11.33,115.46,1.5,75.29,75.15,73.47,73.7,73.67,72.33,76.25,72.55,50.78,73.9,73.21,74.9,76.08,75.3,26.17,81.95,82.26,82.31,81.72,76.64,77.47,77.59,76.84,75.68,73.38,73.81,74.34,78.88,71.58,16.12,73.76,5000,5000
17.85,32.06,186.66,1.49,134.59,136.46,131.9,130.94,133.49,128.36,135.86,131.04,108.04,129.51,129.91,132.89,134.25,133.59,54.05,142.71,144.59,141.83,141.82,134.11,140.13,136.99,133.32,134.16,129.32,131.77,133.83,139.93,124.34,19.65,130.86,282.43,5000
161.81,6.29,157.7,3.73,145.25,149.14,143.29,143.22,143.14,140.98,147.6,142.66,90.85,142.56,142.88,144.89,148.16,146.08,47.76,151.68,151.94,149.99,148.98,146.8,144.88,144.86,150.01,147.09,143.52,143.05,146.2,146.9,138.7,21.71,142.83,23.91,5000
523.74,18.98,104.79,78.3,29.14,1.32,8.65,3.19,2.94,454.42,62.67,1.11,1.43,256.7,257.34,226.6,1.54,180.61,116.85,108.05,182.17,48.24,48.35,2.78,68.72,47.19,312.78,2.74,2.79,3.96,8.91,16.42,5000,372.37,2.57,5000,5000
5000,4.9,5000,64.53,178.99,511.92,105.68,374.12,415.96,5000,5000,1.49,2.25,477.96,478.02,5000,78.51,5000,62.59,42.21,7.77,29.5,29.9,2.25,636.76,63.46,61.08,2.22,3.74,3.07,50.71,660.89,5000,5000,5000,5000,5000
225.3,401.65,397.2,245.27,295.51,329.04,272.66,192.63,430.88,283.33,278.81,265.23,308.55,338.69,345.51,268.38,441.73,275.4,478.08,221.93,251.72,217.99,212.33,182.41,183.39,166.79,224.59,180.59,220.27,151.32,139.97,252.47,5000,367.85,27.19,5000,5000
5000,5000,5000,5000,5000,5000,5000,5000,5000,5000,5000,5000,5000,5000,5000,5000,5000,5000,5000,5000,5000,5000,5000,5000,5000,5000,5000,5000,5000,5000,5000,5000,5000,5000,5000,5000,5000
5000,5000,5000,5000,5000,5000,5000,5000,5000,5000,5000,5000,5000,5000,5000,5000,5000,5000,5000,5000,5000,5000,5000,5000,5000,5000,5000,5000,5000,5000,5000,5000,5000,5000,5000,5000,5000
5000,5000,5000,5000,5000,5000,5000,5000,5000,5000,5000,5000,5000,5000,5000,5000,5000,5000,5000,5000,5000,5000,5000,5000,5000,5000,5000,5000,5000,5000,5000,5000,5000,5000,5000,5000,5000
5000,5000,5000,5000,5000,5000,5000,5000,5000,5000,5000,5000,5000,5000,5000,5000,5000,5000,5000,5000,5000,5000,5000,5000,5000,5000,5000,5000,5000,5000,5000,5000,5000,5000,104.42,5000,5000
5000,5000,5000,5000,5000,5000,5000,5000,5000,5000,5000,5000,5000,5000,5000,5000,5000,5000,5000,5000,5000,5000,5000,5000,5000,5000,5000,5000,5000,5000,5000,5000,5000,5000,5000,5000,5000
5000,5000,5000,5000,5000,5000,5000,5000,5000,5000,5000,5000,5000,5000,5000,5000,5000,5000,5000,5000,5000,5000,5000,5000,5000,5000,5000,5000,5000,5000,5000,5000,5000,5000,5000,5000,5000
200.96,451.93,412.36,194.52,207.55,347.78,225.34,208.7,423.15,295.51,313.69,250.62,317.21,384.85,385.09,315.25,296.85,329.57,450.54,280.36,195.05,270.4,262.66,211.6,236.53,210.79,196.19,205.4,158.44,299,231.87,215.09,664.36,365.83,172.41,5000,5000
5000,5000,5000,5000,5000,5000,5000,5000,5000,5000,5000,5000,5000,5000,5000,5000,5000,5000,5000,5000,5000,5000,5000,5000,5000,5000,5000,5000,5000,5000,5000,5000,5000,5000,5000,5000,5000
5000,5000,5000,5000,5000,5000,5000,5000,5000,5000,5000,5000,5000,5000,5000,5000,5000,5000,5000,5000,5000,5000,5000,5000,5000,5000,5000,5000,5000,5000,5000,5000,5000,5000,5000,5000,5000
7.51,2.95,8.23,5.67,7.57,16.14,8.85,20.24,5.71,12.42,4.87,1.62,9,9.98,10.03,12.16,4.56,1.34,21.35,24.11,22.85,17.2,17.03,1.8,22.04,11.92,16.99,1.8,0.49,0.45,1.52,15.54,7.64,8.01,15.64,366.6,5000
292.85,360.23,203.04,521.26,255.72,471.03,496.52,102.39,135.54,382.22,469.81,125.26,41.64,475.32,475.18,132.85,49.17,32.16,5000,296.15,178.31,302.96,290.65,512.77,284.54,117.27,196.89,5000,180.51,29.88,179.37,176.3,468.81,5000,345.6,5000,5000
5000,5000,5000,5000,5000,5000,5000,5000,5000,5000,5000,5000,5000,5000,5000,5000,5000,5000,5000,5000,5000,5000,5000,5000,5000,5000,5000,5000,5000,5000,5000,5000,5000,5000,311.84,5000,5000
5000,5000,5000,5000,5000,5000,5000,5000,5000,5000,5000,5000,5000,5000,5000,5000,5000,5000,5000,5000,5000,5000,5000,5000,5000,5000,5000,5000,5000,5000,5000,5000,5000,5000,5000,5000,5000
5000,5000,5000,5000,5000,5000,5000,5000,5000,5000,5000,5000,5000,5000,5000,5000,5000,5000,5000,5000,5000,5000,5000,5000,5000,5000,5000,5000,5000,5000,5000,5000,5000,5000,5000,5000,5000
5000,5000,5000,5000,5000,5000,5000,5000,5000,5000,5000,5000,5000,5000,5000,5000,5000,5000,5000,5000,5000,5000,5000,5000,5000,5000,5000,5000,5000,5000,5000,5000,5000,5000,5000,5000,5000
5000,5000,5000,5000,5000,5000,5000,5000,5000,5000,5000,5000,5000,5000,5000,5000,5000,5000,5000,5000,5000,5000,5000,5000,5000,5000,5000,5000,5000,5000,5000,5000,5000,5000,5000,5000,5000
5000,5000,5000,326.22,98.75,573.33,533.7,218.98,178.84,365.98,401.29,5000,448.33,110.95,113.75,60.96,387.68,5000,5000,154.63,376.75,154.18,152.37,30.03,224.15,406.72,111.1,30.67,327.5,395.9,352.47,296.02,5000,5000,159.32,5000,5000
5000,5000,5000,5000,5000,5000,5000,5000,5000,5000,5000,5000,5000,5000,5000,5000,5000,5000,5000,5000,5000,5000,5000,5000,5000,5000,5000,5000,5000,5000,5000,5000,5000,5000,5000,5000,5000
5000,5000,5000,5000,5000,5000,5000,5000,5000,5000,5000,5000,5000,5000,5000,5000,5000,5000,5000,5000,5000,5000,5000,5000,5000,5000,5000,5000,5000,5000,5000,5000,5000,5000,5000,5000,5000
241.42,19.87,88.49,5000,413.18,604.85,690.67,5000,5000,286.11,475.79,483.87,486.12,504.75,504.55,563.59,540.8,548.6,5000,5000,5000,5000,5000,683.6,5000,5000,5000,5000,5000,594.6,608.3,5000,551.54,5000,201.51,5000,5000
5000,5000,5000,5000,5000,5000,5000,5000,5000,5000,5000,5000,5000,5000,5000,5000,5000,5000,5000,5000,5000,5000,5000,5000,5000,5000,5000,5000,5000,5000,5000,122.04,5000,5000,5000,5000,5000
5000,5000,5000,5000,5000,5000,5000,5000,5000,5000,5000,5000,5000,5000,5000,5000,5000,5000,5000,5000,5000,5000,5000,5000,5000,5000,5000,5000,5000,5000,5000,5000,5000,5000,5000,5000,5000
5000,5000,5000,5000,5000,5000,5000,5000,5000,5000,5000,5000,5000,5000,5000,5000,5000,5000,5000,5000,5000,5000,5000,5000,5000,5000,5000,5000,5000,5000,5000,5000,5000,5000,5000,5000,5000
5000,5000,5000,5000,5000,5000,5000,5000,5000,5000,5000,5000,5000,5000,5000,5000,5000,5000,5000,5000,5000,5000,5000,5000,5000,5000,5000,5000,5000,5000,5000,131.45,5000,5000,5000,5000,5000
5000,5000,5000,5000,5000,5000,5000,5000,5000,5000,5000,5000,5000,5000,5000,5000,5000,5000,5000,5000,5000,5000,5000,5000,5000,5000,5000,5000,5000,5000,5000,5000,5000,5000,5000,5000,5000
87.61,5000,5000,5000,43.49,5000,621.1,5000,2775.57,84.35,5000,5000,5000,5000,5000,5000,69.12,17.35,5000,5000,5000,5000,5000,5000,586.18,490.82,5000,5000,69.34,617.24,492.85,114.96,5000,20.11,113.2,5000,5000
5000,5000,5000,5000,5000,5000,5000,5000,5000,5000,5000,5000,5000,5000,5000,5000,5000,5000,5000,5000,5000,5000,5000,5000,5000,5000,5000,5000,5000,5000,5000,5000,5000,5000,5000,5000,5000
5000,5000,5000,5000,5000,5000,5000,5000,5000,5000,5000,5000,5000,5000,5000,5000,5000,5000,5000,5000,5000,5000,5000,5000,5000,5000,5000,5000,5000,5000,5000,5000,5000,5000,5000,5000,5000
5000,5000,5000,5000,5000,5000,5000,5000,5000,5000,5000,5000,5000,5000,5000,5000,5000,5000,5000,5000,5000,5000,5000,5000,5000,5000,5000,5000,5000,5000,5000,5000,5000,5000,5000,5000,5000
5000,5000,5000,5000,5000,5000,5000,5000,5000,5000,5000,5000,5000,5000,5000,5000,5000,5000,5000,5000,5000,5000,5000,5000,5000,5000,5000,5000,5000,5000,5000,5000,5000,5000,5000,5000,5000
5000,5000,5000,5000,5000,5000,5000,5000,5000,5000,5000,5000,5000,5000,5000,5000,5000,5000,5000,5000,5000,5000,5000,5000,5000,5000,5000,5000,5000,5000,5000,5000,5000,5000,5000,5000,5000
5000,5000,5000,5000,5000,5000,5000,5000,5000,5000,5000,5000,5000,5000,5000,5000,5000,5000,5000,5000,5000,5000,5000,5000,5000,5000,5000,5000,5000,5000,5000,5000,5000,5000,5000,5000,5000
5000,342.23,260.98,544.94,268.76,309.92,5000,5000,930.11,410.78,327.68,266.95,340.75,338.53,334.42,416.99,5000,376.08,5000,5000,5000,5000,5000,5000,5000,5000,5000,5000,470.61,5000,5000,5000,5000,348.18,5000,520.32,5000
5000,5000,5000,5000,5000,5000,5000,5000,5000,5000,5000,5000,5000,5000,5000,5000,5000,5000,5000,5000,5000,5000,5000,5000,5000,5000,5000,5000,5000,5000,5000,5000,5000,5000,5000,5000,5000
5000,5000,5000,5000,5000,5000,5000,5000,5000,5000,5000,5000,5000,5000,5000,5000,5000,5000,5000,5000,5000,5000,5000,5000,5000,5000,5000,5000,5000,5000,5000,5000,5000,5000,5000,5000,5000
5000,5000,5000,5000,5000,5000,5000,5000,5000,5000,5000,5000,5000,5000,5000,5000,5000,5000,5000,5000,5000,5000,5000,5000,5000,5000,5000,5000,5000,5000,5000,5000,5000,5000,5000,5000,5000
5000,5000,5000,5000,5000,5000,5000,5000,5000,5000,5000,5000,5000,5000,5000,5000,5000,5000,5000,5000,5000,5000,5000,5000,5000,5000,5000,5000,5000,5000,5000,5000,5000,5000,5000,5000,5000
5000,5000,5000,5000,5000,5000,5000,5000,5000,5000,5000,5000,5000,5000,5000,5000,5000,5000,5000,5000,5000,5000,5000,5000,5000,5000,5000,5000,5000,5000,5000,5000,5000,5000,5000,5000,5000
5000,526.66,5000,21.98,5000,5000,5000,5000,700.74,5000,5000,87.5,5000,5000,5000,5000,5000,5000,101.24,749.59,125.35,703.08,679.61,2757.98,5000,5000,2583.94,2565.46,5000,5000,5000,2756.8,5000,85.07,5000,201.49,5000
5000,5000,5000,43.05,5000,5000,5000,5000,5000,5000,5000,5000,5000,5000,5000,5000,5000,5000,186.22,2599.72,2591.36,2607.86,2583,2668.72,5000,5000,2598.97,2603.77,5000,5000,5000,2604.32,5000,274.57,5000,394.59,5000
5000,5000,5000,115.23,5000,5000,5000,5000,5000,5000,5000,5000,5000,5000,5000,5000,5000,5000,561.91,2605,2635.98,2619.37,2619.42,2631.88,5000,5000,2644.96,2638.38,5000,5000,5000,2645.53,5000,234.76,5000,383.8,5000
5000,5000,5000,410.24,5000,5000,5000,5000,5000,5000,5000,5000,5000,5000,5000,5000,5000,5000,5000,2741.23,2694.79,2755.75,2715.14,2744.97,5000,5000,2722.35,2730.06,5000,5000,5000,2733.59,5000,5000,5000,5000,5000
5000,5000,5000,5000,5000,5000,5000,5000,5000,5000,5000,5000,5000,5000,5000,5000,5000,5000,5000,2748.11,2785.46,2808.97,2783.21,2844.23,5000,5000,2816.08,2810.24,5000,5000,5000,2825.12,5000,5000,5000,5000,5000
5000,5000,5000,5000,5000,5000,5000,5000,5000,5000,5000,5000,5000,5000,5000,5000,5000,5000,5000,2792.23,2755.67,2806.13,2794.42,2792.24,5000,5000,2803.2,2796.49,5000,5000,5000,2781.86,5000,5000,5000,5000,5000
5000,5000,5000,5000,5000,5000,5000,5000,5000,5000,5000,5000,5000,5000,5000,5000,5000,5000,5000,2809.66,2811.41,2782.53,2827.61,2818.69,5000,5000,2784.09,2803.71,5000,5000,5000,2802.61,5000,5000,5000,5000,5000
